SalesOrderID,DateKey,ProductKey,CustomerKey,RegionKey,SalespersonKey,Quantity,UnitPrice,DiscountPct,SalesAmount,COGS,Profit
SO105021,20230101,16,36,1,12,2,1599000,0.0,3198000,1840000,1358000
SO109119,20230101,12,142,8,2,1,299000,0.0,299000,120000,179000
SO100738,20230101,18,290,14,11,5,649000,0.0,3245000,1600000,1645000
SO109096,20230101,1,146,1,3,4,13999000,0.0,55996000,39200000,16796000
SO108768,20230101,19,190,10,6,3,169000,0.05,481600,225000,256600
SO100059,20230101,13,150,11,12,5,89000,0.0,445000,125000,320000
SO111392,20230101,14,271,2,1,4,59000,0.0,236000,48000,188000
SO104383,20230101,5,14,1,3,5,3999000,0.05,18995200,14500000,4495200
SO102404,20230102,12,108,4,5,3,299000,0.0,897000,360000,537000
SO102354,20230102,19,46,17,6,4,169000,0.0,676000,300000,376000
SO103543,20230102,12,203,14,9,1,299000,0.05,284000,120000,164000
SO102052,20230102,3,271,2,2,2,1999000,0.05,3798100,2900000,898100
SO109821,20230102,8,109,3,4,1,799000,0.0,799000,420000,379000
SO104441,20230102,17,207,18,7,4,329000,0.05,1250200,600000,650200
SO101781,20230102,17,118,2,8,4,329000,0.1,1184400,600000,584400
SO106936,20230102,16,268,8,11,4,1599000,0.0,6396000,3680000,2716000
SO100122,20230102,14,195,3,7,4,59000,0.0,236000,48000,188000
SO105932,20230102,14,68,4,1,1,59000,0.0,59000,12000,47000
SO103454,20230103,17,262,1,11,3,329000,0.0,987000,450000,537000
SO105910,20230103,2,271,2,5,4,4499000,0.05,17096200,12400000,4696200
SO108616,20230103,17,233,7,8,4,329000,0.05,1250200,600000,650200
SO108952,20230103,18,63,1,9,2,649000,0.0,1298000,640000,658000
SO110678,20230103,8,131,6,4,1,799000,0.05,759000,420000,339000
SO106916,20230104,2,292,11,3,3,4499000,0.0,13497000,9300000,4197000
SO103320,20230104,13,132,5,4,2,89000,0.15,151300,50000,101300
SO105304,20230104,7,128,5,6,3,499000,0.0,1497000,840000,657000
SO102778,20230104,19,54,12,8,5,169000,0.0,845000,375000,470000
SO111967,20230104,14,161,2,12,2,59000,0.0,118000,24000,94000
SO107200,20230104,20,168,4,8,2,129000,0.0,258000,110000,148000
SO107485,20230104,7,294,8,1,3,499000,0.0,1497000,840000,657000
SO107860,20230104,11,125,1,12,1,199000,0.0,199000,85000,114000
SO102393,20230105,5,258,2,2,1,3999000,0.0,3999000,2900000,1099000
SO109114,20230105,9,13,1,12,4,349000,0.1,1256400,760000,496400
SO111695,20230105,18,12,6,7,1,649000,0.0,649000,320000,329000
SO109227,20230105,20,290,14,1,3,129000,0.05,367600,165000,202600
SO105524,20230105,2,126,1,3,2,4499000,0.05,8548100,6200000,2348100
SO106537,20230105,18,212,1,10,1,649000,0.0,649000,320000,329000
SO111319,20230105,11,106,1,7,2,199000,0.0,398000,170000,228000
SO101632,20230105,17,211,1,6,5,329000,0.05,1562800,750000,812800
SO103216,20230106,6,232,5,2,2,2199000,0.0,4398000,2700000,1698000
SO110409,20230106,11,168,4,10,5,199000,0.0,995000,425000,570000
SO106367,20230106,20,10,2,4,4,129000,0.1,464400,220000,244400
SO110775,20230106,9,94,3,12,1,349000,0.1,314100,190000,124100
SO109143,20230106,14,284,2,1,3,59000,0.05,168200,36000,132200
SO104084,20230106,19,270,6,9,4,169000,0.0,676000,300000,376000
SO102108,20230106,14,115,4,11,5,59000,0.0,295000,60000,235000
SO105488,20230106,5,265,14,12,1,3999000,0.0,3999000,2900000,1099000
SO101486,20230107,18,209,1,10,5,649000,0.0,3245000,1600000,1645000
SO105060,20230107,20,293,17,6,3,129000,0.05,367600,165000,202600
SO104057,20230107,13,222,15,12,3,89000,0.0,267000,75000,192000
SO109332,20230107,12,194,14,4,3,299000,0.05,852200,360000,492200
SO106667,20230107,19,168,4,9,3,169000,0.0,507000,225000,282000
SO102507,20230107,13,91,14,6,1,89000,0.05,84600,25000,59600
SO107616,20230107,17,18,18,7,4,329000,0.0,1316000,600000,716000
SO110511,20230107,17,94,3,9,3,329000,0.05,937600,450000,487600
SO111159,20230107,19,283,11,3,1,169000,0.0,169000,75000,94000
SO108243,20230107,9,270,6,1,1,349000,0.0,349000,190000,159000
SO101200,20230108,6,220,6,8,1,2199000,0.0,2199000,1350000,849000
SO106830,20230108,14,28,2,11,1,59000,0.1,53100,12000,41100
SO102080,20230108,14,144,1,3,2,59000,0.05,112100,24000,88100
SO100215,20230108,17,44,5,1,1,329000,0.0,329000,150000,179000
SO108852,20230108,9,219,7,3,5,349000,0.1,1570500,950000,620500
SO104079,20230108,17,45,8,6,2,329000,0.0,658000,300000,358000
SO104129,20230108,14,20,1,5,5,59000,0.05,280200,60000,220200
SO100518,20230108,6,34,1,4,2,2199000,0.0,4398000,2700000,1698000
SO103674,20230108,20,99,3,9,5,129000,0.0,645000,275000,370000
SO111412,20230108,16,273,2,6,1,1599000,0.1,1439100,920000,519100
SO111936,20230108,5,81,17,7,2,3999000,0.0,7998000,5800000,2198000
SO105029,20230109,10,40,5,9,4,599000,0.0,2396000,1240000,1156000
SO110361,20230109,19,152,3,10,4,169000,0.1,608400,300000,308400
SO108719,20230109,18,286,4,3,4,649000,0.0,2596000,1280000,1316000
SO108587,20230109,20,298,3,1,3,129000,0.0,387000,165000,222000
SO110576,20230109,13,5,1,9,5,89000,0.0,445000,125000,320000
SO100224,20230109,17,9,8,8,1,329000,0.0,329000,150000,179000
SO107534,20230109,11,279,12,3,1,199000,0.0,199000,85000,114000
SO105914,20230109,14,95,3,11,4,59000,0.0,236000,48000,188000
SO105890,20230109,13,257,12,5,4,89000,0.0,356000,100000,256000
SO101939,20230109,4,244,7,8,4,8999000,0.0,35996000,24800000,11196000
SO104943,20230110,20,74,13,9,1,129000,0.0,129000,55000,74000
SO103676,20230110,13,152,3,5,4,89000,0.05,338200,100000,238200
SO104352,20230110,11,93,1,11,4,199000,0.05,756200,340000,416200
SO106077,20230110,9,83,8,9,2,349000,0.05,663100,380000,283100
SO106104,20230110,11,238,3,12,2,199000,0.0,398000,170000,228000
SO107401,20230110,10,136,11,2,4,599000,0.1,2156400,1240000,916400
SO104325,20230110,2,227,1,11,4,4499000,0.0,17996000,12400000,5596000
SO108116,20230111,14,121,13,4,2,59000,0.0,118000,24000,94000
SO103057,20230111,19,54,12,11,1,169000,0.05,160600,75000,85600
SO102364,20230111,17,149,2,11,2,329000,0.0,658000,300000,358000
SO111932,20230111,18,272,6,11,4,649000,0.0,2596000,1280000,1316000
SO106451,20230112,6,231,18,8,2,2199000,0.0,4398000,2700000,1698000
SO102340,20230112,20,205,7,4,2,129000,0.05,245100,110000,135100
SO103892,20230112,12,12,6,9,1,299000,0.0,299000,120000,179000
SO106023,20230112,9,136,11,2,4,349000,0.0,1396000,760000,636000
SO107824,20230112,14,166,4,2,4,59000,0.0,236000,48000,188000
SO109235,20230113,14,122,18,2,5,59000,0.0,295000,60000,235000
SO107443,20230113,12,295,8,7,1,299000,0.1,269100,120000,149100
SO101823,20230113,17,238,3,10,3,329000,0.05,937600,450000,487600
SO107332,20230113,11,149,2,3,1,199000,0.05,189000,85000,104000
SO108621,20230113,13,136,11,7,4,89000,0.0,356000,100000,256000
SO103182,20230113,20,219,7,4,4,129000,0.05,490200,220000,270200
SO100002,20230113,3,199,6,11,2,1999000,0.1,3598200,2900000,698200
SO109042,20230113,14,145,14,5,1,59000,0.0,59000,12000,47000
SO103932,20230113,17,205,7,11,5,329000,0.1,1480500,750000,730500
SO105645,20230114,20,93,1,1,5,129000,0.0,645000,275000,370000
SO109048,20230114,18,277,1,6,4,649000,0.0,2596000,1280000,1316000
SO107642,20230114,13,79,8,1,4,89000,0.05,338200,100000,238200
SO110687,20230114,14,147,12,4,1,59000,0.1,53100,12000,41100
SO106476,20230115,19,168,4,11,4,169000,0.0,676000,300000,376000
SO110068,20230115,12,9,8,10,5,299000,0.05,1420200,600000,820200
SO101285,20230115,7,36,1,3,4,499000,0.05,1896200,1120000,776200
SO108737,20230115,13,191,8,9,3,89000,0.05,253600,75000,178600
SO107195,20230115,6,204,3,8,4,2199000,0.0,8796000,5400000,3396000
SO107906,20230115,17,68,4,11,4,329000,0.05,1250200,600000,650200
SO106978,20230115,9,62,14,12,4,349000,0.0,1396000,760000,636000
SO109112,20230116,9,87,6,12,1,349000,0.0,349000,190000,159000
SO106336,20230116,19,291,14,7,3,169000,0.0,507000,225000,282000
SO104823,20230116,20,53,1,9,3,129000,0.0,387000,165000,222000
SO103867,20230116,17,149,2,6,1,329000,0.05,312600,150000,162600
SO111538,20230116,12,292,11,4,1,299000,0.05,284000,120000,164000
SO104495,20230116,14,244,7,3,1,59000,0.05,56000,12000,44000
SO108867,20230117,9,26,5,7,4,349000,0.0,1396000,760000,636000
SO105511,20230117,20,14,1,3,1,129000,0.1,116100,55000,61100
SO104526,20230117,20,275,3,10,3,129000,0.05,367600,165000,202600
SO108518,20230117,2,222,15,1,4,4499000,0.0,17996000,12400000,5596000
SO104914,20230117,13,206,1,3,1,89000,0.0,89000,25000,64000
SO102278,20230117,20,198,9,9,2,129000,0.1,232200,110000,122200
SO106001,20230117,10,246,3,1,2,599000,0.0,1198000,620000,578000
SO110210,20230118,20,237,8,7,3,129000,0.05,367600,165000,202600
SO103739,20230118,12,54,12,8,4,299000,0.05,1136200,480000,656200
SO101295,20230118,19,236,3,11,3,169000,0.05,481600,225000,256600
SO111325,20230118,15,68,4,6,5,899000,0.05,4270200,2400000,1870200
SO108794,20230118,13,166,4,1,5,89000,0.0,445000,125000,320000
SO109028,20230118,6,276,7,6,4,2199000,0.1,7916400,5400000,2516400
SO100812,20230118,15,2,1,6,3,899000,0.0,2697000,1440000,1257000
SO109016,20230118,15,30,6,6,3,899000,0.0,2697000,1440000,1257000
SO110791,20230119,8,298,3,8,3,799000,0.05,2277200,1260000,1017200
SO101841,20230119,9,141,3,12,3,349000,0.1,942300,570000,372300
SO111429,20230119,13,188,1,11,4,89000,0.05,338200,100000,238200
SO107594,20230119,11,76,9,12,5,199000,0.05,945200,425000,520200
SO101859,20230120,11,42,7,6,5,199000,0.0,995000,425000,570000
SO111275,20230120,7,181,1,7,5,499000,0.15,2120800,1400000,720800
SO103206,20230120,19,211,1,8,4,169000,0.0,676000,300000,376000
SO108883,20230120,12,96,1,8,5,299000,0.0,1495000,600000,895000
SO101620,20230120,3,30,6,3,1,1999000,0.0,1999000,1450000,549000
SO110670,20230120,12,221,3,9,1,299000,0.0,299000,120000,179000
SO105397,20230120,15,251,7,8,4,899000,0.05,3416200,1920000,1496200
SO100853,20230120,18,14,1,10,2,649000,0.0,1298000,640000,658000
SO104206,20230120,19,153,3,1,3,169000,0.05,481600,225000,256600
SO104974,20230121,12,26,5,1,2,299000,0.0,598000,240000,358000
SO111088,20230121,20,111,1,1,1,129000,0.0,129000,55000,74000
SO105526,20230121,12,54,12,2,4,299000,0.05,1136200,480000,656200
SO101440,20230121,20,259,7,11,2,129000,0.05,245100,110000,135100
SO102222,20230121,16,208,2,8,3,1599000,0.05,4557200,2760000,1797200
SO105963,20230121,18,291,14,7,1,649000,0.05,616600,320000,296600
SO102119,20230122,17,282,14,2,2,329000,0.0,658000,300000,358000
SO108206,20230122,14,92,3,5,3,59000,0.0,177000,36000,141000
SO108291,20230122,8,25,12,2,5,799000,0.0,3995000,2100000,1895000
SO111128,20230122,11,19,1,9,1,199000,0.05,189000,85000,104000
SO105799,20230123,19,89,3,12,4,169000,0.05,642200,300000,342200
SO110219,20230123,14,130,11,3,5,59000,0.0,295000,60000,235000
SO100924,20230123,16,215,14,4,4,1599000,0.0,6396000,3680000,2716000
SO108958,20230123,20,31,2,8,4,129000,0.0,516000,220000,296000
SO106307,20230123,19,245,3,2,4,169000,0.0,676000,300000,376000
SO103319,20230123,15,274,17,6,5,899000,0.0,4495000,2400000,2095000
SO106875,20230123,17,133,1,1,3,329000,0.05,937600,450000,487600
SO103123,20230123,13,257,12,7,4,89000,0.05,338200,100000,238200
SO101016,20230124,12,11,12,6,4,299000,0.0,1196000,480000,716000
SO106293,20230124,7,116,1,10,2,499000,0.1,898200,560000,338200
SO102897,20230124,14,92,3,2,3,59000,0.0,177000,36000,141000
SO104862,20230124,13,36,1,2,2,89000,0.0,178000,50000,128000
SO107541,20230124,14,27,6,5,3,59000,0.1,159300,36000,123300
SO109281,20230125,14,120,12,11,5,59000,0.0,295000,60000,235000
SO105638,20230125,9,212,1,11,5,349000,0.0,1745000,950000,795000
SO108942,20230125,12,232,5,11,1,299000,0.05,284000,120000,164000
SO105728,20230125,14,295,8,2,1,59000,0.0,59000,12000,47000
SO104587,20230125,13,92,3,7,1,89000,0.0,89000,25000,64000
SO102702,20230126,16,205,7,7,3,1599000,0.0,4797000,2760000,2037000
SO110741,20230126,1,83,8,3,1,13999000,0.0,13999000,9800000,4199000
SO108866,20230126,14,144,1,8,2,59000,0.0,118000,24000,94000
SO100469,20230126,7,286,4,11,1,499000,0.05,474000,280000,194000
SO103717,20230126,14,233,7,8,3,59000,0.05,168200,36000,132200
SO111679,20230126,20,87,6,12,1,129000,0.1,116100,55000,61100
SO110425,20230126,13,93,1,8,2,89000,0.05,169100,50000,119100
SO110398,20230126,9,9,8,3,4,349000,0.0,1396000,760000,636000
SO101472,20230126,20,7,8,12,1,129000,0.0,129000,55000,74000
SO104563,20230126,9,215,14,5,1,349000,0.0,349000,190000,159000
SO109364,20230127,13,281,3,5,4,89000,0.0,356000,100000,256000
SO107774,20230127,13,71,9,7,4,89000,0.0,356000,100000,256000
SO101972,20230127,2,59,1,10,4,4499000,0.05,17096200,12400000,4696200
SO111976,20230127,11,249,1,1,4,199000,0.1,716400,340000,376400
SO102433,20230127,20,139,2,6,4,129000,0.0,516000,220000,296000
SO101435,20230127,11,58,16,3,3,199000,0.0,597000,255000,342000
SO100953,20230127,19,115,4,1,2,169000,0.1,304200,150000,154200
SO110098,20230128,11,161,2,11,1,199000,0.0,199000,85000,114000
SO103693,20230128,14,228,3,9,1,59000,0.0,59000,12000,47000
SO105652,20230128,11,273,2,4,1,199000,0.0,199000,85000,114000
SO106768,20230129,19,170,3,7,2,169000,0.05,321100,150000,171100
SO109410,20230129,17,96,1,12,5,329000,0.0,1645000,750000,895000
SO108698,20230129,19,84,12,11,4,169000,0.05,642200,300000,342200
SO111011,20230129,4,53,1,1,1,8999000,0.1,8099100,6200000,1899100
SO107839,20230129,20,275,3,10,2,129000,0.0,258000,110000,148000
SO105502,20230129,20,89,3,5,2,129000,0.05,245100,110000,135100
SO109620,20230129,10,111,1,3,4,599000,0.05,2276200,1240000,1036200
SO110083,20230129,9,204,3,2,2,349000,0.1,628200,380000,248200
SO107402,20230130,20,264,7,12,3,129000,0.05,367600,165000,202600
SO100830,20230130,16,294,8,5,2,1599000,0.0,3198000,1840000,1358000
SO105312,20230130,18,60,1,12,3,649000,0.0,1947000,960000,987000
SO100850,20230130,20,98,7,12,1,129000,0.0,129000,55000,74000
SO109320,20230130,3,262,1,7,2,1999000,0.0,3998000,2900000,1098000
SO103238,20230130,7,29,1,7,5,499000,0.0,2495000,1400000,1095000
SO111339,20230130,6,281,3,10,5,2199000,0.05,10445200,6750000,3695200
SO109244,20230130,5,201,9,12,4,3999000,0.0,15996000,11600000,4396000
SO106480,20230130,5,189,18,12,4,3999000,0.0,15996000,11600000,4396000
SO104473,20230131,8,252,7,11,2,799000,0.0,1598000,840000,758000
SO103402,20230131,19,10,2,9,2,169000,0.05,321100,150000,171100
SO108374,20230201,20,96,1,1,4,129000,0.0,516000,220000,296000
SO103304,20230201,18,170,3,5,4,649000,0.1,2336400,1280000,1056400
SO109273,20230201,7,8,8,9,1,499000,0.05,474000,280000,194000
SO109424,20230201,14,168,4,8,1,59000,0.1,53100,12000,41100
SO106389,20230201,15,200,8,8,1,899000,0.0,899000,480000,419000
SO107382,20230201,12,2,1,1,1,299000,0.05,284000,120000,164000
SO103068,20230201,14,181,1,12,4,59000,0.15,200600,48000,152600
SO101774,20230202,19,121,13,10,2,169000,0.0,338000,150000,188000
SO108655,20230202,3,6,1,10,5,1999000,0.1,8995500,7250000,1745500
SO104107,20230202,19,242,13,10,4,169000,0.0,676000,300000,376000
SO102706,20230202,17,274,17,2,4,329000,0.0,1316000,600000,716000
SO106421,20230202,13,1,2,11,2,89000,0.0,178000,50000,128000
SO102780,20230202,14,50,9,5,5,59000,0.0,295000,60000,235000
SO103351,20230202,10,85,3,6,3,599000,0.0,1797000,930000,867000
SO102360,20230203,12,166,4,9,1,299000,0.0,299000,120000,179000
SO105390,20230203,14,121,13,1,1,59000,0.0,59000,12000,47000
SO103037,20230203,16,193,1,5,5,1599000,0.0,7995000,4600000,3395000
SO108457,20230203,14,251,7,8,2,59000,0.0,118000,24000,94000
SO103149,20230203,5,268,8,2,5,3999000,0.0,19995000,14500000,5495000
SO109928,20230203,9,111,1,1,4,349000,0.0,1396000,760000,636000
SO104935,20230203,20,190,10,10,1,129000,0.1,116100,55000,61100
SO106174,20230204,17,167,4,4,4,329000,0.05,1250200,600000,650200
SO110925,20230204,11,71,9,4,5,199000,0.05,945200,425000,520200
SO110357,20230204,11,169,5,7,3,199000,0.0,597000,255000,342000
SO100795,20230204,13,12,6,8,5,89000,0.0,445000,125000,320000
SO107102,20230205,11,138,8,6,4,199000,0.0,796000,340000,456000
SO109284,20230205,13,180,1,3,1,89000,0.0,89000,25000,64000
SO100803,20230205,15,240,8,9,5,899000,0.0,4495000,2400000,2095000
SO106391,20230205,19,164,12,1,4,169000,0.05,642200,300000,342200
SO107347,20230205,12,273,2,8,1,299000,0.05,284000,120000,164000
SO106071,20230205,13,101,2,7,5,89000,0.0,445000,125000,320000
SO100932,20230205,12,17,4,10,5,299000,0.0,1495000,600000,895000
SO107776,20230206,14,288,2,9,5,59000,0.05,280200,60000,220200
SO111811,20230206,4,168,4,2,3,8999000,0.0,26997000,18600000,8397000
SO109800,20230206,7,126,1,9,2,499000,0.0,998000,560000,438000
SO100939,20230206,11,90,6,4,5,199000,0.05,945200,425000,520200
SO105327,20230206,6,100,15,10,2,2199000,0.0,4398000,2700000,1698000
SO107478,20230206,11,97,1,8,1,199000,0.0,199000,85000,114000
SO108251,20230206,9,253,1,4,1,349000,0.0,349000,190000,159000
SO106165,20230206,11,199,6,7,3,199000,0.1,537300,255000,282300
SO111062,20230206,10,122,18,6,4,599000,0.05,2276200,1240000,1036200
SO104088,20230206,11,222,15,2,1,199000,0.0,199000,85000,114000
SO103760,20230207,2,61,11,4,3,4499000,0.0,13497000,9300000,4197000
SO104004,20230207,19,206,1,8,4,169000,0.0,676000,300000,376000
SO108953,20230207,11,247,3,9,4,199000,0.0,796000,340000,456000
SO107250,20230207,10,290,14,9,2,599000,0.05,1138100,620000,518100
SO102694,20230207,20,113,15,2,5,129000,0.0,645000,275000,370000
SO109313,20230207,18,95,3,11,4,649000,0.0,2596000,1280000,1316000
SO107930,20230207,18,247,3,2,2,649000,0.1,1168200,640000,528200
SO104400,20230208,7,16,1,10,5,499000,0.0,2495000,1400000,1095000
SO109809,20230208,12,296,8,6,2,299000,0.05,568100,240000,328100
SO104754,20230208,9,63,1,11,5,349000,0.05,1657800,950000,707800
SO101251,20230208,19,194,14,4,2,169000,0.05,321100,150000,171100
SO105542,20230208,8,15,7,4,3,799000,0.0,2397000,1260000,1137000
SO107708,20230208,14,201,9,8,2,59000,0.05,112100,24000,88100
SO100257,20230208,14,107,1,4,2,59000,0.05,112100,24000,88100
SO106586,20230208,12,179,2,11,2,299000,0.0,598000,240000,358000
SO108537,20230209,8,179,2,5,4,799000,0.0,3196000,1680000,1516000
SO106401,20230209,19,280,6,1,1,169000,0.1,152100,75000,77100
SO110377,20230209,9,36,1,6,3,349000,0.1,942300,570000,372300
SO108638,20230209,3,9,8,1,5,1999000,0.0,9995000,7250000,2745000
SO100622,20230209,13,136,11,2,5,89000,0.05,422800,125000,297800
SO111774,20230209,17,280,6,9,5,329000,0.0,1645000,750000,895000
SO101788,20230209,14,290,14,10,2,59000,0.0,118000,24000,94000
SO103460,20230209,10,104,12,4,2,599000,0.0,1198000,620000,578000
SO107986,20230209,14,71,9,1,4,59000,0.0,236000,48000,188000
SO103239,20230210,19,1,2,11,2,169000,0.0,338000,150000,188000
SO101458,20230210,3,80,1,3,4,1999000,0.1,7196400,5800000,1396400
SO108074,20230210,8,221,3,9,3,799000,0.1,2157300,1260000,897300
SO108363,20230210,18,152,3,7,1,649000,0.15,551600,320000,231600
SO111624,20230210,10,282,14,5,4,599000,0.05,2276200,1240000,1036200
SO101031,20230210,11,195,3,5,1,199000,0.0,199000,85000,114000
SO107333,20230210,19,69,8,4,4,169000,0.0,676000,300000,376000
SO107785,20230210,3,144,1,8,4,1999000,0.0,7996000,5800000,2196000
SO111155,20230210,13,197,3,8,3,89000,0.0,267000,75000,192000
SO102600,20230210,14,185,3,6,1,59000,0.0,59000,12000,47000
SO108036,20230211,17,293,17,3,2,329000,0.0,658000,300000,358000
SO105175,20230211,12,233,7,9,3,299000,0.1,807300,360000,447300
SO102209,20230211,19,191,8,3,1,169000,0.1,152100,75000,77100
SO107375,20230211,20,70,8,9,3,129000,0.0,387000,165000,222000
SO103931,20230211,19,280,6,7,1,169000,0.05,160600,75000,85600
SO110677,20230211,2,293,17,4,3,4499000,0.0,13497000,9300000,4197000
SO110045,20230211,13,290,14,6,3,89000,0.05,253600,75000,178600
SO105549,20230211,19,126,1,4,3,169000,0.0,507000,225000,282000
SO110347,20230211,12,256,9,7,3,299000,0.0,897000,360000,537000
SO111958,20230211,10,120,12,11,3,599000,0.0,1797000,930000,867000
SO103281,20230212,11,299,1,12,2,199000,0.05,378100,170000,208100
SO102201,20230212,20,247,3,6,4,129000,0.0,516000,220000,296000
SO102234,20230212,1,192,3,7,5,13999000,0.05,66495200,49000000,17495200
SO105778,20230212,4,263,2,12,1,8999000,0.0,8999000,6200000,2799000
SO105429,20230212,11,163,14,12,5,199000,0.0,995000,425000,570000
SO104382,20230212,12,236,3,12,4,299000,0.0,1196000,480000,716000
SO107007,20230212,14,223,3,12,1,59000,0.0,59000,12000,47000
SO106905,20230212,10,52,3,12,4,599000,0.0,2396000,1240000,1156000
SO101482,20230212,17,10,2,6,3,329000,0.0,987000,450000,537000
SO105920,20230213,8,82,3,10,3,799000,0.1,2157300,1260000,897300
SO106128,20230213,4,283,11,5,1,8999000,0.0,8999000,6200000,2799000
SO102093,20230213,11,6,1,10,1,199000,0.0,199000,85000,114000
SO110393,20230213,11,289,2,3,1,199000,0.05,189000,85000,104000
SO107617,20230213,6,67,3,7,5,2199000,0.0,10995000,6750000,4245000
SO109212,20230213,15,241,4,6,4,899000,0.05,3416200,1920000,1496200
SO108718,20230213,9,203,14,2,3,349000,0.0,1047000,570000,477000
SO100219,20230213,11,245,3,2,3,199000,0.0,597000,255000,342000
SO100106,20230213,12,126,1,3,1,299000,0.0,299000,120000,179000
SO104796,20230214,8,254,2,6,4,799000,0.05,3036200,1680000,1356200
SO104803,20230214,13,133,1,6,3,89000,0.0,267000,75000,192000
SO105919,20230214,11,170,3,7,3,199000,0.1,537300,255000,282300
SO100644,20230214,14,46,17,12,4,59000,0.1,212400,48000,164400
SO105877,20230214,9,171,1,7,2,349000,0.0,698000,380000,318000
SO109644,20230214,20,80,1,3,2,129000,0.1,232200,110000,122200
SO104956,20230214,7,126,1,3,5,499000,0.05,2370200,1400000,970200
SO102295,20230215,14,91,14,12,1,59000,0.0,59000,12000,47000
SO110394,20230215,8,166,4,1,2,799000,0.05,1518100,840000,678100
SO105171,20230215,15,137,6,3,4,899000,0.05,3416200,1920000,1496200
SO108583,20230215,18,56,7,7,2,649000,0.0,1298000,640000,658000
SO106659,20230215,10,272,6,7,5,599000,0.05,2845200,1550000,1295200
SO111675,20230215,3,169,5,5,4,1999000,0.0,7996000,5800000,2196000
SO102763,20230215,19,273,2,5,5,169000,0.0,845000,375000,470000
SO106479,20230215,14,212,1,2,4,59000,0.0,236000,48000,188000
SO101716,20230215,6,274,17,3,4,2199000,0.05,8356200,5400000,2956200
SO108144,20230216,9,20,1,10,2,349000,0.0,698000,380000,318000
SO108106,20230217,20,138,8,11,4,129000,0.0,516000,220000,296000
SO102976,20230217,15,245,3,7,4,899000,0.0,3596000,1920000,1676000
SO111327,20230217,14,232,5,2,2,59000,0.05,112100,24000,88100
SO106783,20230217,11,246,3,4,1,199000,0.0,199000,85000,114000
SO102543,20230218,12,50,9,1,2,299000,0.0,598000,240000,358000
SO104274,20230218,17,43,8,12,2,329000,0.0,658000,300000,358000
SO103331,20230218,2,185,3,1,1,4499000,0.0,4499000,3100000,1399000
SO109569,20230218,18,67,3,5,3,649000,0.1,1752300,960000,792300
SO103443,20230218,13,146,1,3,2,89000,0.0,178000,50000,128000
SO109690,20230218,16,289,2,10,1,1599000,0.1,1439100,920000,519100
SO107905,20230218,18,70,8,1,4,649000,0.0,2596000,1280000,1316000
SO104763,20230219,18,105,2,9,2,649000,0.0,1298000,640000,658000
SO106711,20230219,13,72,6,3,2,89000,0.1,160200,50000,110200
SO107980,20230219,17,19,1,3,3,329000,0.05,937600,450000,487600
SO103158,20230219,14,83,8,9,3,59000,0.0,177000,36000,141000
SO109455,20230220,17,3,1,3,1,329000,0.0,329000,150000,179000
SO100630,20230220,2,69,8,12,1,4499000,0.0,4499000,3100000,1399000
SO104318,20230220,7,183,2,2,5,499000,0.0,2495000,1400000,1095000
SO103870,20230220,2,161,2,5,2,4499000,0.05,8548100,6200000,2348100
SO100981,20230220,14,162,1,5,5,59000,0.05,280200,60000,220200
SO101461,20230220,11,271,2,12,3,199000,0.0,597000,255000,342000
SO106542,20230220,10,76,9,11,3,599000,0.0,1797000,930000,867000
SO102725,20230220,14,159,4,10,3,59000,0.0,177000,36000,141000
SO103048,20230220,6,257,12,12,4,2199000,0.0,8796000,5400000,3396000
SO105110,20230220,5,99,3,8,2,3999000,0.05,7598100,5800000,1798100
SO107214,20230220,13,145,14,5,2,89000,0.0,178000,50000,128000
SO101506,20230221,19,98,7,5,4,169000,0.0,676000,300000,376000
SO107590,20230221,14,103,8,10,5,59000,0.05,280200,60000,220200
SO107890,20230221,13,265,14,10,4,89000,0.15,302600,100000,202600
SO100919,20230221,11,212,1,5,4,199000,0.0,796000,340000,456000
SO106592,20230221,14,50,9,1,2,59000,0.1,106200,24000,82200
SO107878,20230221,6,219,7,9,3,2199000,0.15,5607400,4050000,1557400
SO108424,20230221,13,250,7,8,3,89000,0.0,267000,75000,192000
SO105112,20230222,8,172,1,9,4,799000,0.0,3196000,1680000,1516000
SO101599,20230222,19,275,3,6,2,169000,0.0,338000,150000,188000
SO100742,20230222,7,25,12,3,5,499000,0.0,2495000,1400000,1095000
SO101222,20230222,14,232,5,11,1,59000,0.0,59000,12000,47000
SO111375,20230222,14,279,12,4,3,59000,0.0,177000,36000,141000
SO107911,20230222,17,291,14,5,3,329000,0.1,888300,450000,438300
SO102252,20230223,8,4,3,4,4,799000,0.1,2876400,1680000,1196400
SO103133,20230223,19,103,8,12,3,169000,0.0,507000,225000,282000
SO109768,20230223,16,94,3,7,1,1599000,0.0,1599000,920000,679000
SO101651,20230223,19,286,4,4,1,169000,0.0,169000,75000,94000
SO101023,20230223,10,143,9,6,2,599000,0.05,1138100,620000,518100
SO110796,20230223,14,8,8,9,5,59000,0.0,295000,60000,235000
SO107960,20230223,16,82,3,9,2,1599000,0.0,3198000,1840000,1358000
SO104983,20230223,14,66,12,6,4,59000,0.05,224200,48000,176200
SO109672,20230223,11,78,1,2,5,199000,0.0,995000,425000,570000
SO101402,20230224,7,255,1,3,3,499000,0.0,1497000,840000,657000
SO108829,20230224,9,87,6,1,5,349000,0.0,1745000,950000,795000
SO103044,20230224,9,215,14,2,1,349000,0.0,349000,190000,159000
SO105725,20230224,13,68,4,1,4,89000,0.0,356000,100000,256000
SO107085,20230224,19,217,8,6,5,169000,0.0,845000,375000,470000
SO102183,20230224,7,267,5,4,5,499000,0.0,2495000,1400000,1095000
SO106772,20230224,12,178,1,2,2,299000,0.05,568100,240000,328100
SO101053,20230225,13,166,4,9,1,89000,0.0,89000,25000,64000
SO106290,20230225,11,67,3,3,3,199000,0.0,597000,255000,342000
SO108323,20230225,14,15,7,1,3,59000,0.05,168200,36000,132200
SO111889,20230225,18,2,1,8,4,649000,0.05,2466200,1280000,1186200
SO111876,20230225,12,11,12,12,3,299000,0.0,897000,360000,537000
SO105628,20230225,16,52,3,11,5,1599000,0.05,7595200,4600000,2995200
SO101820,20230225,18,129,1,8,3,649000,0.0,1947000,960000,987000
SO100561,20230226,7,142,8,7,5,499000,0.05,2370200,1400000,970200
SO100334,20230226,11,263,2,3,3,199000,0.05,567200,255000,312200
SO103574,20230226,7,185,3,1,2,499000,0.0,998000,560000,438000
SO102355,20230226,7,273,2,7,5,499000,0.05,2370200,1400000,970200
SO109624,20230226,8,70,8,12,4,799000,0.0,3196000,1680000,1516000
SO110333,20230226,5,158,3,6,2,3999000,0.0,7998000,5800000,2198000
SO100062,20230226,2,110,2,9,2,4499000,0.1,8098200,6200000,1898200
SO108694,20230226,17,274,17,2,1,329000,0.1,296100,150000,146100
SO111584,20230226,13,217,8,7,2,89000,0.0,178000,50000,128000
SO105448,20230227,7,17,4,8,3,499000,0.1,1347300,840000,507300
SO107595,20230227,19,141,3,9,1,169000,0.05,160600,75000,85600
SO109633,20230227,19,221,3,3,5,169000,0.0,845000,375000,470000
SO108847,20230227,18,231,18,9,5,649000,0.0,3245000,1600000,1645000
SO110237,20230227,12,150,11,8,2,299000,0.05,568100,240000,328100
SO105176,20230227,9,157,12,4,2,349000,0.05,663100,380000,283100
SO111714,20230227,20,160,2,5,2,129000,0.0,258000,110000,148000
SO110057,20230227,19,78,1,1,3,169000,0.1,456300,225000,231300
SO107610,20230227,20,168,4,1,4,129000,0.0,516000,220000,296000
SO100283,20230228,13,288,2,6,3,89000,0.0,267000,75000,192000
SO108998,20230228,11,276,7,2,4,199000,0.0,796000,340000,456000
SO109347,20230228,9,27,6,8,1,349000,0.05,331600,190000,141600
SO101771,20230228,11,167,4,9,1,199000,0.1,179100,85000,94100
SO102273,20230228,4,81,17,7,2,8999000,0.0,17998000,12400000,5598000
SO103647,20230228,14,172,1,11,1,59000,0.05,56000,12000,44000
SO107791,20230228,15,196,1,4,2,899000,0.05,1708100,960000,748100
SO102835,20230228,20,51,4,5,4,129000,0.0,516000,220000,296000
SO108751,20230228,10,249,1,6,4,599000,0.0,2396000,1240000,1156000
SO101177,20230228,16,283,11,12,2,1599000,0.0,3198000,1840000,1358000
SO108081,20230228,18,98,7,11,4,649000,0.0,2596000,1280000,1316000
SO105580,20230228,18,7,8,12,4,649000,0.0,2596000,1280000,1316000
SO105170,20230301,8,224,1,6,2,799000,0.1,1438200,840000,598200
SO108905,20230301,3,256,9,5,2,1999000,0.0,3998000,2900000,1098000
SO105082,20230301,12,260,1,9,3,299000,0.0,897000,360000,537000
SO111052,20230301,11,160,2,9,4,199000,0.0,796000,340000,456000
SO106468,20230301,20,238,3,3,2,129000,0.0,258000,110000,148000
SO104652,20230301,13,87,6,12,3,89000,0.05,253600,75000,178600
SO107222,20230301,10,189,18,5,4,599000,0.0,2396000,1240000,1156000
SO102156,20230301,8,59,1,5,2,799000,0.05,1518100,840000,678100
SO104846,20230301,16,54,12,8,2,1599000,0.0,3198000,1840000,1358000
SO105144,20230301,13,181,1,4,5,89000,0.0,445000,125000,320000
SO106223,20230301,13,240,8,5,2,89000,0.05,169100,50000,119100
SO106252,20230301,9,264,7,9,4,349000,0.0,1396000,760000,636000
SO103469,20230301,13,10,2,6,4,89000,0.05,338200,100000,238200
SO104677,20230302,10,66,12,12,1,599000,0.0,599000,310000,289000
SO107433,20230302,11,177,5,10,3,199000,0.05,567200,255000,312200
SO104119,20230302,18,53,1,6,4,649000,0.0,2596000,1280000,1316000
SO111758,20230302,16,229,12,10,4,1599000,0.1,5756400,3680000,2076400
SO104957,20230302,9,117,2,1,1,349000,0.0,349000,190000,159000
SO109150,20230302,20,291,14,1,2,129000,0.0,258000,110000,148000
SO108663,20230302,20,81,17,12,5,129000,0.05,612800,275000,337800
SO103545,20230303,15,48,4,9,5,899000,0.0,4495000,2400000,2095000
SO100521,20230303,16,191,8,3,1,1599000,0.0,1599000,920000,679000
SO106364,20230303,13,242,13,2,4,89000,0.05,338200,100000,238200
SO100216,20230303,8,190,10,11,5,799000,0.1,3595500,2100000,1495500
SO110374,20230303,20,153,3,10,3,129000,0.0,387000,165000,222000
SO110779,20230303,18,295,8,8,2,649000,0.0,1298000,640000,658000
SO110772,20230303,13,191,8,1,5,89000,0.15,378200,125000,253200
SO106763,20230303,13,217,8,3,3,89000,0.0,267000,75000,192000
SO102254,20230303,19,201,9,7,5,169000,0.0,845000,375000,470000
SO100998,20230303,18,168,4,2,5,649000,0.05,3082800,1600000,1482800
SO101130,20230303,17,294,8,2,1,329000,0.0,329000,150000,179000
SO107609,20230303,7,163,14,2,3,499000,0.0,1497000,840000,657000
SO102592,20230303,6,215,14,7,2,2199000,0.0,4398000,2700000,1698000
SO102787,20230304,14,147,12,2,5,59000,0.0,295000,60000,235000
SO107621,20230304,2,74,13,6,3,4499000,0.1,12147300,9300000,2847300
SO102739,20230304,19,151,1,1,5,169000,0.05,802800,375000,427800
SO108790,20230304,13,298,3,10,1,89000,0.0,89000,25000,64000
SO101197,20230304,19,289,2,2,3,169000,0.1,456300,225000,231300
SO104039,20230304,9,248,1,8,2,349000,0.0,698000,380000,318000
SO101019,20230304,2,296,8,3,4,4499000,0.0,17996000,12400000,5596000
SO101715,20230304,2,297,4,1,3,4499000,0.0,13497000,9300000,4197000
SO105407,20230305,14,188,1,3,5,59000,0.0,295000,60000,235000
SO100265,20230305,20,273,2,11,5,129000,0.0,645000,275000,370000
SO110254,20230305,9,212,1,10,4,349000,0.0,1396000,760000,636000
SO102077,20230305,19,98,7,8,5,169000,0.0,845000,375000,470000
SO102344,20230305,15,80,1,8,1,899000,0.0,899000,480000,419000
SO103342,20230305,11,199,6,4,2,199000,0.0,398000,170000,228000
SO103375,20230305,20,208,2,9,1,129000,0.0,129000,55000,74000
SO100287,20230305,13,188,1,3,1,89000,0.1,80100,25000,55100
SO106109,20230305,18,290,14,12,2,649000,0.0,1298000,640000,658000
SO104218,20230305,16,31,2,6,2,1599000,0.05,3038100,1840000,1198100
SO108825,20230305,20,51,4,8,4,129000,0.05,490200,220000,270200
SO106555,20230305,20,100,15,7,2,129000,0.15,219300,110000,109300
SO111199,20230305,18,243,3,6,4,649000,0.0,2596000,1280000,1316000
SO111182,20230305,9,114,7,11,1,349000,0.1,314100,190000,124100
SO104301,20230305,7,22,6,2,5,499000,0.0,2495000,1400000,1095000
SO109903,20230306,3,259,7,8,3,1999000,0.05,5697200,4350000,1347200
SO104225,20230306,7,82,3,1,2,499000,0.0,998000,560000,438000
SO101468,20230306,14,98,7,10,3,59000,0.0,177000,36000,141000
SO104787,20230307,13,72,6,2,4,89000,0.0,356000,100000,256000
SO104027,20230307,20,229,12,11,5,129000,0.1,580500,275000,305500
SO104243,20230307,12,173,15,10,1,299000,0.0,299000,120000,179000
SO100947,20230307,10,76,9,2,3,599000,0.0,1797000,930000,867000
SO100841,20230307,19,80,1,7,4,169000,0.05,642200,300000,342200
SO109733,20230307,17,117,2,1,4,329000,0.05,1250200,600000,650200
SO103177,20230307,7,195,3,2,2,499000,0.05,948100,560000,388100
SO111750,20230307,20,79,8,4,2,129000,0.05,245100,110000,135100
SO101061,20230307,20,9,8,1,5,129000,0.05,612800,275000,337800
SO102035,20230308,13,94,3,11,1,89000,0.0,89000,25000,64000
SO102915,20230308,9,165,9,11,2,349000,0.0,698000,380000,318000
SO105769,20230308,15,196,1,11,3,899000,0.0,2697000,1440000,1257000
SO110975,20230308,17,54,12,5,5,329000,0.05,1562800,750000,812800
SO104888,20230308,3,99,3,2,2,1999000,0.0,3998000,2900000,1098000
SO101199,20230308,12,221,3,9,5,299000,0.0,1495000,600000,895000
SO102161,20230308,8,188,1,3,4,799000,0.0,3196000,1680000,1516000
SO106773,20230308,14,86,2,4,3,59000,0.0,177000,36000,141000
SO109996,20230308,7,226,11,11,3,499000,0.0,1497000,840000,657000
SO106871,20230308,9,224,1,11,4,349000,0.1,1256400,760000,496400
SO107493,20230308,12,64,3,9,1,299000,0.0,299000,120000,179000
SO104756,20230308,17,102,1,2,2,329000,0.05,625100,300000,325100
SO105059,20230308,16,240,8,11,3,1599000,0.05,4557200,2760000,1797200
SO110229,20230309,7,186,3,3,4,499000,0.1,1796400,1120000,676400
SO105096,20230309,11,58,16,10,4,199000,0.05,756200,340000,416200
SO108772,20230309,18,49,1,6,4,649000,0.05,2466200,1280000,1186200
SO103906,20230309,13,176,1,5,4,89000,0.0,356000,100000,256000
SO109054,20230309,11,152,3,11,1,199000,0.1,179100,85000,94100
SO102496,20230309,14,168,4,6,2,59000,0.0,118000,24000,94000
SO100162,20230309,12,116,1,6,4,299000,0.05,1136200,480000,656200
SO107941,20230309,13,288,2,4,5,89000,0.05,422800,125000,297800
SO108914,20230309,14,94,3,12,4,59000,0.05,224200,48000,176200
SO107039,20230309,4,18,18,6,1,8999000,0.05,8549000,6200000,2349000
SO105662,20230309,13,100,15,4,5,89000,0.05,422800,125000,297800
SO101289,20230310,12,37,12,4,3,299000,0.05,852200,360000,492200
SO108695,20230310,20,79,8,1,4,129000,0.1,464400,220000,244400
SO110682,20230310,16,50,9,12,4,1599000,0.1,5756400,3680000,2076400
SO106996,20230310,8,260,1,4,3,799000,0.0,2397000,1260000,1137000
SO106007,20230310,7,214,3,2,3,499000,0.0,1497000,840000,657000
SO105424,20230310,20,204,3,4,4,129000,0.05,490200,220000,270200
SO108177,20230310,19,134,2,8,2,169000,0.1,304200,150000,154200
SO101712,20230310,20,184,6,5,3,129000,0.0,387000,165000,222000
SO106617,20230310,10,238,3,10,3,599000,0.0,1797000,930000,867000
SO103360,20230310,19,243,3,4,3,169000,0.1,456300,225000,231300
SO100291,20230310,20,105,2,5,3,129000,0.1,348300,165000,183300
SO109086,20230310,20,127,2,10,5,129000,0.0,645000,275000,370000
SO105377,20230311,10,156,11,7,2,599000,0.05,1138100,620000,518100
SO101741,20230311,4,78,1,9,1,8999000,0.05,8549000,6200000,2349000
SO106435,20230311,16,24,12,1,4,1599000,0.0,6396000,3680000,2716000
SO100827,20230311,13,140,3,4,2,89000,0.0,178000,50000,128000
SO103704,20230311,9,141,3,6,1,349000,0.0,349000,190000,159000
SO104855,20230311,13,223,3,4,4,89000,0.0,356000,100000,256000
SO104831,20230311,17,186,3,4,3,329000,0.0,987000,450000,537000
SO108179,20230312,11,2,1,2,5,199000,0.0,995000,425000,570000
SO109041,20230312,11,255,1,2,2,199000,0.05,378100,170000,208100
SO104075,20230312,10,293,17,3,4,599000,0.05,2276200,1240000,1036200
SO105409,20230312,11,139,2,7,1,199000,0.1,179100,85000,94100
SO103934,20230312,14,114,7,9,5,59000,0.0,295000,60000,235000
SO104873,20230312,14,192,3,5,5,59000,0.0,295000,60000,235000
SO111170,20230312,13,145,14,2,4,89000,0.0,356000,100000,256000
SO108727,20230312,9,298,3,2,5,349000,0.0,1745000,950000,795000
SO110626,20230312,20,238,3,10,5,129000,0.1,580500,275000,305500
SO109350,20230312,7,298,3,9,3,499000,0.0,1497000,840000,657000
SO111407,20230312,20,233,7,1,3,129000,0.15,329000,165000,164000
SO109180,20230312,5,272,6,12,3,3999000,0.0,11997000,8700000,3297000
SO103583,20230312,14,214,3,12,5,59000,0.0,295000,60000,235000
SO102599,20230313,2,230,8,1,4,4499000,0.0,17996000,12400000,5596000
SO101997,20230313,20,254,2,4,2,129000,0.0,258000,110000,148000
SO100912,20230313,19,227,1,9,3,169000,0.0,507000,225000,282000
SO107788,20230313,13,38,2,9,4,89000,0.0,356000,100000,256000
SO101286,20230313,4,222,15,10,2,8999000,0.0,17998000,12400000,5598000
SO102207,20230313,15,55,3,11,5,899000,0.0,4495000,2400000,2095000
SO106222,20230313,10,278,3,9,4,599000,0.0,2396000,1240000,1156000
SO108233,20230313,6,29,1,4,4,2199000,0.0,8796000,5400000,3396000
SO110720,20230313,14,128,5,9,1,59000,0.0,59000,12000,47000
SO109148,20230313,6,167,4,2,2,2199000,0.0,4398000,2700000,1698000
SO104512,20230313,3,223,3,5,5,1999000,0.05,9495200,7250000,2245200
SO110049,20230314,17,297,4,11,5,329000,0.1,1480500,750000,730500
SO110780,20230314,14,227,1,3,3,59000,0.1,159300,36000,123300
SO103442,20230314,20,93,1,12,2,129000,0.0,258000,110000,148000
SO108559,20230314,13,170,3,5,1,89000,0.05,84600,25000,59600
SO102432,20230314,20,101,2,5,4,129000,0.05,490200,220000,270200
SO104540,20230314,20,131,6,5,1,129000,0.0,129000,55000,74000
SO104077,20230314,12,16,1,5,2,299000,0.0,598000,240000,358000
SO108702,20230314,14,125,1,9,3,59000,0.05,168200,36000,132200
SO106346,20230314,7,100,15,7,1,499000,0.15,424200,280000,144200
SO110443,20230315,11,220,6,2,5,199000,0.1,895500,425000,470500
SO101675,20230315,11,83,8,7,4,199000,0.0,796000,340000,456000
SO111734,20230315,18,48,4,4,5,649000,0.05,3082800,1600000,1482800
SO106157,20230315,1,207,18,7,5,13999000,0.0,69995000,49000000,20995000
SO107527,20230315,3,159,4,11,3,1999000,0.1,5397300,4350000,1047300
SO106530,20230315,11,157,12,6,1,199000,0.05,189000,85000,104000
SO103639,20230315,20,61,11,3,3,129000,0.0,387000,165000,222000
SO109085,20230315,9,95,3,12,3,349000,0.0,1047000,570000,477000
SO100107,20230315,13,40,5,2,3,89000,0.1,240300,75000,165300
SO110170,20230315,13,217,8,11,4,89000,0.0,356000,100000,256000
SO110433,20230315,19,2,1,2,5,169000,0.0,845000,375000,470000
SO101348,20230315,16,287,6,6,4,1599000,0.0,6396000,3680000,2716000
SO100343,20230315,7,185,3,6,2,499000,0.05,948100,560000,388100
SO108126,20230315,18,164,12,12,1,649000,0.05,616600,320000,296600
SO111699,20230315,14,86,2,1,3,59000,0.1,159300,36000,123300
SO100570,20230316,14,106,1,1,1,59000,0.0,59000,12000,47000
SO108046,20230316,18,258,2,9,3,649000,0.1,1752300,960000,792300
SO104167,20230316,14,194,14,3,4,59000,0.0,236000,48000,188000
SO104973,20230316,20,297,4,5,2,129000,0.0,258000,110000,148000
SO110345,20230316,10,35,6,10,5,599000,0.0,2995000,1550000,1445000
SO101377,20230316,18,271,2,9,4,649000,0.05,2466200,1280000,1186200
SO107503,20230316,20,136,11,7,4,129000,0.0,516000,220000,296000
SO110157,20230316,16,250,7,1,2,1599000,0.0,3198000,1840000,1358000
SO100633,20230317,13,251,7,7,5,89000,0.0,445000,125000,320000
SO106161,20230317,9,49,1,12,4,349000,0.0,1396000,760000,636000
SO101394,20230317,19,180,1,2,3,169000,0.0,507000,225000,282000
SO105435,20230317,19,19,1,9,1,169000,0.05,160600,75000,85600
SO108230,20230317,13,178,1,5,3,89000,0.1,240300,75000,165300
SO100387,20230317,19,286,4,11,4,169000,0.0,676000,300000,376000
SO106819,20230317,20,149,2,6,2,129000,0.0,258000,110000,148000
SO107251,20230317,5,289,2,4,2,3999000,0.0,7998000,5800000,2198000
SO100040,20230317,11,30,6,9,2,199000,0.05,378100,170000,208100
SO111677,20230318,8,97,1,3,1,799000,0.1,719100,420000,299100
SO103313,20230318,17,32,7,3,4,329000,0.05,1250200,600000,650200
SO102546,20230318,19,92,3,3,1,169000,0.0,169000,75000,94000
SO111262,20230318,14,281,3,6,5,59000,0.0,295000,60000,235000
SO108516,20230318,13,151,1,8,5,89000,0.05,422800,125000,297800
SO109383,20230318,12,126,1,3,1,299000,0.0,299000,120000,179000
SO101263,20230318,8,255,1,3,4,799000,0.0,3196000,1680000,1516000
SO107151,20230318,13,258,2,8,2,89000,0.0,178000,50000,128000
SO110627,20230318,9,99,3,12,4,349000,0.0,1396000,760000,636000
SO103255,20230318,19,108,4,5,4,169000,0.0,676000,300000,376000
SO111156,20230318,14,174,4,11,3,59000,0.05,168200,36000,132200
SO100961,20230318,7,284,2,12,4,499000,0.0,1996000,1120000,876000
SO103985,20230318,20,210,3,9,3,129000,0.1,348300,165000,183300
SO105273,20230318,9,273,2,4,1,349000,0.05,331600,190000,141600
SO109998,20230318,19,34,1,1,4,169000,0.05,642200,300000,342200
SO108476,20230318,17,242,13,9,5,329000,0.05,1562800,750000,812800
SO104108,20230318,19,226,11,10,1,169000,0.0,169000,75000,94000
SO109403,20230318,9,176,1,10,3,349000,0.0,1047000,570000,477000
SO109769,20230318,14,48,4,11,3,59000,0.0,177000,36000,141000
SO106672,20230318,8,199,6,11,2,799000,0.0,1598000,840000,758000
SO110359,20230319,16,103,8,4,1,1599000,0.1,1439100,920000,519100
SO110913,20230319,11,255,1,5,5,199000,0.0,995000,425000,570000
SO103537,20230319,12,211,1,6,3,299000,0.0,897000,360000,537000
SO104661,20230319,3,235,15,8,4,1999000,0.05,7596200,5800000,1796200
SO100210,20230319,8,174,4,2,4,799000,0.0,3196000,1680000,1516000
SO100058,20230319,12,104,12,3,4,299000,0.1,1076400,480000,596400
SO105909,20230320,14,31,2,2,3,59000,0.0,177000,36000,141000
SO103843,20230320,14,200,8,8,4,59000,0.05,224200,48000,176200
SO102581,20230320,17,151,1,4,3,329000,0.0,987000,450000,537000
SO110945,20230320,9,275,3,11,1,349000,0.1,314100,190000,124100
SO110917,20230320,20,4,3,2,1,129000,0.05,122600,55000,67600
SO104601,20230320,13,173,15,2,5,89000,0.0,445000,125000,320000
SO110252,20230320,15,15,7,7,2,899000,0.0,1798000,960000,838000
SO110376,20230320,7,205,7,8,2,499000,0.0,998000,560000,438000
SO101407,20230320,15,201,9,8,1,899000,0.0,899000,480000,419000
SO107848,20230320,13,94,3,12,2,89000,0.0,178000,50000,128000
SO101724,20230320,12,159,4,6,1,299000,0.05,284000,120000,164000
SO104020,20230320,20,158,3,12,5,129000,0.05,612800,275000,337800
SO108242,20230320,19,248,1,5,4,169000,0.0,676000,300000,376000
SO109749,20230321,15,56,7,9,1,899000,0.0,899000,480000,419000
SO104086,20230321,14,66,12,5,3,59000,0.0,177000,36000,141000
SO102315,20230321,17,68,4,3,3,329000,0.05,937600,450000,487600
SO110134,20230321,20,164,12,7,2,129000,0.1,232200,110000,122200
SO110613,20230321,11,213,6,6,5,199000,0.05,945200,425000,520200
SO105164,20230321,14,113,15,6,2,59000,0.05,112100,24000,88100
SO109298,20230321,16,171,1,7,2,1599000,0.0,3198000,1840000,1358000
SO106245,20230321,19,178,1,12,3,169000,0.15,431000,225000,206000
SO100801,20230321,14,172,1,4,2,59000,0.1,106200,24000,82200
SO110423,20230321,14,37,12,5,2,59000,0.0,118000,24000,94000
SO105889,20230321,11,193,1,7,3,199000,0.1,537300,255000,282300
SO106449,20230321,13,10,2,5,4,89000,0.0,356000,100000,256000
SO111295,20230321,20,111,1,3,2,129000,0.0,258000,110000,148000
SO106167,20230321,20,47,3,3,2,129000,0.0,258000,110000,148000
SO102878,20230321,13,288,2,6,4,89000,0.0,356000,100000,256000
SO100627,20230322,20,275,3,3,1,129000,0.0,129000,55000,74000
SO100145,20230322,8,36,1,8,4,799000,0.0,3196000,1680000,1516000
SO108322,20230322,20,99,3,9,4,129000,0.05,490200,220000,270200
SO104038,20230322,14,50,9,1,4,59000,0.05,224200,48000,176200
SO105738,20230322,5,229,12,11,5,3999000,0.0,19995000,14500000,5495000
SO103961,20230322,13,224,1,7,5,89000,0.15,378200,125000,253200
SO111113,20230322,19,195,3,10,2,169000,0.05,321100,150000,171100
SO106896,20230322,19,158,3,11,1,169000,0.0,169000,75000,94000
SO104366,20230322,14,297,4,8,2,59000,0.05,112100,24000,88100
SO108715,20230322,14,81,17,11,3,59000,0.1,159300,36000,123300
SO106527,20230322,4,121,13,4,2,8999000,0.0,17998000,12400000,5598000
SO105022,20230323,15,268,8,3,4,899000,0.05,3416200,1920000,1496200
SO107875,20230323,12,133,1,3,4,299000,0.05,1136200,480000,656200
SO106624,20230323,11,58,16,6,5,199000,0.0,995000,425000,570000
SO107619,20230323,17,215,14,10,3,329000,0.0,987000,450000,537000
SO101252,20230323,1,204,3,9,4,13999000,0.0,55996000,39200000,16796000
SO109049,20230323,2,233,7,10,2,4499000,0.05,8548100,6200000,2348100
SO111047,20230323,15,68,4,8,5,899000,0.0,4495000,2400000,2095000
SO108709,20230323,13,193,1,5,5,89000,0.05,422800,125000,297800
SO111870,20230323,18,3,1,12,2,649000,0.0,1298000,640000,658000
SO108464,20230324,7,61,11,6,1,499000,0.05,474000,280000,194000
SO110249,20230324,20,288,2,3,3,129000,0.0,387000,165000,222000
SO104610,20230324,19,114,7,12,5,169000,0.0,845000,375000,470000
SO104848,20230324,11,207,18,5,1,199000,0.0,199000,85000,114000
SO102561,20230324,17,205,7,2,1,329000,0.05,312600,150000,162600
SO107544,20230324,14,217,8,12,4,59000,0.0,236000,48000,188000
SO102059,20230324,11,94,3,6,3,199000,0.0,597000,255000,342000
SO102320,20230324,11,270,6,7,1,199000,0.0,199000,85000,114000
SO102086,20230324,20,11,12,3,3,129000,0.05,367600,165000,202600
SO102039,20230324,10,83,8,12,5,599000,0.0,2995000,1550000,1445000
SO104508,20230324,19,270,6,6,1,169000,0.0,169000,75000,94000
SO101809,20230324,7,35,6,4,1,499000,0.1,449100,280000,169100
SO108766,20230325,15,201,9,11,1,899000,0.05,854000,480000,374000
SO105891,20230325,7,149,2,6,1,499000,0.05,474000,280000,194000
SO102666,20230325,12,126,1,9,3,299000,0.1,807300,360000,447300
SO111998,20230325,14,170,3,5,2,59000,0.05,112100,24000,88100
SO110751,20230325,11,66,12,12,4,199000,0.0,796000,340000,456000
SO108595,20230325,19,245,3,4,5,169000,0.0,845000,375000,470000
SO108700,20230325,7,20,1,4,3,499000,0.05,1422200,840000,582200
SO100493,20230325,14,146,1,1,2,59000,0.0,118000,24000,94000
SO106855,20230325,20,229,12,5,2,129000,0.0,258000,110000,148000
SO105181,20230326,10,271,2,9,4,599000,0.0,2396000,1240000,1156000
SO103225,20230326,14,60,1,2,3,59000,0.05,168200,36000,132200
SO101160,20230326,12,138,8,6,3,299000,0.0,897000,360000,537000
SO106414,20230326,13,158,3,4,3,89000,0.1,240300,75000,165300
SO106422,20230326,9,96,1,7,3,349000,0.0,1047000,570000,477000
SO104917,20230326,14,67,3,10,1,59000,0.0,59000,12000,47000
SO101095,20230326,19,179,2,3,3,169000,0.05,481600,225000,256600
SO105593,20230326,11,191,8,9,5,199000,0.0,995000,425000,570000
SO103228,20230326,14,157,12,9,5,59000,0.0,295000,60000,235000
SO107142,20230326,18,2,1,8,3,649000,0.0,1947000,960000,987000
SO111970,20230326,20,214,3,11,5,129000,0.0,645000,275000,370000
SO108229,20230326,17,94,3,7,5,329000,0.0,1645000,750000,895000
SO104530,20230326,20,32,7,1,2,129000,0.05,245100,110000,135100
SO109120,20230326,10,211,1,10,4,599000,0.0,2396000,1240000,1156000
SO110898,20230327,11,40,5,10,4,199000,0.0,796000,340000,456000
SO108764,20230327,12,182,14,8,4,299000,0.05,1136200,480000,656200
SO100392,20230327,9,238,3,7,1,349000,0.0,349000,190000,159000
SO100295,20230327,7,247,3,12,4,499000,0.0,1996000,1120000,876000
SO101826,20230327,7,209,1,5,2,499000,0.1,898200,560000,338200
SO111488,20230327,11,182,14,5,5,199000,0.1,895500,425000,470500
SO110434,20230327,13,176,1,12,5,89000,0.1,400500,125000,275500
SO100131,20230327,17,26,5,1,4,329000,0.0,1316000,600000,716000
SO106786,20230327,11,126,1,2,1,199000,0.05,189000,85000,104000
SO105533,20230328,17,67,3,8,2,329000,0.0,658000,300000,358000
SO109791,20230328,11,115,4,3,1,199000,0.0,199000,85000,114000
SO111829,20230328,14,22,6,4,4,59000,0.05,224200,48000,176200
SO104906,20230328,19,187,5,7,1,169000,0.0,169000,75000,94000
SO110915,20230328,9,186,3,2,5,349000,0.0,1745000,950000,795000
SO105644,20230328,13,81,17,8,2,89000,0.0,178000,50000,128000
SO101143,20230328,5,156,11,11,4,3999000,0.0,15996000,11600000,4396000
SO101888,20230328,19,66,12,2,2,169000,0.05,321100,150000,171100
SO109196,20230328,11,105,2,10,2,199000,0.0,398000,170000,228000
SO107296,20230328,20,27,6,8,4,129000,0.05,490200,220000,270200
SO105685,20230328,4,248,1,4,2,8999000,0.0,17998000,12400000,5598000
SO102606,20230328,14,235,15,10,2,59000,0.0,118000,24000,94000
SO104801,20230328,13,204,3,9,1,89000,0.0,89000,25000,64000
SO102208,20230329,12,155,8,5,5,299000,0.0,1495000,600000,895000
SO101704,20230329,11,67,3,12,2,199000,0.0,398000,170000,228000
SO111872,20230329,13,1,2,11,1,89000,0.1,80100,25000,55100
SO109705,20230329,20,159,4,4,5,129000,0.05,612800,275000,337800
SO105965,20230329,20,63,1,2,3,129000,0.05,367600,165000,202600
SO110166,20230329,9,92,3,12,4,349000,0.05,1326200,760000,566200
SO102537,20230329,20,140,3,10,5,129000,0.05,612800,275000,337800
SO109418,20230329,14,157,12,1,2,59000,0.1,106200,24000,82200
SO103109,20230329,11,298,3,5,1,199000,0.05,189000,85000,104000
SO102715,20230329,20,62,14,7,2,129000,0.0,258000,110000,148000
SO110132,20230329,8,204,3,4,4,799000,0.0,3196000,1680000,1516000
SO102109,20230330,19,89,3,8,4,169000,0.05,642200,300000,342200
SO110276,20230330,14,203,14,1,2,59000,0.0,118000,24000,94000
SO105782,20230330,11,270,6,12,4,199000,0.0,796000,340000,456000
SO104153,20230330,19,7,8,4,2,169000,0.05,321100,150000,171100
SO104710,20230330,9,151,1,9,1,349000,0.0,349000,190000,159000
SO106005,20230330,14,157,12,3,5,59000,0.1,265500,60000,205500
SO110176,20230330,13,242,13,4,1,89000,0.0,89000,25000,64000
SO104373,20230330,11,73,1,11,3,199000,0.0,597000,255000,342000
SO107117,20230330,12,265,14,5,3,299000,0.05,852200,360000,492200
SO106285,20230330,17,46,17,12,5,329000,0.0,1645000,750000,895000
SO104056,20230330,20,72,6,6,2,129000,0.1,232200,110000,122200
SO109130,20230331,2,28,2,8,3,4499000,0.0,13497000,9300000,4197000
SO107224,20230331,17,84,12,1,1,329000,0.05,312600,150000,162600
SO104604,20230331,9,152,3,4,5,349000,0.05,1657800,950000,707800
SO105794,20230331,18,63,1,1,4,649000,0.0,2596000,1280000,1316000
SO109529,20230331,13,182,14,7,3,89000,0.1,240300,75000,165300
SO106548,20230331,19,87,6,2,4,169000,0.0,676000,300000,376000
SO104361,20230331,6,90,6,10,1,2199000,0.0,2199000,1350000,849000
SO102045,20230331,13,266,1,3,5,89000,0.0,445000,125000,320000
SO107389,20230331,9,148,1,12,5,349000,0.0,1745000,950000,795000
SO100303,20230331,13,290,14,6,2,89000,0.05,169100,50000,119100
SO108483,20230331,18,37,12,2,5,649000,0.0,3245000,1600000,1645000
SO109492,20230331,6,162,1,5,4,2199000,0.0,8796000,5400000,3396000
SO100345,20230331,19,294,8,8,1,169000,0.1,152100,75000,77100
SO108172,20230401,11,133,1,12,4,199000,0.1,716400,340000,376400
SO101749,20230401,13,62,14,9,1,89000,0.0,89000,25000,64000
SO101933,20230401,13,108,4,6,4,89000,0.0,356000,100000,256000
SO104623,20230401,3,273,2,12,4,1999000,0.0,7996000,5800000,2196000
SO102217,20230401,14,129,1,3,1,59000,0.05,56000,12000,44000
SO107732,20230401,12,86,2,6,4,299000,0.0,1196000,480000,716000
SO104453,20230401,7,300,7,5,3,499000,0.0,1497000,840000,657000
SO108602,20230402,8,202,1,3,1,799000,0.1,719100,420000,299100
SO107947,20230402,17,246,3,12,2,329000,0.1,592200,300000,292200
SO103660,20230402,13,109,3,11,1,89000,0.0,89000,25000,64000
SO110277,20230402,14,292,11,5,4,59000,0.0,236000,48000,188000
SO100800,20230402,12,50,9,1,5,299000,0.05,1420200,600000,820200
SO106509,20230402,20,148,1,6,3,129000,0.0,387000,165000,222000
SO111724,20230402,17,242,13,12,2,329000,0.05,625100,300000,325100
SO109433,20230402,17,43,8,9,1,329000,0.05,312600,150000,162600
SO103193,20230402,11,216,2,10,5,199000,0.05,945200,425000,520200
SO106993,20230402,17,106,1,4,2,329000,0.0,658000,300000,358000
SO104998,20230402,9,284,2,6,4,349000,0.0,1396000,760000,636000
SO111126,20230403,15,22,6,10,3,899000,0.05,2562200,1440000,1122200
SO110086,20230403,15,110,2,12,4,899000,0.1,3236400,1920000,1316400
SO104992,20230403,17,96,1,2,4,329000,0.0,1316000,600000,716000
SO109807,20230403,14,127,2,3,3,59000,0.0,177000,36000,141000
SO109164,20230403,17,91,14,6,5,329000,0.0,1645000,750000,895000
SO101247,20230403,12,249,1,6,4,299000,0.0,1196000,480000,716000
SO101886,20230403,19,158,3,12,2,169000,0.0,338000,150000,188000
SO100121,20230403,13,13,1,6,1,89000,0.0,89000,25000,64000
SO105026,20230403,13,59,1,11,1,89000,0.05,84600,25000,59600
SO108132,20230403,7,73,1,3,1,499000,0.05,474000,280000,194000
SO106086,20230404,19,239,5,3,1,169000,0.05,160600,75000,85600
SO101129,20230404,11,199,6,1,2,199000,0.05,378100,170000,208100
SO104503,20230404,9,281,3,1,3,349000,0.0,1047000,570000,477000
SO101320,20230404,12,259,7,11,5,299000,0.1,1345500,600000,745500
SO111927,20230404,14,67,3,12,4,59000,0.0,236000,48000,188000
SO103136,20230404,20,119,8,8,5,129000,0.0,645000,275000,370000
SO100383,20230404,8,241,4,12,4,799000,0.0,3196000,1680000,1516000
SO101223,20230404,15,254,2,3,5,899000,0.05,4270200,2400000,1870200
SO109377,20230404,13,233,7,9,5,89000,0.0,445000,125000,320000
SO107572,20230404,15,16,1,2,2,899000,0.0,1798000,960000,838000
SO110667,20230405,19,179,2,11,3,169000,0.1,456300,225000,231300
SO107766,20230405,7,213,6,6,1,499000,0.1,449100,280000,169100
SO101098,20230405,9,283,11,2,3,349000,0.0,1047000,570000,477000
SO104647,20230405,14,142,8,5,2,59000,0.0,118000,24000,94000
SO103234,20230405,20,106,1,4,2,129000,0.05,245100,110000,135100
SO110477,20230405,19,257,12,2,5,169000,0.0,845000,375000,470000
SO106117,20230405,20,62,14,11,2,129000,0.0,258000,110000,148000
SO100057,20230405,18,30,6,3,1,649000,0.0,649000,320000,329000
SO111568,20230405,12,109,3,3,4,299000,0.0,1196000,480000,716000
SO103253,20230405,13,113,15,4,3,89000,0.05,253600,75000,178600
SO105840,20230405,10,85,3,7,4,599000,0.0,2396000,1240000,1156000
SO101241,20230406,13,11,12,9,4,89000,0.0,356000,100000,256000
SO101328,20230406,7,249,1,6,4,499000,0.0,1996000,1120000,876000
SO104624,20230406,15,278,3,4,5,899000,0.0,4495000,2400000,2095000
SO102302,20230406,11,284,2,9,5,199000,0.0,995000,425000,570000
SO102856,20230406,13,259,7,7,2,89000,0.0,178000,50000,128000
SO101243,20230406,11,228,3,9,4,199000,0.0,796000,340000,456000
SO107844,20230406,20,56,7,4,1,129000,0.0,129000,55000,74000
SO104980,20230406,9,70,8,7,2,349000,0.0,698000,380000,318000
SO104521,20230406,9,62,14,7,1,349000,0.0,349000,190000,159000
SO110664,20230407,14,169,5,3,2,59000,0.0,118000,24000,94000
SO108261,20230407,5,253,1,11,5,3999000,0.0,19995000,14500000,5495000
SO109389,20230407,14,148,1,6,3,59000,0.1,159300,36000,123300
SO111877,20230407,20,11,12,3,1,129000,0.1,116100,55000,61100
SO104588,20230407,10,167,4,9,3,599000,0.0,1797000,930000,867000
SO101569,20230407,19,14,1,8,4,169000,0.0,676000,300000,376000
SO109594,20230407,14,36,1,10,3,59000,0.0,177000,36000,141000
SO110942,20230407,12,35,6,5,1,299000,0.0,299000,120000,179000
SO104247,20230407,10,197,3,12,5,599000,0.0,2995000,1550000,1445000
SO107515,20230407,10,91,14,12,5,599000,0.0,2995000,1550000,1445000
SO100017,20230407,19,254,2,10,2,169000,0.0,338000,150000,188000
SO100436,20230407,14,27,6,9,4,59000,0.05,224200,48000,176200
SO103090,20230407,20,286,4,9,2,129000,0.05,245100,110000,135100
SO106834,20230407,6,209,1,4,2,2199000,0.0,4398000,2700000,1698000
SO106744,20230407,20,130,11,4,1,129000,0.0,129000,55000,74000
SO111117,20230408,3,251,7,6,3,1999000,0.0,5997000,4350000,1647000
SO108965,20230408,8,61,11,6,5,799000,0.0,3995000,2100000,1895000
SO111066,20230408,14,198,9,3,1,59000,0.05,56000,12000,44000
SO103873,20230408,20,136,11,1,5,129000,0.05,612800,275000,337800
SO108519,20230408,13,171,1,11,1,89000,0.0,89000,25000,64000
SO102058,20230408,11,35,6,4,4,199000,0.1,716400,340000,376400
SO103452,20230408,9,271,2,11,2,349000,0.0,698000,380000,318000
SO103237,20230408,11,245,3,11,1,199000,0.05,189000,85000,104000
SO109500,20230408,14,120,12,9,4,59000,0.0,236000,48000,188000
SO103626,20230408,18,143,9,2,2,649000,0.0,1298000,640000,658000
SO103157,20230408,7,40,5,7,2,499000,0.05,948100,560000,388100
SO111296,20230409,13,1,2,4,4,89000,0.1,320400,100000,220400
SO109717,20230409,13,112,4,10,1,89000,0.0,89000,25000,64000
SO100809,20230409,13,123,17,7,2,89000,0.0,178000,50000,128000
SO103646,20230409,5,158,3,12,5,3999000,0.0,19995000,14500000,5495000
SO103059,20230409,19,78,1,8,5,169000,0.05,802800,375000,427800
SO100727,20230409,15,220,6,2,2,899000,0.0,1798000,960000,838000
SO111020,20230409,12,67,3,4,3,299000,0.1,807300,360000,447300
SO102211,20230409,11,34,1,2,3,199000,0.05,567200,255000,312200
SO102887,20230409,8,262,1,1,5,799000,0.0,3995000,2100000,1895000
SO100895,20230409,12,206,1,3,5,299000,0.0,1495000,600000,895000
SO110072,20230409,11,247,3,7,1,199000,0.0,199000,85000,114000
SO102164,20230409,13,31,2,6,3,89000,0.05,253600,75000,178600
SO103119,20230409,13,295,8,7,1,89000,0.0,89000,25000,64000
SO104535,20230409,19,175,15,5,4,169000,0.0,676000,300000,376000
SO100667,20230409,14,71,9,7,2,59000,0.0,118000,24000,94000
SO101291,20230409,4,137,6,9,3,8999000,0.0,26997000,18600000,8397000
SO105548,20230410,11,175,15,3,3,199000,0.05,567200,255000,312200
SO106208,20230410,9,167,4,6,2,349000,0.0,698000,380000,318000
SO109537,20230410,9,128,5,7,5,349000,0.0,1745000,950000,795000
SO101666,20230410,9,112,4,9,3,349000,0.0,1047000,570000,477000
SO103738,20230411,13,115,4,12,4,89000,0.1,320400,100000,220400
SO110990,20230411,9,228,3,6,3,349000,0.0,1047000,570000,477000
SO107149,20230411,14,141,3,6,4,59000,0.05,224200,48000,176200
SO105912,20230411,6,101,2,9,5,2199000,0.0,10995000,6750000,4245000
SO104110,20230411,19,202,1,10,2,169000,0.0,338000,150000,188000
SO108411,20230411,19,45,8,6,5,169000,0.05,802800,375000,427800
SO102842,20230411,12,156,11,7,2,299000,0.0,598000,240000,358000
SO108481,20230411,6,5,1,3,3,2199000,0.0,6597000,4050000,2547000
SO104111,20230411,17,93,1,9,5,329000,0.1,1480500,750000,730500
SO102481,20230411,13,162,1,10,5,89000,0.0,445000,125000,320000
SO102990,20230411,14,297,4,1,1,59000,0.1,53100,12000,41100
SO109459,20230411,20,256,9,8,3,129000,0.0,387000,165000,222000
SO111951,20230411,14,118,2,3,1,59000,0.0,59000,12000,47000
SO100669,20230412,12,86,2,12,2,299000,0.0,598000,240000,358000
SO106799,20230412,13,230,8,1,3,89000,0.0,267000,75000,192000
SO110878,20230412,19,262,1,2,4,169000,0.0,676000,300000,376000
SO100708,20230412,3,121,13,12,1,1999000,0.1,1799100,1450000,349100
SO110330,20230412,13,244,7,9,3,89000,0.05,253600,75000,178600
SO111135,20230412,14,220,6,3,3,59000,0.0,177000,36000,141000
SO109129,20230412,16,23,1,9,5,1599000,0.15,6795800,4600000,2195800
SO109022,20230412,14,263,2,11,1,59000,0.0,59000,12000,47000
SO104713,20230413,19,237,8,3,3,169000,0.0,507000,225000,282000
SO108832,20230413,12,217,8,10,1,299000,0.05,284000,120000,164000
SO103677,20230413,19,168,4,3,3,169000,0.0,507000,225000,282000
SO101693,20230413,17,205,7,6,5,329000,0.0,1645000,750000,895000
SO105137,20230413,15,197,3,2,4,899000,0.0,3596000,1920000,1676000
SO100867,20230413,20,20,1,2,2,129000,0.0,258000,110000,148000
SO103481,20230413,3,107,1,6,3,1999000,0.0,5997000,4350000,1647000
SO102298,20230413,18,220,6,10,1,649000,0.0,649000,320000,329000
SO110904,20230413,9,107,1,2,3,349000,0.0,1047000,570000,477000
SO104859,20230413,20,259,7,8,5,129000,0.0,645000,275000,370000
SO105168,20230413,12,34,1,11,2,299000,0.0,598000,240000,358000
SO107076,20230413,14,183,2,10,4,59000,0.0,236000,48000,188000
SO103194,20230413,10,71,9,11,5,599000,0.05,2845200,1550000,1295200
SO108566,20230414,8,223,3,1,3,799000,0.1,2157300,1260000,897300
SO108470,20230414,14,55,3,3,3,59000,0.05,168200,36000,132200
SO110428,20230414,19,43,8,4,2,169000,0.1,304200,150000,154200
SO110313,20230414,13,10,2,10,1,89000,0.0,89000,25000,64000
SO102336,20230414,9,244,7,2,1,349000,0.0,349000,190000,159000
SO102876,20230414,14,30,6,9,2,59000,0.0,118000,24000,94000
SO107566,20230414,20,110,2,4,5,129000,0.15,548200,275000,273200
SO106474,20230414,19,258,2,7,4,169000,0.0,676000,300000,376000
SO108636,20230415,19,11,12,5,3,169000,0.0,507000,225000,282000
SO106984,20230415,15,133,1,8,2,899000,0.05,1708100,960000,748100
SO101484,20230415,13,217,8,7,3,89000,0.0,267000,75000,192000
SO110025,20230415,16,150,11,4,1,1599000,0.05,1519000,920000,599000
SO110543,20230415,20,192,3,7,2,129000,0.0,258000,110000,148000
SO110124,20230415,8,202,1,12,2,799000,0.05,1518100,840000,678100
SO104263,20230415,3,74,13,1,3,1999000,0.05,5697200,4350000,1347200
SO110185,20230415,17,223,3,3,2,329000,0.05,625100,300000,325100
SO109266,20230415,15,226,11,5,2,899000,0.05,1708100,960000,748100
SO102070,20230415,7,206,1,10,1,499000,0.0,499000,280000,219000
SO107496,20230415,13,131,6,3,4,89000,0.0,356000,100000,256000
SO108398,20230415,14,190,10,9,4,59000,0.0,236000,48000,188000
SO110326,20230415,20,195,3,1,4,129000,0.0,516000,220000,296000
SO108660,20230415,13,272,6,12,2,89000,0.0,178000,50000,128000
SO111830,20230415,2,248,1,7,2,4499000,0.0,8998000,6200000,2798000
SO106998,20230416,19,247,3,7,2,169000,0.1,304200,150000,154200
SO111883,20230416,13,19,1,11,5,89000,0.0,445000,125000,320000
SO100329,20230416,13,200,8,6,1,89000,0.0,89000,25000,64000
SO103580,20230416,19,45,8,6,1,169000,0.0,169000,75000,94000
SO107877,20230416,18,263,2,5,2,649000,0.0,1298000,640000,658000
SO111759,20230416,12,19,1,1,2,299000,0.0,598000,240000,358000
SO100691,20230416,14,108,4,3,1,59000,0.0,59000,12000,47000
SO111278,20230416,7,280,6,7,2,499000,0.0,998000,560000,438000
SO100859,20230416,12,174,4,9,1,299000,0.1,269100,120000,149100
SO103479,20230417,6,262,1,6,2,2199000,0.05,4178100,2700000,1478100
SO109737,20230417,11,150,11,8,5,199000,0.0,995000,425000,570000
SO102679,20230417,20,182,14,12,5,129000,0.1,580500,275000,305500
SO101213,20230417,8,40,5,5,5,799000,0.05,3795200,2100000,1695200
SO107671,20230417,18,198,9,9,5,649000,0.0,3245000,1600000,1645000
SO107357,20230417,15,138,8,8,1,899000,0.0,899000,480000,419000
SO105455,20230417,15,23,1,6,3,899000,0.1,2427300,1440000,987300
SO111647,20230417,17,18,18,11,2,329000,0.0,658000,300000,358000
SO110143,20230417,12,197,3,1,2,299000,0.05,568100,240000,328100
SO106278,20230418,12,226,11,9,3,299000,0.1,807300,360000,447300
SO101910,20230418,13,102,1,10,1,89000,0.0,89000,25000,64000
SO105747,20230418,13,195,3,5,5,89000,0.0,445000,125000,320000
SO110512,20230418,20,95,3,11,2,129000,0.05,245100,110000,135100
SO106199,20230418,14,298,3,2,3,59000,0.1,159300,36000,123300
SO107931,20230418,17,56,7,12,1,329000,0.0,329000,150000,179000
SO111365,20230418,3,72,6,2,5,1999000,0.05,9495200,7250000,2245200
SO110609,20230418,8,122,18,1,2,799000,0.0,1598000,840000,758000
SO108191,20230418,14,223,3,4,1,59000,0.0,59000,12000,47000
SO110115,20230418,11,175,15,2,4,199000,0.0,796000,340000,456000
SO102162,20230418,11,275,3,12,2,199000,0.0,398000,170000,228000
SO100277,20230419,20,220,6,6,1,129000,0.0,129000,55000,74000
SO101655,20230419,19,14,1,4,2,169000,0.0,338000,150000,188000
SO105326,20230419,15,30,6,11,1,899000,0.0,899000,480000,419000
SO111403,20230419,13,257,12,12,3,89000,0.1,240300,75000,165300
SO107234,20230419,12,204,3,12,3,299000,0.0,897000,360000,537000
SO104662,20230419,14,138,8,10,5,59000,0.0,295000,60000,235000
SO101225,20230419,11,294,8,4,5,199000,0.0,995000,425000,570000
SO102087,20230419,13,2,1,7,3,89000,0.05,253600,75000,178600
SO103092,20230419,10,247,3,1,3,599000,0.05,1707200,930000,777200
SO102894,20230419,7,21,18,6,5,499000,0.0,2495000,1400000,1095000
SO107737,20230420,16,71,9,12,2,1599000,0.0,3198000,1840000,1358000
SO105657,20230420,14,39,6,6,5,59000,0.0,295000,60000,235000
SO111067,20230420,8,296,8,7,2,799000,0.05,1518100,840000,678100
SO111450,20230420,17,25,12,3,4,329000,0.1,1184400,600000,584400
SO102761,20230420,20,228,3,2,5,129000,0.05,612800,275000,337800
SO104549,20230420,11,169,5,11,2,199000,0.0,398000,170000,228000
SO110375,20230420,20,57,1,5,4,129000,0.05,490200,220000,270200
SO100468,20230420,13,19,1,2,2,89000,0.05,169100,50000,119100
SO109961,20230420,19,201,9,2,2,169000,0.05,321100,150000,171100
SO103679,20230421,13,204,3,6,2,89000,0.0,178000,50000,128000
SO101532,20230421,9,128,5,12,2,349000,0.0,698000,380000,318000
SO108195,20230421,4,263,2,11,1,8999000,0.1,8099100,6200000,1899100
SO111458,20230421,7,183,2,9,4,499000,0.0,1996000,1120000,876000
SO108375,20230421,10,215,14,1,1,599000,0.0,599000,310000,289000
SO108396,20230421,8,78,1,8,1,799000,0.05,759000,420000,339000
SO109319,20230422,8,39,6,3,4,799000,0.0,3196000,1680000,1516000
SO104985,20230422,15,220,6,1,4,899000,0.05,3416200,1920000,1496200
SO111444,20230422,13,268,8,7,5,89000,0.1,400500,125000,275500
SO108429,20230422,19,112,4,3,4,169000,0.05,642200,300000,342200
SO103565,20230422,13,34,1,6,2,89000,0.0,178000,50000,128000
SO110854,20230422,12,241,4,7,2,299000,0.0,598000,240000,358000
SO102557,20230422,14,135,1,10,4,59000,0.0,236000,48000,188000
SO106940,20230422,8,245,3,10,4,799000,0.0,3196000,1680000,1516000
SO101998,20230422,16,117,2,12,3,1599000,0.1,4317300,2760000,1557300
SO111030,20230422,9,54,12,12,5,349000,0.0,1745000,950000,795000
SO107163,20230422,7,90,6,8,3,499000,0.05,1422200,840000,582200
SO106775,20230422,10,99,3,1,3,599000,0.05,1707200,930000,777200
SO109978,20230422,19,126,1,10,2,169000,0.05,321100,150000,171100
SO109349,20230423,19,86,2,2,3,169000,0.0,507000,225000,282000
SO103192,20230423,11,253,1,10,2,199000,0.1,358200,170000,188200
SO108273,20230423,14,36,1,3,2,59000,0.0,118000,24000,94000
SO111384,20230423,10,199,6,11,2,599000,0.0,1198000,620000,578000
SO101906,20230423,13,234,2,9,3,89000,0.0,267000,75000,192000
SO105431,20230423,3,141,3,1,2,1999000,0.0,3998000,2900000,1098000
SO102652,20230424,4,31,2,2,5,8999000,0.1,40495500,31000000,9495500
SO108671,20230424,14,95,3,4,2,59000,0.0,118000,24000,94000
SO104791,20230424,12,129,1,9,4,299000,0.0,1196000,480000,716000
SO102682,20230424,2,164,12,5,1,4499000,0.0,4499000,3100000,1399000
SO105944,20230424,16,193,1,2,4,1599000,0.0,6396000,3680000,2716000
SO105012,20230424,16,162,1,10,2,1599000,0.05,3038100,1840000,1198100
SO110030,20230424,10,170,3,6,2,599000,0.05,1138100,620000,518100
SO103422,20230424,19,238,3,12,4,169000,0.0,676000,300000,376000
SO109409,20230424,18,157,12,12,1,649000,0.0,649000,320000,329000
SO105764,20230424,20,297,4,11,2,129000,0.1,232200,110000,122200
SO102220,20230425,13,226,11,1,3,89000,0.05,253600,75000,178600
SO106183,20230425,13,239,5,9,4,89000,0.1,320400,100000,220400
SO104288,20230425,17,37,12,10,3,329000,0.0,987000,450000,537000
SO111152,20230425,14,226,11,2,3,59000,0.0,177000,36000,141000
SO104656,20230425,12,22,6,7,1,299000,0.0,299000,120000,179000
SO108619,20230425,12,156,11,12,2,299000,0.0,598000,240000,358000
SO108426,20230425,17,129,1,2,2,329000,0.0,658000,300000,358000
SO101839,20230425,4,107,1,6,4,8999000,0.0,35996000,24800000,11196000
SO111094,20230425,11,220,6,7,2,199000,0.0,398000,170000,228000
SO100084,20230425,8,188,1,12,5,799000,0.0,3995000,2100000,1895000
SO110970,20230425,1,243,3,2,4,13999000,0.0,55996000,39200000,16796000
SO103756,20230426,18,191,8,5,1,649000,0.05,616600,320000,296600
SO100711,20230426,20,66,12,12,3,129000,0.05,367600,165000,202600
SO102328,20230426,19,143,9,5,4,169000,0.0,676000,300000,376000
SO103608,20230426,11,299,1,2,1,199000,0.0,199000,85000,114000
SO105185,20230426,12,79,8,6,5,299000,0.0,1495000,600000,895000
SO106433,20230426,18,279,12,3,5,649000,0.1,2920500,1600000,1320500
SO102495,20230426,13,267,5,4,4,89000,0.05,338200,100000,238200
SO109481,20230426,19,260,1,12,1,169000,0.0,169000,75000,94000
SO104222,20230426,2,108,4,11,2,4499000,0.0,8998000,6200000,2798000
SO102882,20230427,3,130,11,7,2,1999000,0.0,3998000,2900000,1098000
SO102920,20230427,16,268,8,8,2,1599000,0.05,3038100,1840000,1198100
SO104053,20230427,6,82,3,6,5,2199000,0.05,10445200,6750000,3695200
SO101117,20230427,11,4,3,1,3,199000,0.0,597000,255000,342000
SO104681,20230427,11,159,4,8,2,199000,0.1,358200,170000,188200
SO106870,20230427,15,167,4,2,5,899000,0.0,4495000,2400000,2095000
SO111236,20230427,14,208,2,10,3,59000,0.0,177000,36000,141000
SO109078,20230428,18,179,2,9,5,649000,0.05,3082800,1600000,1482800
SO107316,20230428,10,145,14,8,3,599000,0.0,1797000,930000,867000
SO106674,20230428,13,280,6,11,2,89000,0.05,169100,50000,119100
SO102664,20230428,12,281,3,8,3,299000,0.0,897000,360000,537000
SO108441,20230428,3,245,3,12,5,1999000,0.05,9495200,7250000,2245200
SO105207,20230428,17,85,3,12,3,329000,0.0,987000,450000,537000
SO101250,20230428,20,146,1,2,4,129000,0.0,516000,220000,296000
SO109087,20230428,4,144,1,12,1,8999000,0.0,8999000,6200000,2799000
SO101797,20230428,19,208,2,12,1,169000,0.0,169000,75000,94000
SO100892,20230428,16,134,2,3,1,1599000,0.05,1519000,920000,599000
SO110355,20230428,18,157,12,12,1,649000,0.0,649000,320000,329000
SO101498,20230428,9,62,14,5,1,349000,0.1,314100,190000,124100
SO101030,20230429,19,115,4,12,5,169000,0.05,802800,375000,427800
SO100328,20230429,20,25,12,6,2,129000,0.05,245100,110000,135100
SO110501,20230429,13,120,12,11,4,89000,0.0,356000,100000,256000
SO107952,20230429,14,129,1,1,2,59000,0.1,106200,24000,82200
SO110954,20230429,13,203,14,3,1,89000,0.0,89000,25000,64000
SO110731,20230429,3,124,15,7,5,1999000,0.1,8995500,7250000,1745500
SO100525,20230429,20,215,14,1,1,129000,0.0,129000,55000,74000
SO106338,20230429,14,259,7,5,5,59000,0.0,295000,60000,235000
SO101364,20230430,14,163,14,1,2,59000,0.05,112100,24000,88100
SO106734,20230430,14,294,8,10,1,59000,0.0,59000,12000,47000
SO109024,20230430,19,231,18,3,4,169000,0.05,642200,300000,342200
SO107768,20230430,9,266,1,2,2,349000,0.1,628200,380000,248200
SO102190,20230430,17,92,3,6,3,329000,0.0,987000,450000,537000
SO100357,20230430,14,249,1,8,5,59000,0.0,295000,60000,235000
SO102867,20230430,18,94,3,2,1,649000,0.0,649000,320000,329000
SO100965,20230430,12,209,1,1,1,299000,0.0,299000,120000,179000
SO107734,20230430,8,169,5,2,2,799000,0.0,1598000,840000,758000
SO103437,20230430,8,120,12,4,4,799000,0.1,2876400,1680000,1196400
SO100665,20230430,11,110,2,4,5,199000,0.1,895500,425000,470500
SO102646,20230430,6,175,15,4,5,2199000,0.0,10995000,6750000,4245000
SO102849,20230501,11,232,5,11,3,199000,0.0,597000,255000,342000
SO105147,20230501,17,258,2,11,5,329000,0.0,1645000,750000,895000
SO107353,20230501,13,138,8,11,2,89000,0.1,160200,50000,110200
SO106267,20230502,19,293,17,8,5,169000,0.0,845000,375000,470000
SO110510,20230502,15,180,1,5,2,899000,0.0,1798000,960000,838000
SO110117,20230502,19,42,7,2,1,169000,0.0,169000,75000,94000
SO110182,20230502,14,111,1,10,5,59000,0.05,280200,60000,220200
SO101919,20230502,19,64,3,3,1,169000,0.0,169000,75000,94000
SO104337,20230502,19,69,8,2,2,169000,0.05,321100,150000,171100
SO106640,20230502,11,60,1,1,4,199000,0.05,756200,340000,416200
SO104201,20230503,3,288,2,8,5,1999000,0.0,9995000,7250000,2745000
SO106673,20230503,5,32,7,10,3,3999000,0.05,11397200,8700000,2697200
SO102594,20230503,13,64,3,7,3,89000,0.1,240300,75000,165300
SO101165,20230504,6,88,6,12,1,2199000,0.0,2199000,1350000,849000
SO101642,20230504,14,297,4,4,3,59000,0.15,150400,36000,114400
SO111238,20230504,7,39,6,1,3,499000,0.0,1497000,840000,657000
SO107987,20230504,11,44,5,8,3,199000,0.05,567200,255000,312200
SO102841,20230504,8,295,8,7,5,799000,0.0,3995000,2100000,1895000
SO107051,20230504,20,14,1,6,2,129000,0.0,258000,110000,148000
SO101051,20230504,18,70,8,6,3,649000,0.0,1947000,960000,987000
SO100071,20230504,9,174,4,10,4,349000,0.05,1326200,760000,566200
SO105500,20230504,8,87,6,9,1,799000,0.0,799000,420000,379000
SO111300,20230505,17,127,2,2,2,329000,0.1,592200,300000,292200
SO108032,20230505,18,194,14,1,1,649000,0.05,616600,320000,296600
SO106894,20230505,15,12,6,6,5,899000,0.1,4045500,2400000,1645500
SO111578,20230505,5,120,12,8,2,3999000,0.1,7198200,5800000,1398200
SO107321,20230505,20,183,2,1,2,129000,0.0,258000,110000,148000
SO101187,20230505,8,105,2,12,4,799000,0.0,3196000,1680000,1516000
SO100608,20230505,5,126,1,4,3,3999000,0.0,11997000,8700000,3297000
SO101783,20230505,17,101,2,4,5,329000,0.1,1480500,750000,730500
SO110003,20230506,14,209,1,11,1,59000,0.05,56000,12000,44000
SO108873,20230506,7,274,17,7,4,499000,0.1,1796400,1120000,676400
SO101048,20230506,12,91,14,4,1,299000,0.0,299000,120000,179000
SO100309,20230506,14,265,14,4,1,59000,0.0,59000,12000,47000
SO101134,20230506,18,108,4,6,5,649000,0.05,3082800,1600000,1482800
SO100198,20230506,13,201,9,10,3,89000,0.0,267000,75000,192000
SO102587,20230506,10,253,1,7,2,599000,0.05,1138100,620000,518100
SO102185,20230506,18,136,11,11,2,649000,0.05,1233100,640000,593100
SO102099,20230506,6,33,10,4,4,2199000,0.0,8796000,5400000,3396000
SO110622,20230506,14,127,2,12,2,59000,0.0,118000,24000,94000
SO106314,20230507,13,190,10,6,1,89000,0.0,89000,25000,64000
SO100034,20230507,11,271,2,4,1,199000,0.1,179100,85000,94100
SO108757,20230507,19,96,1,1,2,169000,0.05,321100,150000,171100
SO105646,20230507,13,11,12,11,4,89000,0.05,338200,100000,238200
SO100737,20230507,18,293,17,5,3,649000,0.05,1849600,960000,889600
SO111623,20230507,8,109,3,1,3,799000,0.0,2397000,1260000,1137000
SO108201,20230507,11,176,1,12,4,199000,0.0,796000,340000,456000
SO102898,20230507,20,185,3,5,1,129000,0.0,129000,55000,74000
SO106045,20230507,18,245,3,6,3,649000,0.05,1849600,960000,889600
SO108826,20230508,14,244,7,6,2,59000,0.05,112100,24000,88100
SO104986,20230508,20,188,1,7,3,129000,0.0,387000,165000,222000
SO105866,20230508,13,278,3,5,3,89000,0.05,253600,75000,178600
SO110614,20230508,14,192,3,8,5,59000,0.1,265500,60000,205500
SO105044,20230508,20,265,14,4,4,129000,0.05,490200,220000,270200
SO103007,20230508,10,207,18,3,1,599000,0.0,599000,310000,289000
SO108221,20230508,20,206,1,9,1,129000,0.0,129000,55000,74000
SO102111,20230508,17,236,3,2,5,329000,0.05,1562800,750000,812800
SO108590,20230508,20,297,4,5,5,129000,0.05,612800,275000,337800
SO111626,20230509,12,74,13,8,5,299000,0.05,1420200,600000,820200
SO111940,20230509,9,7,8,8,1,349000,0.05,331600,190000,141600
SO100054,20230509,12,191,8,6,1,299000,0.1,269100,120000,149100
SO104949,20230509,14,96,1,10,2,59000,0.0,118000,24000,94000
SO102068,20230509,9,190,10,4,2,349000,0.1,628200,380000,248200
SO106321,20230509,19,77,1,11,4,169000,0.1,608400,300000,308400
SO110126,20230509,3,281,3,9,4,1999000,0.05,7596200,5800000,1796200
SO104737,20230509,19,17,4,7,3,169000,0.0,507000,225000,282000
SO101415,20230510,14,81,17,1,4,59000,0.05,224200,48000,176200
SO105057,20230510,11,50,9,8,2,199000,0.0,398000,170000,228000
SO100272,20230510,3,1,2,9,1,1999000,0.0,1999000,1450000,549000
SO109580,20230510,14,243,3,6,1,59000,0.05,56000,12000,44000
SO101325,20230510,20,192,3,9,5,129000,0.0,645000,275000,370000
SO104603,20230510,20,296,8,1,1,129000,0.0,129000,55000,74000
SO108373,20230510,14,175,15,7,5,59000,0.0,295000,60000,235000
SO104371,20230510,9,60,1,4,4,349000,0.0,1396000,760000,636000
SO111338,20230510,13,216,2,12,5,89000,0.0,445000,125000,320000
SO111536,20230511,12,119,8,2,5,299000,0.0,1495000,600000,895000
SO108493,20230511,12,202,1,5,1,299000,0.1,269100,120000,149100
SO100543,20230511,17,291,14,3,3,329000,0.05,937600,450000,487600
SO101953,20230511,19,250,7,6,4,169000,0.0,676000,300000,376000
SO101058,20230511,17,54,12,11,5,329000,0.0,1645000,750000,895000
SO105636,20230512,20,233,7,11,3,129000,0.1,348300,165000,183300
SO104620,20230512,9,127,2,12,2,349000,0.0,698000,380000,318000
SO101901,20230512,19,179,2,3,1,169000,0.0,169000,75000,94000
SO110101,20230512,9,160,2,8,4,349000,0.05,1326200,760000,566200
SO105647,20230512,20,229,12,11,5,129000,0.05,612800,275000,337800
SO111827,20230512,17,121,13,4,4,329000,0.05,1250200,600000,650200
SO102034,20230512,18,263,2,1,2,649000,0.05,1233100,640000,593100
SO109098,20230513,14,133,1,12,4,59000,0.0,236000,48000,188000
SO104124,20230513,10,200,8,12,1,599000,0.0,599000,310000,289000
SO100137,20230513,9,231,18,4,3,349000,0.05,994600,570000,424600
SO100152,20230514,17,86,2,11,5,329000,0.0,1645000,750000,895000
SO111633,20230514,18,299,1,11,2,649000,0.0,1298000,640000,658000
SO108083,20230514,2,134,2,9,5,4499000,0.0,22495000,15500000,6995000
SO101884,20230514,20,227,1,2,3,129000,0.05,367600,165000,202600
SO105926,20230515,19,200,8,5,1,169000,0.05,160600,75000,85600
SO101469,20230515,7,87,6,7,3,499000,0.05,1422200,840000,582200
SO104750,20230515,6,107,1,7,5,2199000,0.0,10995000,6750000,4245000
SO102135,20230515,13,280,6,6,3,89000,0.0,267000,75000,192000
SO104621,20230515,12,94,3,11,3,299000,0.05,852200,360000,492200
SO100936,20230515,14,28,2,5,4,59000,0.05,224200,48000,176200
SO105547,20230515,12,181,1,7,2,299000,0.05,568100,240000,328100
SO111682,20230515,14,297,4,7,1,59000,0.15,50200,12000,38200
SO100242,20230516,7,12,6,9,5,499000,0.1,2245500,1400000,845500
SO108545,20230516,13,189,18,3,5,89000,0.0,445000,125000,320000
SO101664,20230516,14,145,14,7,2,59000,0.05,112100,24000,88100
SO101864,20230516,4,179,2,4,2,8999000,0.0,17998000,12400000,5598000
SO102311,20230516,8,161,2,8,1,799000,0.0,799000,420000,379000
SO102992,20230516,10,265,14,10,1,599000,0.05,569000,310000,259000
SO104412,20230517,18,163,14,6,3,649000,0.05,1849600,960000,889600
SO111244,20230517,20,93,1,4,5,129000,0.0,645000,275000,370000
SO109716,20230517,20,123,17,2,3,129000,0.05,367600,165000,202600
SO102158,20230517,16,113,15,12,4,1599000,0.0,6396000,3680000,2716000
SO110507,20230517,7,143,9,6,1,499000,0.05,474000,280000,194000
SO107663,20230517,19,23,1,6,5,169000,0.0,845000,375000,470000
SO108198,20230517,12,288,2,10,2,299000,0.0,598000,240000,358000
SO104464,20230517,19,114,7,7,4,169000,0.05,642200,300000,342200
SO101359,20230517,10,82,3,9,1,599000,0.05,569000,310000,259000
SO110802,20230517,5,97,1,1,3,3999000,0.0,11997000,8700000,3297000
SO103232,20230517,10,80,1,11,5,599000,0.0,2995000,1550000,1445000
SO109702,20230518,9,254,2,3,2,349000,0.05,663100,380000,283100
SO106991,20230518,11,222,15,9,5,199000,0.0,995000,425000,570000
SO104122,20230518,17,163,14,10,2,329000,0.1,592200,300000,292200
SO108187,20230518,7,15,7,8,2,499000,0.05,948100,560000,388100
SO102219,20230518,5,197,3,3,1,3999000,0.0,3999000,2900000,1099000
SO103101,20230518,11,201,9,6,2,199000,0.0,398000,170000,228000
SO105938,20230519,10,121,13,7,5,599000,0.0,2995000,1550000,1445000
SO104125,20230519,10,25,12,7,4,599000,0.0,2396000,1240000,1156000
SO107672,20230519,6,56,7,2,1,2199000,0.05,2089000,1350000,739000
SO104150,20230519,12,8,8,10,5,299000,0.05,1420200,600000,820200
SO109571,20230519,14,47,3,12,4,59000,0.1,212400,48000,164400
SO111167,20230519,12,83,8,8,1,299000,0.0,299000,120000,179000
SO100837,20230519,12,263,2,6,5,299000,0.0,1495000,600000,895000
SO111704,20230519,16,201,9,10,3,1599000,0.0,4797000,2760000,2037000
SO102245,20230520,8,211,1,10,5,799000,0.0,3995000,2100000,1895000
SO108455,20230520,7,131,6,5,2,499000,0.0,998000,560000,438000
SO111224,20230520,15,81,17,8,3,899000,0.0,2697000,1440000,1257000
SO111009,20230520,11,250,7,7,2,199000,0.05,378100,170000,208100
SO111420,20230520,17,214,3,12,1,329000,0.05,312600,150000,162600
SO111554,20230520,7,212,1,11,1,499000,0.0,499000,280000,219000
SO108993,20230520,20,90,6,5,2,129000,0.0,258000,110000,148000
SO106794,20230520,19,53,1,10,4,169000,0.0,676000,300000,376000
SO101683,20230520,14,105,2,11,3,59000,0.1,159300,36000,123300
SO100179,20230520,20,194,14,7,4,129000,0.0,516000,220000,296000
SO103891,20230520,16,140,3,10,1,1599000,0.0,1599000,920000,679000
SO108917,20230520,13,262,1,12,5,89000,0.0,445000,125000,320000
SO111782,20230521,12,205,7,6,2,299000,0.05,568100,240000,328100
SO110392,20230521,19,231,18,6,3,169000,0.0,507000,225000,282000
SO109723,20230521,15,270,6,9,1,899000,0.1,809100,480000,329100
SO101111,20230521,9,78,1,1,5,349000,0.0,1745000,950000,795000
SO101765,20230521,8,238,3,10,3,799000,0.0,2397000,1260000,1137000
SO110876,20230521,19,56,7,1,1,169000,0.0,169000,75000,94000
SO109801,20230521,13,292,11,12,4,89000,0.0,356000,100000,256000
SO111057,20230521,7,36,1,1,4,499000,0.1,1796400,1120000,676400
SO104616,20230521,14,59,1,9,5,59000,0.0,295000,60000,235000
SO103088,20230521,14,7,8,9,1,59000,0.0,59000,12000,47000
SO106860,20230522,3,24,12,7,3,1999000,0.0,5997000,4350000,1647000
SO110216,20230522,19,298,3,10,3,169000,0.0,507000,225000,282000
SO104813,20230522,17,178,1,10,5,329000,0.0,1645000,750000,895000
SO107421,20230523,15,89,3,6,5,899000,0.0,4495000,2400000,2095000
SO108880,20230523,3,60,1,3,2,1999000,0.0,3998000,2900000,1098000
SO105507,20230523,3,261,2,5,1,1999000,0.0,1999000,1450000,549000
SO106322,20230523,19,26,5,5,3,169000,0.05,481600,225000,256600
SO104593,20230523,2,92,3,1,3,4499000,0.0,13497000,9300000,4197000
SO110436,20230523,19,16,1,4,5,169000,0.0,845000,375000,470000
SO110323,20230523,1,240,8,3,5,13999000,0.0,69995000,49000000,20995000
SO108971,20230523,9,263,2,9,5,349000,0.0,1745000,950000,795000
SO106127,20230523,14,99,3,11,5,59000,0.05,280200,60000,220200
SO102181,20230523,20,104,12,3,1,129000,0.05,122600,55000,67600
SO101560,20230524,11,197,3,4,1,199000,0.0,199000,85000,114000
SO104364,20230524,20,13,1,12,5,129000,0.0,645000,275000,370000
SO110236,20230524,10,4,3,4,2,599000,0.0,1198000,620000,578000
SO109782,20230524,13,104,12,5,4,89000,0.15,302600,100000,202600
SO107186,20230524,14,105,2,7,4,59000,0.0,236000,48000,188000
SO101384,20230524,19,253,1,2,1,169000,0.05,160600,75000,85600
SO102860,20230524,10,38,2,3,4,599000,0.0,2396000,1240000,1156000
SO103104,20230524,11,72,6,3,1,199000,0.1,179100,85000,94100
SO105715,20230524,6,229,12,9,2,2199000,0.05,4178100,2700000,1478100
SO108756,20230524,10,154,2,5,5,599000,0.0,2995000,1550000,1445000
SO110014,20230525,15,89,3,2,4,899000,0.0,3596000,1920000,1676000
SO109033,20230525,13,244,7,11,5,89000,0.0,445000,125000,320000
SO102532,20230525,14,65,8,12,4,59000,0.0,236000,48000,188000
SO106524,20230525,18,290,14,1,1,649000,0.05,616600,320000,296600
SO103510,20230525,3,127,2,1,3,1999000,0.05,5697200,4350000,1347200
SO110789,20230526,12,266,1,5,2,299000,0.0,598000,240000,358000
SO100374,20230526,4,190,10,3,3,8999000,0.05,25647200,18600000,7047200
SO108059,20230526,20,267,5,2,4,129000,0.0,516000,220000,296000
SO110261,20230526,12,121,13,7,3,299000,0.05,852200,360000,492200
SO101317,20230526,14,18,18,5,1,59000,0.0,59000,12000,47000
SO103559,20230526,9,99,3,10,5,349000,0.0,1745000,950000,795000
SO111668,20230526,12,179,2,6,3,299000,0.1,807300,360000,447300
SO106746,20230526,20,145,14,12,2,129000,0.0,258000,110000,148000
SO103395,20230526,15,288,2,1,4,899000,0.1,3236400,1920000,1316400
SO100153,20230526,2,12,6,10,5,4499000,0.1,20245500,15500000,4745500
SO108812,20230527,14,198,9,11,3,59000,0.0,177000,36000,141000
SO108820,20230527,10,66,12,9,5,599000,0.1,2695500,1550000,1145500
SO107536,20230527,11,28,2,12,5,199000,0.0,995000,425000,570000
SO106395,20230527,11,256,9,3,5,199000,0.0,995000,425000,570000
SO101020,20230527,15,166,4,3,1,899000,0.0,899000,480000,419000
SO104139,20230527,13,261,2,7,4,89000,0.1,320400,100000,220400
SO109066,20230527,11,176,1,10,2,199000,0.0,398000,170000,228000
SO104892,20230527,1,95,3,11,1,13999000,0.0,13999000,9800000,4199000
SO108677,20230527,5,137,6,8,5,3999000,0.1,17995500,14500000,3495500
SO111926,20230527,16,149,2,10,1,1599000,0.05,1519000,920000,599000
SO111944,20230527,14,139,2,2,1,59000,0.1,53100,12000,41100
SO108399,20230527,11,87,6,4,5,199000,0.0,995000,425000,570000
SO100476,20230528,14,32,7,7,1,59000,0.1,53100,12000,41100
SO100923,20230528,10,23,1,2,1,599000,0.05,569000,310000,259000
SO102428,20230528,13,180,1,2,4,89000,0.05,338200,100000,238200
SO110888,20230528,18,280,6,8,1,649000,0.0,649000,320000,329000
SO105781,20230528,13,246,3,3,1,89000,0.1,80100,25000,55100
SO107284,20230528,7,220,6,7,1,499000,0.0,499000,280000,219000
SO101790,20230528,19,89,3,6,5,169000,0.0,845000,375000,470000
SO105510,20230528,20,153,3,7,4,129000,0.0,516000,220000,296000
SO105334,20230529,14,287,6,5,3,59000,0.05,168200,36000,132200
SO103788,20230529,15,276,7,2,3,899000,0.05,2562200,1440000,1122200
SO109430,20230529,5,34,1,8,3,3999000,0.1,10797300,8700000,2097300
SO102110,20230529,11,243,3,8,2,199000,0.0,398000,170000,228000
SO107239,20230529,8,193,1,11,3,799000,0.0,2397000,1260000,1137000
SO108115,20230529,3,136,11,9,1,1999000,0.1,1799100,1450000,349100
SO110050,20230529,14,166,4,12,1,59000,0.05,56000,12000,44000
SO103526,20230529,1,266,1,8,2,13999000,0.0,27998000,19600000,8398000
SO110867,20230529,15,295,8,8,5,899000,0.0,4495000,2400000,2095000
SO108577,20230529,19,132,5,6,5,169000,0.15,718200,375000,343200
SO103346,20230530,9,274,17,2,1,349000,0.1,314100,190000,124100
SO104416,20230530,14,216,2,1,5,59000,0.1,265500,60000,205500
SO107137,20230530,14,137,6,2,5,59000,0.0,295000,60000,235000
SO102299,20230530,10,152,3,1,5,599000,0.0,2995000,1550000,1445000
SO105225,20230530,13,294,8,2,3,89000,0.0,267000,75000,192000
SO102424,20230530,13,282,14,1,5,89000,0.0,445000,125000,320000
SO101909,20230531,20,221,3,7,4,129000,0.0,516000,220000,296000
SO108877,20230531,17,214,3,10,1,329000,0.0,329000,150000,179000
SO101390,20230531,11,70,8,5,3,199000,0.0,597000,255000,342000
SO108935,20230531,13,288,2,3,5,89000,0.0,445000,125000,320000
SO105159,20230531,14,283,11,4,5,59000,0.0,295000,60000,235000
SO100418,20230531,11,174,4,12,2,199000,0.0,398000,170000,228000
SO104363,20230531,10,193,1,7,4,599000,0.05,2276200,1240000,1036200
SO107350,20230531,19,253,1,4,5,169000,0.05,802800,375000,427800
SO103651,20230531,14,254,2,9,3,59000,0.0,177000,36000,141000
SO102774,20230601,7,56,7,5,5,499000,0.0,2495000,1400000,1095000
SO110455,20230601,13,80,1,4,2,89000,0.1,160200,50000,110200
SO107438,20230601,13,241,4,3,2,89000,0.05,169100,50000,119100
SO109328,20230601,17,97,1,3,1,329000,0.0,329000,150000,179000
SO109274,20230601,13,75,12,1,3,89000,0.1,240300,75000,165300
SO109597,20230601,13,139,2,1,1,89000,0.1,80100,25000,55100
SO106432,20230601,10,272,6,2,3,599000,0.05,1707200,930000,777200
SO106600,20230601,5,51,4,10,5,3999000,0.0,19995000,14500000,5495000
SO107942,20230601,14,123,17,12,3,59000,0.0,177000,36000,141000
SO105515,20230601,19,150,11,2,2,169000,0.05,321100,150000,171100
SO103578,20230601,18,160,2,9,2,649000,0.0,1298000,640000,658000
SO102133,20230602,19,204,3,8,4,169000,0.0,676000,300000,376000
SO106450,20230602,14,239,5,8,3,59000,0.0,177000,36000,141000
SO107440,20230602,13,202,1,7,2,89000,0.15,151300,50000,101300
SO103389,20230602,20,166,4,5,4,129000,0.05,490200,220000,270200
SO104187,20230602,8,216,2,3,5,799000,0.0,3995000,2100000,1895000
SO100023,20230602,14,136,11,1,3,59000,0.0,177000,36000,141000
SO105761,20230602,18,153,3,10,4,649000,0.0,2596000,1280000,1316000
SO104404,20230603,7,69,8,6,5,499000,0.0,2495000,1400000,1095000
SO108163,20230603,12,154,2,2,1,299000,0.0,299000,120000,179000
SO107601,20230603,15,91,14,5,1,899000,0.0,899000,480000,419000
SO110490,20230603,10,289,2,6,4,599000,0.0,2396000,1240000,1156000
SO108051,20230603,2,62,14,3,5,4499000,0.1,20245500,15500000,4745500
SO111925,20230603,11,211,1,11,3,199000,0.0,597000,255000,342000
SO103115,20230604,1,160,2,1,2,13999000,0.0,27998000,19600000,8398000
SO106360,20230604,16,35,6,1,1,1599000,0.05,1519000,920000,599000
SO105127,20230604,18,96,1,4,5,649000,0.0,3245000,1600000,1645000
SO111334,20230604,12,101,2,6,3,299000,0.05,852200,360000,492200
SO104536,20230604,20,6,1,6,1,129000,0.1,116100,55000,61100
SO101983,20230605,14,157,12,2,4,59000,0.0,236000,48000,188000
SO110653,20230605,9,22,6,4,4,349000,0.0,1396000,760000,636000
SO107094,20230605,14,120,12,4,2,59000,0.0,118000,24000,94000
SO105503,20230605,10,250,7,3,2,599000,0.0,1198000,620000,578000
SO102450,20230605,17,144,1,7,1,329000,0.05,312600,150000,162600
SO104695,20230605,7,269,15,3,1,499000,0.1,449100,280000,169100
SO101118,20230605,19,168,4,9,5,169000,0.1,760500,375000,385500
SO103416,20230605,7,14,1,12,2,499000,0.05,948100,560000,388100
SO105328,20230605,20,92,3,7,5,129000,0.0,645000,275000,370000
SO101092,20230606,4,56,7,5,2,8999000,0.1,16198200,12400000,3798200
SO108603,20230606,17,69,8,6,5,329000,0.05,1562800,750000,812800
SO102146,20230606,19,233,7,1,1,169000,0.05,160600,75000,85600
SO105376,20230606,14,211,1,8,3,59000,0.0,177000,36000,141000
SO100154,20230606,12,148,1,12,4,299000,0.1,1076400,480000,596400
SO107516,20230606,11,50,9,1,2,199000,0.0,398000,170000,228000
SO108453,20230606,16,290,14,2,3,1599000,0.0,4797000,2760000,2037000
SO103767,20230606,13,80,1,4,1,89000,0.05,84600,25000,59600
SO100906,20230607,3,7,8,6,4,1999000,0.0,7996000,5800000,2196000
SO100008,20230607,19,13,1,1,1,169000,0.0,169000,75000,94000
SO108136,20230607,13,194,14,6,3,89000,0.0,267000,75000,192000
SO110999,20230607,12,46,17,12,1,299000,0.0,299000,120000,179000
SO106078,20230607,15,188,1,11,2,899000,0.05,1708100,960000,748100
SO105980,20230607,5,184,6,12,1,3999000,0.0,3999000,2900000,1099000
SO111091,20230607,7,238,3,10,1,499000,0.0,499000,280000,219000
SO102253,20230607,14,210,3,2,3,59000,0.0,177000,36000,141000
SO107259,20230607,20,98,7,3,4,129000,0.0,516000,220000,296000
SO104016,20230608,11,29,1,11,2,199000,0.05,378100,170000,208100
SO110962,20230608,2,262,1,3,1,4499000,0.0,4499000,3100000,1399000
SO104798,20230608,20,125,1,4,5,129000,0.0,645000,275000,370000
SO104993,20230608,14,285,5,7,3,59000,0.0,177000,36000,141000
SO106189,20230608,13,209,1,6,2,89000,0.05,169100,50000,119100
SO104929,20230608,8,184,6,9,1,799000,0.0,799000,420000,379000
SO111369,20230608,20,160,2,3,4,129000,0.0,516000,220000,296000
SO105031,20230608,14,48,4,12,1,59000,0.05,56000,12000,44000
SO106536,20230608,17,293,17,6,3,329000,0.1,888300,450000,438300
SO103098,20230609,14,74,13,11,4,59000,0.05,224200,48000,176200
SO100294,20230609,17,289,2,9,4,329000,0.0,1316000,600000,716000
SO107271,20230609,12,113,15,6,5,299000,0.0,1495000,600000,895000
SO107843,20230609,14,94,3,11,2,59000,0.0,118000,24000,94000
SO101682,20230609,14,80,1,6,4,59000,0.0,236000,48000,188000
SO109973,20230609,20,92,3,8,3,129000,0.0,387000,165000,222000
SO107984,20230609,11,212,1,8,4,199000,0.05,756200,340000,416200
SO110093,20230609,11,255,1,3,5,199000,0.0,995000,425000,570000
SO111773,20230610,15,214,3,6,3,899000,0.0,2697000,1440000,1257000
SO107908,20230610,11,220,6,10,5,199000,0.05,945200,425000,520200
SO105464,20230610,11,9,8,1,2,199000,0.0,398000,170000,228000
SO110606,20230610,7,97,1,12,5,499000,0.05,2370200,1400000,970200
SO100251,20230610,16,66,12,4,3,1599000,0.1,4317300,2760000,1557300
SO103267,20230610,3,211,1,7,1,1999000,0.0,1999000,1450000,549000
SO110106,20230610,19,148,1,1,5,169000,0.05,802800,375000,427800
SO106628,20230610,14,243,3,6,2,59000,0.05,112100,24000,88100
SO108678,20230610,1,171,1,6,3,13999000,0.05,39897200,29400000,10497200
SO110635,20230610,13,118,2,8,3,89000,0.0,267000,75000,192000
SO109888,20230610,4,95,3,4,5,8999000,0.0,44995000,31000000,13995000
SO100586,20230610,11,162,1,1,3,199000,0.1,537300,255000,282300
SO106286,20230611,3,285,5,9,3,1999000,0.0,5997000,4350000,1647000
SO102966,20230611,11,7,8,10,1,199000,0.0,199000,85000,114000
SO101102,20230611,14,186,3,5,3,59000,0.0,177000,36000,141000
SO101776,20230611,13,5,1,3,3,89000,0.05,253600,75000,178600
SO103273,20230611,14,213,6,6,1,59000,0.0,59000,12000,47000
SO101706,20230611,14,225,7,2,3,59000,0.1,159300,36000,123300
SO111795,20230611,19,142,8,3,5,169000,0.0,845000,375000,470000
SO100083,20230611,20,244,7,7,1,129000,0.1,116100,55000,61100
SO109507,20230611,14,81,17,9,1,59000,0.0,59000,12000,47000
SO104903,20230611,18,181,1,12,3,649000,0.05,1849600,960000,889600
SO109093,20230611,9,190,10,8,4,349000,0.0,1396000,760000,636000
SO107207,20230612,14,230,8,12,4,59000,0.0,236000,48000,188000
SO104774,20230612,11,55,3,8,2,199000,0.0,398000,170000,228000
SO107797,20230612,14,34,1,11,2,59000,0.0,118000,24000,94000
SO111586,20230612,13,153,3,8,1,89000,0.0,89000,25000,64000
SO101414,20230612,14,63,1,9,5,59000,0.0,295000,60000,235000
SO109907,20230612,20,250,7,5,5,129000,0.1,580500,275000,305500
SO107268,20230612,7,2,1,10,5,499000,0.05,2370200,1400000,970200
SO107555,20230612,14,159,4,3,4,59000,0.1,212400,48000,164400
SO102775,20230612,14,3,1,9,1,59000,0.0,59000,12000,47000
SO111934,20230612,15,195,3,8,3,899000,0.05,2562200,1440000,1122200
SO105854,20230612,20,59,1,4,2,129000,0.1,232200,110000,122200
SO106658,20230613,7,17,4,11,4,499000,0.0,1996000,1120000,876000
SO108480,20230613,14,18,18,10,1,59000,0.0,59000,12000,47000
SO111060,20230613,14,77,1,12,2,59000,0.0,118000,24000,94000
SO110325,20230613,13,140,3,10,1,89000,0.0,89000,25000,64000
SO103812,20230613,13,299,1,4,4,89000,0.05,338200,100000,238200
SO106464,20230613,1,103,8,7,3,13999000,0.0,41997000,29400000,12597000
SO108472,20230613,14,227,1,2,4,59000,0.0,236000,48000,188000
SO110103,20230613,15,166,4,3,1,899000,0.0,899000,480000,419000
SO103955,20230613,11,61,11,9,2,199000,0.0,398000,170000,228000
SO100666,20230613,14,100,15,11,3,59000,0.15,150400,36000,114400
SO104916,20230613,5,116,1,10,3,3999000,0.05,11397200,8700000,2697200
SO110946,20230614,20,90,6,8,1,129000,0.0,129000,55000,74000
SO108693,20230614,13,50,9,7,5,89000,0.0,445000,125000,320000
SO109740,20230615,1,203,14,4,1,13999000,0.1,12599100,9800000,2799100
SO103809,20230615,19,120,12,9,2,169000,0.0,338000,150000,188000
SO105538,20230615,18,257,12,2,1,649000,0.0,649000,320000,329000
SO100156,20230615,16,226,11,7,3,1599000,0.1,4317300,2760000,1557300
SO103415,20230615,17,7,8,4,5,329000,0.0,1645000,750000,895000
SO105605,20230616,10,214,3,2,2,599000,0.0,1198000,620000,578000
SO104121,20230616,13,252,7,3,4,89000,0.05,338200,100000,238200
SO101480,20230616,7,212,1,5,4,499000,0.1,1796400,1120000,676400
SO108783,20230616,11,29,1,7,5,199000,0.0,995000,425000,570000
SO104094,20230616,10,87,6,1,4,599000,0.0,2396000,1240000,1156000
SO103740,20230617,11,290,14,6,3,199000,0.0,597000,255000,342000
SO105599,20230617,15,61,11,12,5,899000,0.05,4270200,2400000,1870200
SO105438,20230617,11,258,2,10,5,199000,0.05,945200,425000,520200
SO110415,20230617,5,7,8,1,3,3999000,0.0,11997000,8700000,3297000
SO110048,20230617,12,187,5,12,1,299000,0.0,299000,120000,179000
SO105720,20230617,14,177,5,2,3,59000,0.0,177000,36000,141000
SO109209,20230617,20,106,1,5,4,129000,0.0,516000,220000,296000
SO101000,20230618,20,193,1,7,3,129000,0.0,387000,165000,222000
SO109030,20230618,14,223,3,5,3,59000,0.0,177000,36000,141000
SO105935,20230618,18,264,7,1,2,649000,0.0,1298000,640000,658000
SO101322,20230618,20,265,14,1,2,129000,0.05,245100,110000,135100
SO102936,20230618,10,295,8,10,2,599000,0.1,1078200,620000,458200
SO103555,20230618,13,226,11,4,1,89000,0.1,80100,25000,55100
SO102055,20230618,9,59,1,12,5,349000,0.0,1745000,950000,795000
SO104934,20230618,9,210,3,12,3,349000,0.0,1047000,570000,477000
SO109837,20230618,11,74,13,1,5,199000,0.0,995000,425000,570000
SO101767,20230618,7,183,2,9,3,499000,0.1,1347300,840000,507300
SO105797,20230618,12,21,18,9,5,299000,0.0,1495000,600000,895000
SO106777,20230618,17,97,1,5,4,329000,0.0,1316000,600000,716000
SO104070,20230618,17,133,1,9,3,329000,0.05,937600,450000,487600
SO101495,20230618,20,91,14,3,2,129000,0.05,245100,110000,135100
SO110384,20230618,20,58,16,4,1,129000,0.0,129000,55000,74000
SO104598,20230618,11,226,11,8,5,199000,0.0,995000,425000,570000
SO101300,20230618,9,163,14,7,2,349000,0.05,663100,380000,283100
SO111627,20230619,10,124,15,9,5,599000,0.05,2845200,1550000,1295200
SO108069,20230619,19,136,11,3,5,169000,0.05,802800,375000,427800
SO105956,20230619,1,29,1,8,2,13999000,0.0,27998000,19600000,8398000
SO103243,20230619,15,246,3,12,5,899000,0.05,4270200,2400000,1870200
SO103755,20230620,14,204,3,6,5,59000,0.0,295000,60000,235000
SO108881,20230620,9,61,11,8,5,349000,0.05,1657800,950000,707800
SO103207,20230620,17,53,1,7,4,329000,0.1,1184400,600000,584400
SO104064,20230620,13,257,12,9,5,89000,0.0,445000,125000,320000
SO106986,20230620,20,111,1,4,3,129000,0.05,367600,165000,202600
SO106970,20230620,13,111,1,5,2,89000,0.05,169100,50000,119100
SO107630,20230620,20,227,1,3,1,129000,0.0,129000,55000,74000
SO109191,20230620,19,2,1,7,3,169000,0.0,507000,225000,282000
SO111364,20230620,13,121,13,9,3,89000,0.0,267000,75000,192000
SO105517,20230620,11,161,2,5,5,199000,0.05,945200,425000,520200
SO101167,20230621,14,10,2,3,5,59000,0.05,280200,60000,220200
SO103554,20230621,18,3,1,8,5,649000,0.05,3082800,1600000,1482800
SO110752,20230621,1,117,2,8,3,13999000,0.0,41997000,29400000,12597000
SO111153,20230621,17,107,1,6,1,329000,0.0,329000,150000,179000
SO110980,20230621,13,74,13,1,1,89000,0.1,80100,25000,55100
SO109025,20230621,6,76,9,3,3,2199000,0.0,6597000,4050000,2547000
SO111514,20230621,5,263,2,10,1,3999000,0.0,3999000,2900000,1099000
SO106210,20230621,14,77,1,11,2,59000,0.0,118000,24000,94000
SO108309,20230621,20,188,1,9,1,129000,0.0,129000,55000,74000
SO107977,20230621,7,207,18,8,1,499000,0.0,499000,280000,219000
SO110179,20230621,17,112,4,6,4,329000,0.05,1250200,600000,650200
SO103083,20230622,17,133,1,11,1,329000,0.0,329000,150000,179000
SO101791,20230622,13,264,7,7,4,89000,0.0,356000,100000,256000
SO100433,20230622,5,190,10,7,1,3999000,0.05,3799000,2900000,899000
SO107587,20230622,11,162,1,8,4,199000,0.0,796000,340000,456000
SO107016,20230622,15,34,1,6,3,899000,0.05,2562200,1440000,1122200
SO110732,20230622,8,97,1,1,3,799000,0.0,2397000,1260000,1137000
SO108607,20230622,10,14,1,6,1,599000,0.0,599000,310000,289000
SO103242,20230622,14,211,1,3,5,59000,0.1,265500,60000,205500
SO107576,20230622,14,68,4,6,2,59000,0.0,118000,24000,94000
SO100788,20230622,20,31,2,1,2,129000,0.0,258000,110000,148000
SO100316,20230622,9,153,3,3,4,349000,0.1,1256400,760000,496400
SO106764,20230622,19,100,15,1,5,169000,0.05,802800,375000,427800
SO107704,20230623,20,110,2,2,2,129000,0.1,232200,110000,122200
SO102689,20230623,11,243,3,2,3,199000,0.0,597000,255000,342000
SO104477,20230623,14,172,1,12,4,59000,0.05,224200,48000,176200
SO105892,20230623,14,49,1,11,4,59000,0.0,236000,48000,188000
SO101874,20230623,13,53,1,8,1,89000,0.0,89000,25000,64000
SO100176,20230623,14,64,3,1,2,59000,0.05,112100,24000,88100
SO110859,20230623,14,261,2,3,5,59000,0.0,295000,60000,235000
SO106968,20230623,13,56,7,7,4,89000,0.0,356000,100000,256000
SO110503,20230623,14,103,8,10,1,59000,0.0,59000,12000,47000
SO111737,20230623,15,63,1,9,2,899000,0.1,1618200,960000,658200
SO111667,20230624,8,129,1,6,2,799000,0.05,1518100,840000,678100
SO104377,20230624,14,114,7,3,1,59000,0.0,59000,12000,47000
SO109388,20230624,7,264,7,2,2,499000,0.0,998000,560000,438000
SO105289,20230624,11,30,6,4,2,199000,0.0,398000,170000,228000
SO100575,20230624,9,149,2,9,2,349000,0.0,698000,380000,318000
SO104770,20230624,15,94,3,3,1,899000,0.0,899000,480000,419000
SO110111,20230624,18,224,1,3,2,649000,0.05,1233100,640000,593100
SO107608,20230624,14,241,4,9,4,59000,0.1,212400,48000,164400
SO106289,20230624,13,81,17,6,1,89000,0.0,89000,25000,64000
SO102029,20230624,9,288,2,2,3,349000,0.0,1047000,570000,477000
SO110274,20230624,13,112,4,4,3,89000,0.05,253600,75000,178600
SO102569,20230624,20,109,3,6,4,129000,0.0,516000,220000,296000
SO111935,20230624,13,86,2,12,2,89000,0.0,178000,50000,128000
SO111853,20230625,19,76,9,7,1,169000,0.05,160600,75000,85600
SO105625,20230625,19,127,2,2,1,169000,0.05,160600,75000,85600
SO104342,20230625,4,294,8,6,2,8999000,0.0,17998000,12400000,5598000
SO102863,20230625,14,90,6,4,1,59000,0.1,53100,12000,41100
SO108927,20230625,9,180,1,5,2,349000,0.0,698000,380000,318000
SO105265,20230625,14,253,1,3,5,59000,0.05,280200,60000,220200
SO106440,20230625,4,194,14,12,2,8999000,0.0,17998000,12400000,5598000
SO102396,20230625,11,27,6,4,3,199000,0.0,597000,255000,342000
SO105009,20230625,13,180,1,7,5,89000,0.1,400500,125000,275500
SO103185,20230626,13,101,2,1,2,89000,0.05,169100,50000,119100
SO106034,20230626,17,30,6,12,4,329000,0.0,1316000,600000,716000
SO106251,20230626,18,169,5,4,2,649000,0.0,1298000,640000,658000
SO102503,20230626,9,16,1,5,5,349000,0.05,1657800,950000,707800
SO109314,20230626,18,280,6,5,3,649000,0.05,1849600,960000,889600
SO104565,20230626,17,70,8,1,4,329000,0.05,1250200,600000,650200
SO100412,20230627,12,25,12,2,1,299000,0.0,299000,120000,179000
SO111653,20230627,6,208,2,7,4,2199000,0.0,8796000,5400000,3396000
SO100452,20230627,8,218,3,1,3,799000,0.0,2397000,1260000,1137000
SO100960,20230627,7,79,8,12,4,499000,0.0,1996000,1120000,876000
SO106098,20230627,7,35,6,9,2,499000,0.0,998000,560000,438000
SO103406,20230627,13,164,12,5,5,89000,0.0,445000,125000,320000
SO111989,20230627,20,203,14,6,5,129000,0.0,645000,275000,370000
SO103640,20230627,19,211,1,5,2,169000,0.05,321100,150000,171100
SO107613,20230627,13,204,3,1,5,89000,0.0,445000,125000,320000
SO101003,20230627,10,253,1,12,2,599000,0.0,1198000,620000,578000
SO105196,20230628,20,60,1,12,3,129000,0.05,367600,165000,202600
SO107994,20230628,14,279,12,6,3,59000,0.05,168200,36000,132200
SO109562,20230628,16,279,12,6,4,1599000,0.05,6076200,3680000,2396200
SO105019,20230628,7,79,8,7,5,499000,0.05,2370200,1400000,970200
SO110332,20230629,17,261,2,2,1,329000,0.0,329000,150000,179000
SO100670,20230629,11,89,3,5,1,199000,0.0,199000,85000,114000
SO104694,20230629,11,50,9,5,4,199000,0.0,796000,340000,456000
SO102137,20230629,20,283,11,5,3,129000,0.0,387000,165000,222000
SO109211,20230629,14,171,1,1,2,59000,0.0,118000,24000,94000
SO108984,20230629,19,43,8,10,2,169000,0.0,338000,150000,188000
SO106185,20230629,11,241,4,7,3,199000,0.0,597000,255000,342000
SO106240,20230629,19,31,2,11,5,169000,0.0,845000,375000,470000
SO103579,20230629,12,240,8,6,1,299000,0.0,299000,120000,179000
SO109867,20230629,14,217,8,5,2,59000,0.0,118000,24000,94000
SO106712,20230630,12,195,3,5,5,299000,0.05,1420200,600000,820200
SO104924,20230630,9,286,4,8,3,349000,0.1,942300,570000,372300
SO111552,20230630,20,254,2,10,2,129000,0.0,258000,110000,148000
SO108651,20230630,13,242,13,1,5,89000,0.0,445000,125000,320000
SO111361,20230630,16,202,1,9,3,1599000,0.1,4317300,2760000,1557300
SO104560,20230630,10,125,1,2,4,599000,0.05,2276200,1240000,1036200
SO102800,20230630,4,211,1,6,5,8999000,0.05,42745200,31000000,11745200
SO109952,20230630,12,67,3,6,5,299000,0.0,1495000,600000,895000
SO105295,20230630,20,107,1,9,1,129000,0.0,129000,55000,74000
SO110452,20230701,9,3,1,12,2,349000,0.0,698000,380000,318000
SO103089,20230701,18,34,1,10,3,649000,0.05,1849600,960000,889600
SO102313,20230701,16,238,3,9,5,1599000,0.0,7995000,4600000,3395000
SO104811,20230701,20,241,4,9,1,129000,0.05,122600,55000,67600
SO106335,20230701,3,164,12,9,2,1999000,0.05,3798100,2900000,898100
SO104958,20230701,6,221,3,6,5,2199000,0.1,9895500,6750000,3145500
SO103606,20230701,12,90,6,9,3,299000,0.05,852200,360000,492200
SO101280,20230701,19,88,6,9,2,169000,0.0,338000,150000,188000
SO108114,20230702,10,41,3,7,1,599000,0.05,569000,310000,259000
SO100555,20230702,12,146,1,11,2,299000,0.0,598000,240000,358000
SO102270,20230702,11,88,6,1,4,199000,0.0,796000,340000,456000
SO100141,20230702,7,105,2,11,2,499000,0.0,998000,560000,438000
SO110178,20230702,19,299,1,2,1,169000,0.0,169000,75000,94000
SO108859,20230702,14,127,2,2,3,59000,0.0,177000,36000,141000
SO111671,20230702,5,192,3,11,3,3999000,0.05,11397200,8700000,2697200
SO111731,20230702,20,188,1,10,4,129000,0.0,516000,220000,296000
SO109177,20230702,20,44,5,3,2,129000,0.05,245100,110000,135100
SO108224,20230703,14,215,14,5,5,59000,0.0,295000,60000,235000
SO107754,20230703,15,36,1,2,3,899000,0.05,2562200,1440000,1122200
SO106125,20230703,14,28,2,5,5,59000,0.0,295000,60000,235000
SO107700,20230703,13,33,10,5,1,89000,0.05,84600,25000,59600
SO101681,20230703,1,249,1,12,5,13999000,0.1,62995500,49000000,13995500
SO106898,20230703,13,89,3,1,2,89000,0.0,178000,50000,128000
SO102944,20230703,9,23,1,9,1,349000,0.1,314100,190000,124100
SO105564,20230703,14,138,8,3,3,59000,0.0,177000,36000,141000
SO100704,20230703,7,182,14,5,4,499000,0.15,1696600,1120000,576600
SO107582,20230703,14,136,11,5,1,59000,0.1,53100,12000,41100
SO111548,20230703,9,241,4,3,3,349000,0.0,1047000,570000,477000
SO104971,20230704,10,40,5,2,4,599000,0.0,2396000,1240000,1156000
SO103518,20230704,14,193,1,12,4,59000,0.0,236000,48000,188000
SO109920,20230704,14,97,1,6,2,59000,0.0,118000,24000,94000
SO101138,20230704,20,38,2,4,4,129000,0.1,464400,220000,244400
SO105093,20230704,7,244,7,6,1,499000,0.0,499000,280000,219000
SO107426,20230704,13,110,2,8,2,89000,0.05,169100,50000,119100
SO105331,20230704,13,244,7,9,5,89000,0.0,445000,125000,320000
SO106038,20230704,19,211,1,3,1,169000,0.0,169000,75000,94000
SO111093,20230704,9,1,2,10,5,349000,0.05,1657800,950000,707800
SO101629,20230705,7,198,9,9,1,499000,0.05,474000,280000,194000
SO110141,20230705,14,214,3,1,3,59000,0.0,177000,36000,141000
SO107656,20230705,14,232,5,6,2,59000,0.0,118000,24000,94000
SO108491,20230705,14,83,8,11,5,59000,0.0,295000,60000,235000
SO110167,20230705,5,121,13,11,1,3999000,0.0,3999000,2900000,1099000
SO105292,20230705,7,186,3,6,5,499000,0.1,2245500,1400000,845500
SO103690,20230705,17,9,8,4,1,329000,0.0,329000,150000,179000
SO109689,20230705,12,275,3,11,5,299000,0.0,1495000,600000,895000
SO103750,20230705,8,27,6,3,2,799000,0.1,1438200,840000,598200
SO100090,20230705,6,111,1,1,1,2199000,0.0,2199000,1350000,849000
SO105577,20230705,2,161,2,11,1,4499000,0.05,4274000,3100000,1174000
SO109045,20230706,10,66,12,4,1,599000,0.1,539100,310000,229100
SO104128,20230706,12,170,3,9,2,299000,0.15,508300,240000,268300
SO108421,20230706,19,148,1,3,4,169000,0.0,676000,300000,376000
SO111175,20230706,13,75,12,12,1,89000,0.0,89000,25000,64000
SO102713,20230706,14,129,1,10,1,59000,0.05,56000,12000,44000
SO107127,20230706,19,224,1,8,1,169000,0.0,169000,75000,94000
SO108357,20230706,19,112,4,1,3,169000,0.05,481600,225000,256600
SO106525,20230706,7,92,3,11,3,499000,0.1,1347300,840000,507300
SO100018,20230706,14,145,14,7,1,59000,0.0,59000,12000,47000
SO108328,20230706,6,114,7,8,1,2199000,0.0,2199000,1350000,849000
SO103748,20230706,10,83,8,6,4,599000,0.1,2156400,1240000,916400
SO103329,20230706,7,264,7,5,2,499000,0.05,948100,560000,388100
SO107743,20230706,6,93,1,3,2,2199000,0.0,4398000,2700000,1698000
SO107842,20230707,18,204,3,2,5,649000,0.05,3082800,1600000,1482800
SO101235,20230707,3,71,9,1,1,1999000,0.05,1899000,1450000,449000
SO104804,20230707,20,175,15,11,3,129000,0.0,387000,165000,222000
SO105163,20230707,17,52,3,8,5,329000,0.0,1645000,750000,895000
SO102830,20230707,12,257,12,4,4,299000,0.05,1136200,480000,656200
SO104142,20230707,9,83,8,10,2,349000,0.0,698000,380000,318000
SO102292,20230707,13,71,9,12,3,89000,0.0,267000,75000,192000
SO100006,20230707,12,57,1,10,3,299000,0.05,852200,360000,492200
SO107153,20230707,20,159,4,1,1,129000,0.05,122600,55000,67600
SO102879,20230708,19,208,2,9,5,169000,0.0,845000,375000,470000
SO101615,20230708,9,175,15,3,2,349000,0.1,628200,380000,248200
SO109490,20230708,12,100,15,10,1,299000,0.1,269100,120000,149100
SO105001,20230708,13,122,18,8,3,89000,0.1,240300,75000,165300
SO107943,20230708,12,88,6,6,2,299000,0.05,568100,240000,328100
SO105756,20230708,18,207,18,6,3,649000,0.0,1947000,960000,987000
SO109885,20230708,14,221,3,9,3,59000,0.0,177000,36000,141000
SO100269,20230708,11,168,4,7,2,199000,0.05,378100,170000,208100
SO110052,20230708,9,12,6,4,1,349000,0.05,331600,190000,141600
SO102126,20230708,14,81,17,6,2,59000,0.0,118000,24000,94000
SO109000,20230708,20,297,4,9,4,129000,0.05,490200,220000,270200
SO100503,20230709,4,247,3,2,1,8999000,0.0,8999000,6200000,2799000
SO110953,20230709,20,99,3,6,5,129000,0.0,645000,275000,370000
SO102171,20230709,7,75,12,5,1,499000,0.0,499000,280000,219000
SO110288,20230709,15,2,1,2,2,899000,0.05,1708100,960000,748100
SO108463,20230709,18,54,12,7,1,649000,0.0,649000,320000,329000
SO107488,20230709,8,52,3,3,3,799000,0.05,2277200,1260000,1017200
SO105959,20230709,11,27,6,5,3,199000,0.0,597000,255000,342000
SO110834,20230709,14,253,1,7,3,59000,0.0,177000,36000,141000
SO100914,20230709,18,119,8,4,4,649000,0.0,2596000,1280000,1316000
SO108895,20230709,2,204,3,6,5,4499000,0.0,22495000,15500000,6995000
SO102473,20230710,20,244,7,10,5,129000,0.0,645000,275000,370000
SO106813,20230710,13,20,1,11,2,89000,0.0,178000,50000,128000
SO108586,20230710,7,241,4,7,3,499000,0.05,1422200,840000,582200
SO111574,20230710,15,77,1,10,2,899000,0.0,1798000,960000,838000
SO107249,20230710,20,141,3,4,3,129000,0.0,387000,165000,222000
SO100658,20230710,20,243,3,2,2,129000,0.0,258000,110000,148000
SO100909,20230711,20,183,2,11,4,129000,0.05,490200,220000,270200
SO110535,20230711,9,125,1,5,5,349000,0.0,1745000,950000,795000
SO104369,20230711,12,130,11,6,1,299000,0.05,284000,120000,164000
SO107834,20230711,18,285,5,11,5,649000,0.0,3245000,1600000,1645000
SO109515,20230711,19,246,3,2,3,169000,0.0,507000,225000,282000
SO101927,20230711,16,109,3,2,4,1599000,0.0,6396000,3680000,2716000
SO103440,20230711,12,253,1,4,4,299000,0.05,1136200,480000,656200
SO106259,20230711,3,64,3,1,5,1999000,0.0,9995000,7250000,2745000
SO106862,20230711,15,167,4,1,1,899000,0.0,899000,480000,419000
SO107894,20230711,7,69,8,8,2,499000,0.0,998000,560000,438000
SO109604,20230712,9,203,14,10,5,349000,0.0,1745000,950000,795000
SO102064,20230712,17,262,1,1,3,329000,0.0,987000,450000,537000
SO106560,20230712,11,124,15,5,5,199000,0.0,995000,425000,570000
SO102792,20230712,11,113,15,5,1,199000,0.1,179100,85000,94100
SO104264,20230712,9,99,3,9,5,349000,0.0,1745000,950000,795000
SO110848,20230712,9,197,3,12,4,349000,0.05,1326200,760000,566200
SO103577,20230712,20,113,15,5,3,129000,0.0,387000,165000,222000
SO110046,20230712,19,191,8,2,5,169000,0.0,845000,375000,470000
SO101085,20230712,11,157,12,2,5,199000,0.0,995000,425000,570000
SO111171,20230713,14,175,15,5,4,59000,0.0,236000,48000,188000
SO109290,20230713,6,286,4,5,3,2199000,0.0,6597000,4050000,2547000
SO102508,20230713,10,289,2,8,4,599000,0.0,2396000,1240000,1156000
SO104389,20230713,10,76,9,6,3,599000,0.0,1797000,930000,867000
SO102871,20230713,14,120,12,3,1,59000,0.0,59000,12000,47000
SO102090,20230713,9,6,1,4,1,349000,0.05,331600,190000,141600
SO104658,20230713,12,113,15,7,1,299000,0.0,299000,120000,179000
SO108864,20230713,9,280,6,6,3,349000,0.05,994600,570000,424600
SO101378,20230713,13,234,2,12,2,89000,0.0,178000,50000,128000
SO102802,20230713,7,45,8,1,5,499000,0.0,2495000,1400000,1095000
SO111585,20230713,17,233,7,10,3,329000,0.05,937600,450000,487600
SO109555,20230714,14,207,18,6,1,59000,0.1,53100,12000,41100
SO111229,20230714,19,202,1,4,3,169000,0.15,431000,225000,206000
SO100052,20230714,17,171,1,8,4,329000,0.1,1184400,600000,584400
SO101507,20230714,19,87,6,3,3,169000,0.0,507000,225000,282000
SO110896,20230714,20,48,4,1,5,129000,0.0,645000,275000,370000
SO103965,20230715,14,99,3,8,1,59000,0.0,59000,12000,47000
SO102873,20230715,15,224,1,2,5,899000,0.15,3820800,2400000,1420800
SO110517,20230715,17,83,8,3,3,329000,0.0,987000,450000,537000
SO106195,20230715,3,44,5,12,2,1999000,0.05,3798100,2900000,898100
SO108478,20230715,13,26,5,1,2,89000,0.0,178000,50000,128000
SO105459,20230715,9,90,6,9,2,349000,0.05,663100,380000,283100
SO111201,20230716,17,105,2,12,4,329000,0.05,1250200,600000,650200
SO111973,20230716,11,122,18,8,3,199000,0.0,597000,255000,342000
SO107457,20230716,14,186,3,4,1,59000,0.0,59000,12000,47000
SO106566,20230716,9,41,3,6,4,349000,0.05,1326200,760000,566200
SO104272,20230716,13,250,7,6,2,89000,0.0,178000,50000,128000
SO104226,20230716,10,202,1,8,4,599000,0.0,2396000,1240000,1156000
SO111954,20230716,13,77,1,8,2,89000,0.0,178000,50000,128000
SO106488,20230716,7,74,13,7,3,499000,0.0,1497000,840000,657000
SO110560,20230716,13,257,12,4,4,89000,0.1,320400,100000,220400
SO104420,20230716,12,288,2,11,2,299000,0.0,598000,240000,358000
SO104227,20230717,14,127,2,8,3,59000,0.0,177000,36000,141000
SO108097,20230717,13,124,15,1,2,89000,0.0,178000,50000,128000
SO101418,20230717,14,270,6,2,2,59000,0.05,112100,24000,88100
SO109062,20230717,7,232,5,4,1,499000,0.05,474000,280000,194000
SO111590,20230717,19,226,11,2,5,169000,0.0,845000,375000,470000
SO111097,20230717,15,289,2,1,5,899000,0.05,4270200,2400000,1870200
SO111098,20230717,19,210,3,10,4,169000,0.05,642200,300000,342200
SO102116,20230717,10,21,18,3,5,599000,0.0,2995000,1550000,1445000
SO111002,20230717,11,64,3,11,3,199000,0.0,597000,255000,342000
SO106277,20230717,13,232,5,9,4,89000,0.0,356000,100000,256000
SO108041,20230717,20,263,2,10,3,129000,0.05,367600,165000,202600
SO108456,20230717,8,222,15,7,4,799000,0.0,3196000,1680000,1516000
SO111754,20230717,7,206,1,10,4,499000,0.0,1996000,1120000,876000
SO110053,20230717,20,280,6,11,2,129000,0.05,245100,110000,135100
SO105125,20230717,19,248,1,11,5,169000,0.05,802800,375000,427800
SO108543,20230717,11,27,6,12,5,199000,0.0,995000,425000,570000
SO109773,20230718,14,193,1,12,2,59000,0.0,118000,24000,94000
SO109696,20230718,10,75,12,11,2,599000,0.05,1138100,620000,518100
SO109071,20230718,12,202,1,11,2,299000,0.1,538200,240000,298200
SO105106,20230718,2,196,1,10,2,4499000,0.05,8548100,6200000,2348100
SO100950,20230718,13,73,1,3,4,89000,0.05,338200,100000,238200
SO110255,20230718,2,187,5,4,3,4499000,0.05,12822200,9300000,3522200
SO104305,20230718,10,162,1,7,4,599000,0.05,2276200,1240000,1036200
SO106729,20230718,9,6,1,12,3,349000,0.0,1047000,570000,477000
SO103270,20230718,12,199,6,11,2,299000,0.0,598000,240000,358000
SO101792,20230718,20,256,9,9,5,129000,0.0,645000,275000,370000
SO100066,20230718,11,79,8,5,1,199000,0.0,199000,85000,114000
SO110519,20230718,19,8,8,5,5,169000,0.0,845000,375000,470000
SO111705,20230718,12,235,15,3,4,299000,0.05,1136200,480000,656200
SO106011,20230719,9,58,16,2,1,349000,0.0,349000,190000,159000
SO104844,20230719,2,278,3,8,2,4499000,0.0,8998000,6200000,2798000
SO111090,20230719,20,137,6,1,5,129000,0.1,580500,275000,305500
SO100430,20230719,14,259,7,5,3,59000,0.0,177000,36000,141000
SO108451,20230719,14,73,1,6,5,59000,0.0,295000,60000,235000
SO104320,20230719,3,204,3,5,1,1999000,0.0,1999000,1450000,549000
SO107744,20230719,9,295,8,9,1,349000,0.1,314100,190000,124100
SO101854,20230719,13,159,4,3,3,89000,0.0,267000,75000,192000
SO111806,20230719,8,300,7,12,4,799000,0.0,3196000,1680000,1516000
SO104472,20230719,13,161,2,8,4,89000,0.0,356000,100000,256000
SO105413,20230720,13,166,4,3,3,89000,0.0,267000,75000,192000
SO103621,20230720,12,277,1,4,4,299000,0.0,1196000,480000,716000
SO110665,20230720,10,178,1,6,1,599000,0.05,569000,310000,259000
SO111693,20230720,18,149,2,7,1,649000,0.05,616600,320000,296600
SO110300,20230720,12,265,14,4,4,299000,0.0,1196000,480000,716000
SO111655,20230720,16,83,8,6,1,1599000,0.0,1599000,920000,679000
SO105099,20230720,5,156,11,7,5,3999000,0.0,19995000,14500000,5495000
SO111111,20230720,9,92,3,4,5,349000,0.1,1570500,950000,620500
SO105416,20230721,12,208,2,6,5,299000,0.05,1420200,600000,820200
SO111952,20230721,11,8,8,2,2,199000,0.0,398000,170000,228000
SO103358,20230721,18,59,1,10,1,649000,0.0,649000,320000,329000
SO101804,20230721,6,65,8,7,3,2199000,0.05,6267200,4050000,2217200
SO103979,20230721,18,13,1,12,4,649000,0.05,2466200,1280000,1186200
SO110226,20230721,12,76,9,1,1,299000,0.05,284000,120000,164000
SO104461,20230721,14,194,14,10,3,59000,0.0,177000,36000,141000
SO109676,20230721,13,14,1,4,3,89000,0.0,267000,75000,192000
SO101813,20230721,12,192,3,8,3,299000,0.1,807300,360000,447300
SO111880,20230721,14,291,14,10,2,59000,0.05,112100,24000,88100
SO106795,20230722,13,91,14,8,1,89000,0.0,89000,25000,64000
SO103153,20230722,16,237,8,2,4,1599000,0.0,6396000,3680000,2716000
SO100816,20230722,20,106,1,1,5,129000,0.05,612800,275000,337800
SO107753,20230722,18,79,8,7,4,649000,0.0,2596000,1280000,1316000
SO107598,20230722,12,114,7,3,4,299000,0.1,1076400,480000,596400
SO101277,20230722,13,164,12,5,5,89000,0.0,445000,125000,320000
SO103782,20230722,9,3,1,3,2,349000,0.0,698000,380000,318000
SO108994,20230722,18,200,8,10,1,649000,0.1,584100,320000,264100
SO101261,20230722,13,234,2,1,3,89000,0.0,267000,75000,192000
SO106873,20230722,19,256,9,12,4,169000,0.0,676000,300000,376000
SO111862,20230722,9,181,1,2,2,349000,0.0,698000,380000,318000
SO103315,20230723,20,244,7,10,1,129000,0.0,129000,55000,74000
SO100891,20230723,9,57,1,12,4,349000,0.0,1396000,760000,636000
SO101427,20230723,14,14,1,9,3,59000,0.05,168200,36000,132200
SO109884,20230723,17,180,1,10,5,329000,0.1,1480500,750000,730500
SO101284,20230723,16,246,3,10,1,1599000,0.1,1439100,920000,519100
SO103943,20230723,18,37,12,2,1,649000,0.1,584100,320000,264100
SO105240,20230723,18,232,5,2,4,649000,0.0,2596000,1280000,1316000
SO108166,20230723,13,219,7,9,1,89000,0.05,84600,25000,59600
SO101075,20230724,14,264,7,8,2,59000,0.05,112100,24000,88100
SO103367,20230724,17,122,18,1,4,329000,0.0,1316000,600000,716000
SO111045,20230724,10,6,1,12,1,599000,0.0,599000,310000,289000
SO104928,20230724,14,177,5,10,1,59000,0.0,59000,12000,47000
SO101959,20230724,18,97,1,1,2,649000,0.05,1233100,640000,593100
SO103027,20230725,18,234,2,8,4,649000,0.05,2466200,1280000,1186200
SO108591,20230725,13,185,3,10,5,89000,0.0,445000,125000,320000
SO102909,20230725,10,285,5,5,3,599000,0.0,1797000,930000,867000
SO111770,20230725,9,284,2,9,2,349000,0.05,663100,380000,283100
SO110989,20230725,17,105,2,7,3,329000,0.0,987000,450000,537000
SO111427,20230725,13,169,5,5,3,89000,0.0,267000,75000,192000
SO106631,20230725,17,168,4,11,5,329000,0.0,1645000,750000,895000
SO111616,20230725,15,51,4,10,4,899000,0.05,3416200,1920000,1496200
SO107787,20230726,11,90,6,8,2,199000,0.05,378100,170000,208100
SO110649,20230726,6,230,8,2,3,2199000,0.0,6597000,4050000,2547000
SO105215,20230726,9,157,12,1,3,349000,0.0,1047000,570000,477000
SO105347,20230726,5,1,2,12,1,3999000,0.0,3999000,2900000,1099000
SO109303,20230726,13,285,5,8,5,89000,0.0,445000,125000,320000
SO102607,20230726,7,263,2,7,1,499000,0.05,474000,280000,194000
SO110466,20230726,19,48,4,3,5,169000,0.0,845000,375000,470000
SO110793,20230726,9,146,1,6,3,349000,0.0,1047000,570000,477000
SO103125,20230726,18,125,1,8,1,649000,0.05,616600,320000,296600
SO107354,20230726,5,233,7,9,5,3999000,0.15,16995800,14500000,2495800
SO100910,20230726,20,77,1,1,5,129000,0.0,645000,275000,370000
SO111816,20230726,11,194,14,11,5,199000,0.05,945200,425000,520200
SO108762,20230726,14,253,1,6,2,59000,0.05,112100,24000,88100
SO108600,20230726,14,113,15,8,2,59000,0.0,118000,24000,94000
SO110378,20230726,7,80,1,6,1,499000,0.0,499000,280000,219000
SO111248,20230726,14,132,5,1,5,59000,0.1,265500,60000,205500
SO103837,20230727,14,279,12,11,3,59000,0.05,168200,36000,132200
SO100685,20230727,2,5,1,7,3,4499000,0.05,12822200,9300000,3522200
SO100055,20230727,14,42,7,6,5,59000,0.0,295000,60000,235000
SO100012,20230727,12,105,2,7,5,299000,0.0,1495000,600000,895000
SO102695,20230727,9,72,6,2,3,349000,0.0,1047000,570000,477000
SO106345,20230727,14,192,3,6,1,59000,0.0,59000,12000,47000
SO100344,20230727,12,197,3,6,4,299000,0.0,1196000,480000,716000
SO101852,20230727,17,298,3,7,5,329000,0.0,1645000,750000,895000
SO102429,20230727,18,93,1,2,4,649000,0.0,2596000,1280000,1316000
SO101584,20230727,20,165,9,6,1,129000,0.05,122600,55000,67600
SO100865,20230727,13,73,1,7,1,89000,0.05,84600,25000,59600
SO110935,20230727,13,117,2,6,3,89000,0.05,253600,75000,178600
SO111274,20230727,12,209,1,10,1,299000,0.0,299000,120000,179000
SO102326,20230727,13,196,1,9,4,89000,0.0,356000,100000,256000
SO102440,20230728,14,162,1,3,2,59000,0.1,106200,24000,82200
SO103289,20230728,12,1,2,3,5,299000,0.05,1420200,600000,820200
SO100744,20230728,16,67,3,6,4,1599000,0.1,5756400,3680000,2076400
SO107512,20230728,14,74,13,9,5,59000,0.0,295000,60000,235000
SO105612,20230728,13,48,4,8,1,89000,0.05,84600,25000,59600
SO104964,20230728,19,25,12,11,5,169000,0.0,845000,375000,470000
SO111202,20230728,15,228,3,10,5,899000,0.0,4495000,2400000,2095000
SO107148,20230728,9,63,1,4,1,349000,0.1,314100,190000,124100
SO102100,20230728,8,61,11,12,2,799000,0.0,1598000,840000,758000
SO100420,20230728,12,84,12,7,2,299000,0.0,598000,240000,358000
SO104164,20230728,7,212,1,7,1,499000,0.05,474000,280000,194000
SO105796,20230728,19,249,1,2,5,169000,0.0,845000,375000,470000
SO103561,20230729,13,106,1,10,3,89000,0.05,253600,75000,178600
SO111609,20230729,13,268,8,11,1,89000,0.0,89000,25000,64000
SO104775,20230729,14,269,15,4,3,59000,0.0,177000,36000,141000
SO105117,20230729,19,127,2,3,4,169000,0.0,676000,300000,376000
SO110312,20230729,19,240,8,1,5,169000,0.0,845000,375000,470000
SO105299,20230729,13,76,9,5,5,89000,0.0,445000,125000,320000
SO104341,20230729,19,278,3,10,3,169000,0.0,507000,225000,282000
SO108018,20230729,13,196,1,4,5,89000,0.05,422800,125000,297800
SO104863,20230729,20,288,2,11,1,129000,0.1,116100,55000,61100
SO101817,20230729,9,281,3,12,3,349000,0.0,1047000,570000,477000
SO100805,20230729,13,296,8,7,2,89000,0.0,178000,50000,128000
SO104905,20230730,12,1,2,8,5,299000,0.1,1345500,600000,745500
SO111249,20230730,19,101,2,9,2,169000,0.1,304200,150000,154200
SO100297,20230730,20,234,2,7,1,129000,0.0,129000,55000,74000
SO104918,20230730,20,134,2,5,1,129000,0.0,129000,55000,74000
SO104469,20230730,13,161,2,7,4,89000,0.0,356000,100000,256000
SO101110,20230730,4,167,4,8,5,8999000,0.05,42745200,31000000,11745200
SO104636,20230730,20,290,14,10,5,129000,0.1,580500,275000,305500
SO103741,20230730,19,1,2,2,2,169000,0.0,338000,150000,188000
SO102980,20230730,7,71,9,3,1,499000,0.05,474000,280000,194000
SO103187,20230730,15,76,9,11,1,899000,0.05,854000,480000,374000
SO106041,20230730,15,75,12,1,3,899000,0.05,2562200,1440000,1122200
SO110116,20230730,13,71,9,9,4,89000,0.1,320400,100000,220400
SO106967,20230731,14,125,1,12,4,59000,0.05,224200,48000,176200
SO108365,20230731,20,45,8,5,5,129000,0.05,612800,275000,337800
SO108907,20230731,14,7,8,11,5,59000,0.05,280200,60000,220200
SO105043,20230731,13,133,1,6,2,89000,0.0,178000,50000,128000
SO110000,20230731,14,7,8,8,1,59000,0.1,53100,12000,41100
SO103300,20230731,14,21,18,1,1,59000,0.0,59000,12000,47000
SO105212,20230731,10,79,8,2,5,599000,0.1,2695500,1550000,1145500
SO107683,20230731,14,200,8,7,3,59000,0.0,177000,36000,141000
SO107481,20230731,12,52,3,1,4,299000,0.05,1136200,480000,656200
SO111505,20230731,13,219,7,9,3,89000,0.15,227000,75000,152000
SO111735,20230731,9,209,1,2,1,349000,0.0,349000,190000,159000
SO107173,20230731,16,203,14,11,4,1599000,0.0,6396000,3680000,2716000
SO109436,20230731,18,67,3,10,5,649000,0.05,3082800,1600000,1482800
SO101858,20230731,8,191,8,5,2,799000,0.05,1518100,840000,678100
SO102707,20230801,18,274,17,9,1,649000,0.0,649000,320000,329000
SO103572,20230801,20,245,3,9,4,129000,0.0,516000,220000,296000
SO102244,20230801,14,199,6,1,2,59000,0.05,112100,24000,88100
SO106253,20230801,3,32,7,12,3,1999000,0.0,5997000,4350000,1647000
SO110257,20230801,3,130,11,1,3,1999000,0.0,5997000,4350000,1647000
SO105317,20230801,13,105,2,10,1,89000,0.0,89000,25000,64000
SO110973,20230801,13,300,7,8,3,89000,0.05,253600,75000,178600
SO100335,20230801,15,234,2,10,4,899000,0.1,3236400,1920000,1316400
SO107851,20230801,4,178,1,6,4,8999000,0.0,35996000,24800000,11196000
SO105611,20230801,18,259,7,2,4,649000,0.05,2466200,1280000,1186200
SO102869,20230802,9,103,8,4,4,349000,0.0,1396000,760000,636000
SO104727,20230802,19,33,10,3,1,169000,0.0,169000,75000,94000
SO106184,20230802,17,216,2,4,5,329000,0.05,1562800,750000,812800
SO104789,20230802,16,122,18,4,2,1599000,0.0,3198000,1840000,1358000
SO102558,20230802,9,25,12,7,5,349000,0.0,1745000,950000,795000
SO108755,20230802,13,148,1,6,3,89000,0.0,267000,75000,192000
SO105701,20230802,12,169,5,3,2,299000,0.0,598000,240000,358000
SO111516,20230802,20,35,6,9,5,129000,0.0,645000,275000,370000
SO103950,20230803,12,289,2,12,1,299000,0.1,269100,120000,149100
SO103863,20230803,15,185,3,12,5,899000,0.1,4045500,2400000,1645500
SO103862,20230803,20,147,12,6,4,129000,0.05,490200,220000,270200
SO110329,20230803,2,292,11,7,4,4499000,0.0,17996000,12400000,5596000
SO105505,20230804,14,87,6,12,2,59000,0.0,118000,24000,94000
SO102519,20230804,9,91,14,6,5,349000,0.0,1745000,950000,795000
SO108196,20230804,14,89,3,4,3,59000,0.1,159300,36000,123300
SO105456,20230804,19,296,8,2,2,169000,0.1,304200,150000,154200
SO111482,20230804,14,1,2,5,3,59000,0.1,159300,36000,123300
SO109651,20230804,9,279,12,12,1,349000,0.0,349000,190000,159000
SO107398,20230804,19,173,15,10,1,169000,0.05,160600,75000,85600
SO102018,20230804,5,88,6,8,3,3999000,0.05,11397200,8700000,2697200
SO103466,20230805,20,13,1,10,4,129000,0.0,516000,220000,296000
SO108075,20230805,19,83,8,4,5,169000,0.0,845000,375000,470000
SO101890,20230805,13,295,8,10,3,89000,0.05,253600,75000,178600
SO105395,20230805,20,264,7,9,5,129000,0.05,612800,275000,337800
SO106484,20230805,9,287,6,4,5,349000,0.05,1657800,950000,707800
SO101343,20230805,14,82,3,6,4,59000,0.0,236000,48000,188000
SO103885,20230805,4,287,6,5,3,8999000,0.0,26997000,18600000,8397000
SO106602,20230805,9,199,6,8,1,349000,0.0,349000,190000,159000
SO104880,20230805,19,7,8,6,5,169000,0.0,845000,375000,470000
SO109444,20230805,14,108,4,12,1,59000,0.05,56000,12000,44000
SO111729,20230805,10,192,3,9,2,599000,0.0,1198000,620000,578000
SO100231,20230805,13,96,1,7,2,89000,0.05,169100,50000,119100
SO111765,20230805,16,10,2,2,4,1599000,0.1,5756400,3680000,2076400
SO105302,20230806,17,116,1,7,5,329000,0.0,1645000,750000,895000
SO106390,20230806,7,49,1,4,4,499000,0.0,1996000,1120000,876000
SO108397,20230806,9,219,7,10,5,349000,0.15,1483200,950000,533200
SO107261,20230806,18,229,12,1,2,649000,0.1,1168200,640000,528200
SO101824,20230806,12,202,1,10,5,299000,0.1,1345500,600000,745500
SO104235,20230806,19,97,1,9,3,169000,0.0,507000,225000,282000
SO103963,20230806,7,96,1,3,1,499000,0.0,499000,280000,219000
SO106866,20230806,9,266,1,1,5,349000,0.1,1570500,950000,620500
SO103823,20230806,15,221,3,7,2,899000,0.05,1708100,960000,748100
SO107404,20230807,7,16,1,4,3,499000,0.0,1497000,840000,657000
SO100562,20230807,14,43,8,3,1,59000,0.0,59000,12000,47000
SO101672,20230807,10,262,1,1,2,599000,0.0,1198000,620000,578000
SO106329,20230807,14,50,9,8,4,59000,0.0,236000,48000,188000
SO109802,20230807,7,182,14,2,1,499000,0.05,474000,280000,194000
SO102910,20230807,14,177,5,12,2,59000,0.0,118000,24000,94000
SO101782,20230807,2,25,12,6,2,4499000,0.05,8548100,6200000,2348100
SO108929,20230807,11,281,3,10,4,199000,0.0,796000,340000,456000
SO102964,20230807,14,185,3,3,4,59000,0.05,224200,48000,176200
SO105205,20230807,13,262,1,9,4,89000,0.05,338200,100000,238200
SO108915,20230807,9,93,1,4,5,349000,0.05,1657800,950000,707800
SO105737,20230808,16,66,12,1,3,1599000,0.0,4797000,2760000,2037000
SO108121,20230808,12,272,6,8,4,299000,0.0,1196000,480000,716000
SO108102,20230808,7,250,7,10,4,499000,0.0,1996000,1120000,876000
SO107511,20230808,20,257,12,4,5,129000,0.0,645000,275000,370000
SO108070,20230808,17,277,1,4,5,329000,0.05,1562800,750000,812800
SO108990,20230808,9,299,1,5,1,349000,0.0,349000,190000,159000
SO102022,20230808,10,17,4,11,5,599000,0.0,2995000,1550000,1445000
SO110107,20230808,14,65,8,11,2,59000,0.0,118000,24000,94000
SO101422,20230809,11,250,7,10,4,199000,0.0,796000,340000,456000
SO111347,20230809,13,274,17,6,1,89000,0.0,89000,25000,64000
SO103474,20230809,16,235,15,5,4,1599000,0.1,5756400,3680000,2076400
SO109414,20230809,12,174,4,9,1,299000,0.0,299000,120000,179000
SO107419,20230809,20,226,11,7,3,129000,0.0,387000,165000,222000
SO108554,20230809,8,226,11,3,5,799000,0.0,3995000,2100000,1895000
SO111431,20230809,19,143,9,2,5,169000,0.05,802800,375000,427800
SO106090,20230809,14,25,12,6,3,59000,0.0,177000,36000,141000
SO102275,20230809,11,123,17,8,4,199000,0.0,796000,340000,456000
SO101011,20230809,15,232,5,3,1,899000,0.05,854000,480000,374000
SO107129,20230809,18,173,15,6,3,649000,0.05,1849600,960000,889600
SO110194,20230810,18,226,11,3,2,649000,0.1,1168200,640000,528200
SO110797,20230810,13,100,15,10,1,89000,0.1,80100,25000,55100
SO107242,20230810,12,285,5,1,3,299000,0.0,897000,360000,537000
SO103311,20230810,13,125,1,6,3,89000,0.0,267000,75000,192000
SO109026,20230810,13,42,7,11,5,89000,0.1,400500,125000,275500
SO100261,20230810,6,260,1,2,5,2199000,0.05,10445200,6750000,3695200
SO104309,20230810,11,161,2,1,5,199000,0.0,995000,425000,570000
SO102136,20230811,3,195,3,10,2,1999000,0.0,3998000,2900000,1098000
SO110439,20230811,1,96,1,5,2,13999000,0.05,26598100,19600000,6998100
SO102435,20230811,20,223,3,8,3,129000,0.0,387000,165000,222000
SO107600,20230812,20,200,8,5,2,129000,0.0,258000,110000,148000
SO110304,20230812,2,207,18,10,1,4499000,0.0,4499000,3100000,1399000
SO102661,20230812,10,117,2,4,4,599000,0.0,2396000,1240000,1156000
SO104578,20230812,19,11,12,7,2,169000,0.0,338000,150000,188000
SO109532,20230812,13,108,4,5,4,89000,0.05,338200,100000,238200
SO104008,20230812,19,26,5,5,3,169000,0.05,481600,225000,256600
SO103275,20230813,14,214,3,8,5,59000,0.0,295000,60000,235000
SO101711,20230813,1,96,1,3,2,13999000,0.05,26598100,19600000,6998100
SO104776,20230813,7,72,6,2,4,499000,0.1,1796400,1120000,676400
SO110100,20230813,18,28,2,12,4,649000,0.0,2596000,1280000,1316000
SO110018,20230813,19,166,4,12,5,169000,0.1,760500,375000,385500
SO103368,20230813,15,241,4,1,3,899000,0.0,2697000,1440000,1257000
SO101597,20230813,15,98,7,5,5,899000,0.0,4495000,2400000,2095000
SO101489,20230813,11,245,3,8,4,199000,0.0,796000,340000,456000
SO108899,20230813,13,181,1,10,4,89000,0.0,356000,100000,256000
SO106061,20230813,13,81,17,5,1,89000,0.05,84600,25000,59600
SO103905,20230814,20,176,1,3,4,129000,0.0,516000,220000,296000
SO105936,20230814,20,143,9,12,3,129000,0.1,348300,165000,183300
SO100199,20230814,9,243,3,6,5,349000,0.0,1745000,950000,795000
SO110700,20230814,8,240,8,11,3,799000,0.05,2277200,1260000,1017200
SO107659,20230814,14,210,3,10,3,59000,0.0,177000,36000,141000
SO108770,20230814,11,271,2,1,1,199000,0.0,199000,85000,114000
SO111015,20230815,7,187,5,2,5,499000,0.0,2495000,1400000,1095000
SO102636,20230815,19,261,2,12,3,169000,0.0,507000,225000,282000
SO106425,20230815,13,99,3,7,2,89000,0.0,178000,50000,128000
SO105146,20230815,8,105,2,8,3,799000,0.05,2277200,1260000,1017200
SO105608,20230815,14,168,4,5,1,59000,0.05,56000,12000,44000
SO100001,20230816,12,94,3,4,3,299000,0.0,897000,360000,537000
SO100746,20230816,17,181,1,3,2,329000,0.0,658000,300000,358000
SO103610,20230816,14,179,2,6,3,59000,0.05,168200,36000,132200
SO107187,20230816,11,97,1,11,5,199000,0.0,995000,425000,570000
SO106842,20230816,20,130,11,6,1,129000,0.05,122600,55000,67600
SO108522,20230816,17,141,3,7,3,329000,0.05,937600,450000,487600
SO107867,20230816,14,122,18,10,5,59000,0.0,295000,60000,235000
SO100065,20230816,8,67,3,2,4,799000,0.0,3196000,1680000,1516000
SO107147,20230816,4,123,17,10,4,8999000,0.0,35996000,24800000,11196000
SO105712,20230816,17,275,3,4,4,329000,0.0,1316000,600000,716000
SO101626,20230816,8,55,3,9,3,799000,0.0,2397000,1260000,1137000
SO101845,20230817,8,207,18,10,2,799000,0.05,1518100,840000,678100
SO103898,20230817,20,80,1,10,4,129000,0.0,516000,220000,296000
SO110290,20230817,13,112,4,11,1,89000,0.05,84600,25000,59600
SO110968,20230817,14,206,1,1,1,59000,0.0,59000,12000,47000
SO103962,20230817,20,288,2,6,4,129000,0.1,464400,220000,244400
SO104408,20230817,14,163,14,6,3,59000,0.05,168200,36000,132200
SO104827,20230818,12,198,9,2,3,299000,0.1,807300,360000,447300
SO100371,20230818,10,24,12,4,5,599000,0.1,2695500,1550000,1145500
SO108976,20230818,16,171,1,3,4,1599000,0.1,5756400,3680000,2076400
SO100663,20230818,13,99,3,9,3,89000,0.05,253600,75000,178600
SO105827,20230818,9,186,3,6,3,349000,0.0,1047000,570000,477000
SO101087,20230819,8,182,14,8,2,799000,0.1,1438200,840000,598200
SO100682,20230819,12,187,5,5,2,299000,0.0,598000,240000,358000
SO100491,20230819,13,63,1,3,3,89000,0.0,267000,75000,192000
SO106268,20230819,10,47,3,10,5,599000,0.0,2995000,1550000,1445000
SO102001,20230819,9,184,6,2,1,349000,0.0,349000,190000,159000
SO103277,20230819,18,203,14,10,1,649000,0.05,616600,320000,296600
SO107303,20230819,14,67,3,4,5,59000,0.0,295000,60000,235000
SO108922,20230819,3,129,1,8,3,1999000,0.0,5997000,4350000,1647000
SO109625,20230819,13,59,1,6,2,89000,0.0,178000,50000,128000
SO111169,20230819,14,277,1,8,2,59000,0.0,118000,24000,94000
SO110272,20230820,7,170,3,1,5,499000,0.0,2495000,1400000,1095000
SO106942,20230820,19,117,2,8,4,169000,0.0,676000,300000,376000
SO104104,20230820,14,32,7,1,4,59000,0.1,212400,48000,164400
SO106835,20230820,7,192,3,2,3,499000,0.0,1497000,840000,657000
SO101610,20230820,14,122,18,11,3,59000,0.1,159300,36000,123300
SO107644,20230820,8,90,6,2,2,799000,0.0,1598000,840000,758000
SO104106,20230820,9,200,8,2,4,349000,0.05,1326200,760000,566200
SO105962,20230820,13,298,3,4,4,89000,0.0,356000,100000,256000
SO108738,20230820,14,46,17,1,4,59000,0.0,236000,48000,188000
SO100168,20230820,14,74,13,9,1,59000,0.0,59000,12000,47000
SO110041,20230820,7,19,1,5,1,499000,0.05,474000,280000,194000
SO110395,20230820,20,60,1,12,4,129000,0.0,516000,220000,296000
SO101242,20230820,14,186,3,8,1,59000,0.0,59000,12000,47000
SO109404,20230821,6,142,8,4,3,2199000,0.0,6597000,4050000,2547000
SO104402,20230821,13,155,8,7,4,89000,0.1,320400,100000,220400
SO102583,20230821,12,285,5,1,2,299000,0.05,568100,240000,328100
SO111643,20230821,7,281,3,10,1,499000,0.0,499000,280000,219000
SO108072,20230821,13,66,12,11,2,89000,0.05,169100,50000,119100
SO110268,20230822,20,80,1,11,3,129000,0.0,387000,165000,222000
SO109417,20230822,9,66,12,2,1,349000,0.0,349000,190000,159000
SO100126,20230822,14,207,18,8,1,59000,0.0,59000,12000,47000
SO103137,20230822,6,24,12,9,5,2199000,0.0,10995000,6750000,4245000
SO111064,20230822,5,188,1,8,3,3999000,0.0,11997000,8700000,3297000
SO104012,20230822,13,192,3,8,2,89000,0.05,169100,50000,119100
SO107780,20230822,16,197,3,6,1,1599000,0.05,1519000,920000,599000
SO107286,20230822,13,73,1,3,2,89000,0.05,169100,50000,119100
SO109322,20230822,14,205,7,2,2,59000,0.05,112100,24000,88100
SO108281,20230822,19,119,8,12,2,169000,0.0,338000,150000,188000
SO107262,20230822,2,254,2,9,2,4499000,0.05,8548100,6200000,2348100
SO110770,20230822,10,191,8,3,2,599000,0.1,1078200,620000,458200
SO108216,20230822,19,50,9,2,2,169000,0.05,321100,150000,171100
SO105437,20230822,5,154,2,11,1,3999000,0.0,3999000,2900000,1099000
SO111264,20230822,18,33,10,10,3,649000,0.05,1849600,960000,889600
SO111771,20230822,10,23,1,1,2,599000,0.05,1138100,620000,518100
SO106431,20230823,15,229,12,3,4,899000,0.0,3596000,1920000,1676000
SO102419,20230823,14,218,3,3,3,59000,0.1,159300,36000,123300
SO107341,20230823,2,197,3,10,5,4499000,0.05,21370200,15500000,5870200
SO110305,20230823,20,278,3,12,2,129000,0.05,245100,110000,135100
SO106217,20230823,8,269,15,5,4,799000,0.0,3196000,1680000,1516000
SO102913,20230823,13,52,3,4,5,89000,0.0,445000,125000,320000
SO111134,20230823,13,52,3,12,2,89000,0.0,178000,50000,128000
SO104103,20230823,5,190,10,4,2,3999000,0.05,7598100,5800000,1798100
SO110007,20230823,13,216,2,5,5,89000,0.0,445000,125000,320000
SO104584,20230824,13,29,1,2,3,89000,0.0,267000,75000,192000
SO106989,20230824,8,204,3,8,4,799000,0.05,3036200,1680000,1356200
SO105286,20230824,14,195,3,1,2,59000,0.0,118000,24000,94000
SO108957,20230824,7,289,2,2,2,499000,0.0,998000,560000,438000
SO102043,20230824,20,142,8,10,4,129000,0.0,516000,220000,296000
SO105869,20230824,14,174,4,5,4,59000,0.1,212400,48000,164400
SO101449,20230824,3,181,1,6,3,1999000,0.05,5697200,4350000,1347200
SO109622,20230825,12,254,2,3,2,299000,0.0,598000,240000,358000
SO102085,20230825,14,57,1,6,2,59000,0.0,118000,24000,94000
SO111089,20230825,14,294,8,5,1,59000,0.0,59000,12000,47000
SO104931,20230825,15,169,5,7,3,899000,0.0,2697000,1440000,1257000
SO106573,20230825,11,88,6,7,1,199000,0.1,179100,85000,94100
SO104725,20230825,19,184,6,11,2,169000,0.1,304200,150000,154200
SO106110,20230825,11,239,5,2,5,199000,0.0,995000,425000,570000
SO110099,20230826,9,182,14,11,2,349000,0.0,698000,380000,318000
SO101218,20230826,14,82,3,4,4,59000,0.1,212400,48000,164400
SO104076,20230826,12,11,12,9,3,299000,0.05,852200,360000,492200
SO108279,20230826,8,253,1,10,2,799000,0.0,1598000,840000,758000
SO107383,20230826,11,13,1,7,5,199000,0.0,995000,425000,570000
SO110906,20230826,11,282,14,7,1,199000,0.0,199000,85000,114000
SO104465,20230826,14,127,2,7,3,59000,0.0,177000,36000,141000
SO107740,20230826,19,129,1,3,2,169000,0.05,321100,150000,171100
SO109359,20230826,10,81,17,11,4,599000,0.0,2396000,1240000,1156000
SO104355,20230826,5,68,4,9,3,3999000,0.0,11997000,8700000,3297000
SO108717,20230826,19,154,2,6,5,169000,0.0,845000,375000,470000
SO109468,20230826,13,190,10,1,3,89000,0.05,253600,75000,178600
SO103982,20230826,18,125,1,6,3,649000,0.0,1947000,960000,987000
SO108780,20230827,17,35,6,4,4,329000,0.0,1316000,600000,716000
SO100086,20230827,14,101,2,5,4,59000,0.0,236000,48000,188000
SO107801,20230827,2,169,5,4,5,4499000,0.0,22495000,15500000,6995000
SO103366,20230827,11,212,1,1,1,199000,0.1,179100,85000,94100
SO104033,20230827,8,223,3,2,4,799000,0.0,3196000,1680000,1516000
SO111999,20230827,13,254,2,8,3,89000,0.0,267000,75000,192000
SO108979,20230827,14,85,3,9,2,59000,0.0,118000,24000,94000
SO100876,20230827,8,229,12,4,3,799000,0.0,2397000,1260000,1137000
SO101644,20230827,17,31,2,4,1,329000,0.05,312600,150000,162600
SO103100,20230827,9,28,2,10,1,349000,0.0,349000,190000,159000
SO100427,20230827,7,194,14,10,4,499000,0.0,1996000,1120000,876000
SO109691,20230827,14,64,3,7,5,59000,0.0,295000,60000,235000
SO102975,20230827,11,249,1,3,3,199000,0.1,537300,255000,282300
SO108416,20230828,14,275,3,12,5,59000,0.0,295000,60000,235000
SO105863,20230828,8,261,2,5,4,799000,0.05,3036200,1680000,1356200
SO100499,20230828,18,286,4,10,4,649000,0.1,2336400,1280000,1056400
SO110695,20230828,1,295,8,7,5,13999000,0.0,69995000,49000000,20995000
SO109615,20230828,12,5,1,8,1,299000,0.0,299000,120000,179000
SO110215,20230828,14,221,3,2,4,59000,0.05,224200,48000,176200
SO104418,20230828,14,280,6,12,2,59000,0.1,106200,24000,82200
SO103540,20230828,8,162,1,6,4,799000,0.1,2876400,1680000,1196400
SO110750,20230828,13,173,15,10,4,89000,0.1,320400,100000,220400
SO104455,20230828,12,152,3,2,1,299000,0.05,284000,120000,164000
SO104779,20230829,20,186,3,3,4,129000,0.05,490200,220000,270200
SO100025,20230829,20,230,8,10,5,129000,0.0,645000,275000,370000
SO102545,20230829,1,163,14,4,1,13999000,0.0,13999000,9800000,4199000
SO111033,20230829,2,80,1,12,1,4499000,0.0,4499000,3100000,1399000
SO103129,20230829,19,96,1,12,1,169000,0.1,152100,75000,77100
SO100845,20230829,9,22,6,8,2,349000,0.05,663100,380000,283100
SO100085,20230829,9,118,2,1,1,349000,0.1,314100,190000,124100
SO108635,20230829,7,180,1,5,3,499000,0.0,1497000,840000,657000
SO100140,20230829,9,274,17,10,4,349000,0.0,1396000,760000,636000
SO100445,20230829,10,237,8,8,5,599000,0.0,2995000,1550000,1445000
SO111173,20230829,9,103,8,11,1,349000,0.0,349000,190000,159000
SO100797,20230830,17,30,6,3,2,329000,0.1,592200,300000,292200
SO105143,20230830,3,74,13,9,4,1999000,0.05,7596200,5800000,1796200
SO109139,20230830,7,215,14,8,2,499000,0.1,898200,560000,338200
SO106372,20230830,12,242,13,11,4,299000,0.0,1196000,480000,716000
SO106694,20230830,20,36,1,11,2,129000,0.0,258000,110000,148000
SO111917,20230830,14,62,14,1,3,59000,0.0,177000,36000,141000
SO108185,20230830,7,86,2,8,1,499000,0.0,499000,280000,219000
SO101014,20230831,13,83,8,10,4,89000,0.05,338200,100000,238200
SO104180,20230831,11,250,7,10,5,199000,0.05,945200,425000,520200
SO105485,20230831,20,240,8,12,3,129000,0.0,387000,165000,222000
SO107702,20230831,5,55,3,4,2,3999000,0.0,7998000,5800000,2198000
SO108341,20230831,13,255,1,8,2,89000,0.1,160200,50000,110200
SO110863,20230831,13,61,11,1,3,89000,0.0,267000,75000,192000
SO102991,20230831,11,217,8,10,5,199000,0.1,895500,425000,470500
SO107520,20230831,19,241,4,4,4,169000,0.0,676000,300000,376000
SO102846,20230831,9,103,8,11,2,349000,0.1,628200,380000,248200
SO110886,20230901,17,248,1,1,3,329000,0.0,987000,450000,537000
SO102705,20230901,20,162,1,6,2,129000,0.15,219300,110000,109300
SO100813,20230901,2,131,6,3,3,4499000,0.0,13497000,9300000,4197000
SO104358,20230901,17,123,17,6,3,329000,0.0,987000,450000,537000
SO111321,20230901,18,175,15,6,5,649000,0.0,3245000,1600000,1645000
SO107730,20230901,12,120,12,7,5,299000,0.1,1345500,600000,745500
SO110105,20230901,14,61,11,2,3,59000,0.0,177000,36000,141000
SO111483,20230901,7,296,8,1,3,499000,0.05,1422200,840000,582200
SO111746,20230902,17,240,8,4,4,329000,0.0,1316000,600000,716000
SO103728,20230902,16,70,8,11,5,1599000,0.0,7995000,4600000,3395000
SO109655,20230902,13,172,1,5,4,89000,0.1,320400,100000,220400
SO108359,20230902,20,70,8,4,5,129000,0.0,645000,275000,370000
SO107742,20230902,13,47,3,8,3,89000,0.0,267000,75000,192000
SO105414,20230902,20,85,3,4,3,129000,0.0,387000,165000,222000
SO111824,20230902,14,18,18,5,2,59000,0.05,112100,24000,88100
SO109570,20230903,12,264,7,12,4,299000,0.05,1136200,480000,656200
SO107677,20230903,19,23,1,12,1,169000,0.05,160600,75000,85600
SO108870,20230903,13,110,2,1,5,89000,0.1,400500,125000,275500
SO107003,20230903,20,123,17,3,5,129000,0.0,645000,275000,370000
SO106369,20230903,20,69,8,2,1,129000,0.0,129000,55000,74000
SO111779,20230903,13,187,5,11,5,89000,0.1,400500,125000,275500
SO103804,20230903,14,164,12,12,5,59000,0.0,295000,60000,235000
SO104533,20230903,18,136,11,4,5,649000,0.0,3245000,1600000,1645000
SO109895,20230904,1,294,8,12,3,13999000,0.0,41997000,29400000,12597000
SO103298,20230904,12,33,10,1,4,299000,0.0,1196000,480000,716000
SO103323,20230904,16,25,12,11,2,1599000,0.0,3198000,1840000,1358000
SO108639,20230904,7,252,7,4,3,499000,0.0,1497000,840000,657000
SO111388,20230904,19,178,1,6,5,169000,0.0,845000,375000,470000
SO102901,20230904,13,103,8,7,3,89000,0.0,267000,75000,192000
SO101215,20230904,13,295,8,3,1,89000,0.0,89000,25000,64000
SO107893,20230904,19,89,3,6,1,169000,0.05,160600,75000,85600
SO111227,20230904,16,101,2,2,4,1599000,0.0,6396000,3680000,2716000
SO111432,20230904,14,234,2,4,1,59000,0.0,59000,12000,47000
SO101638,20230905,17,19,1,12,2,329000,0.1,592200,300000,292200
SO102971,20230905,3,12,6,10,5,1999000,0.1,8995500,7250000,1745500
SO108498,20230905,14,94,3,2,4,59000,0.0,236000,48000,188000
SO109606,20230905,17,55,3,7,5,329000,0.05,1562800,750000,812800
SO110631,20230905,5,69,8,4,2,3999000,0.1,7198200,5800000,1398200
SO106608,20230905,16,223,3,11,3,1599000,0.05,4557200,2760000,1797200
SO103697,20230905,14,121,13,12,2,59000,0.0,118000,24000,94000
SO110243,20230905,4,101,2,8,5,8999000,0.05,42745200,31000000,11745200
SO105990,20230905,11,144,1,10,1,199000,0.0,199000,85000,114000
SO110547,20230905,12,30,6,11,4,299000,0.0,1196000,480000,716000
SO100985,20230905,12,257,12,11,4,299000,0.0,1196000,480000,716000
SO100735,20230905,19,89,3,10,1,169000,0.0,169000,75000,94000
SO108910,20230905,13,133,1,10,2,89000,0.0,178000,50000,128000
SO108682,20230905,13,126,1,5,2,89000,0.0,178000,50000,128000
SO111276,20230906,19,211,1,12,1,169000,0.0,169000,75000,94000
SO103499,20230906,8,293,17,2,3,799000,0.05,2277200,1260000,1017200
SO110729,20230906,13,12,6,2,1,89000,0.0,89000,25000,64000
SO103122,20230906,10,150,11,4,1,599000,0.05,569000,310000,259000
SO111577,20230906,8,275,3,11,5,799000,0.0,3995000,2100000,1895000
SO110034,20230906,15,84,12,9,2,899000,0.1,1618200,960000,658200
SO101969,20230906,18,142,8,2,5,649000,0.0,3245000,1600000,1645000
SO109827,20230906,12,142,8,6,5,299000,0.0,1495000,600000,895000
SO104551,20230907,18,234,2,6,3,649000,0.05,1849600,960000,889600
SO100364,20230907,14,28,2,3,2,59000,0.1,106200,24000,82200
SO108506,20230907,13,159,4,5,4,89000,0.0,356000,100000,256000
SO103252,20230907,2,97,1,9,1,4499000,0.0,4499000,3100000,1399000
SO107442,20230907,4,67,3,11,2,8999000,0.0,17998000,12400000,5598000
SO107575,20230907,2,200,8,10,4,4499000,0.0,17996000,12400000,5596000
SO109724,20230908,13,148,1,11,5,89000,0.0,445000,125000,320000
SO109698,20230908,20,168,4,3,2,129000,0.0,258000,110000,148000
SO105040,20230908,13,186,3,6,1,89000,0.0,89000,25000,64000
SO104648,20230908,20,32,7,5,2,129000,0.05,245100,110000,135100
SO104975,20230908,12,206,1,3,4,299000,0.0,1196000,480000,716000
SO101871,20230908,20,189,18,4,3,129000,0.05,367600,165000,202600
SO101710,20230909,14,197,3,10,4,59000,0.0,236000,48000,188000
SO102907,20230909,20,189,18,3,3,129000,0.05,367600,165000,202600
SO104138,20230909,16,104,12,11,2,1599000,0.0,3198000,1840000,1358000
SO107757,20230909,13,260,1,6,1,89000,0.05,84600,25000,59600
SO106266,20230909,6,167,4,5,4,2199000,0.0,8796000,5400000,3396000
SO102051,20230909,20,123,17,12,4,129000,0.05,490200,220000,270200
SO106769,20230909,9,173,15,7,2,349000,0.0,698000,380000,318000
SO104210,20230909,19,37,12,4,5,169000,0.0,845000,375000,470000
SO102465,20230910,20,291,14,3,2,129000,0.05,245100,110000,135100
SO110060,20230910,10,154,2,4,3,599000,0.0,1797000,930000,867000
SO105227,20230910,14,109,3,11,4,59000,0.0,236000,48000,188000
SO101940,20230910,12,237,8,4,2,299000,0.05,568100,240000,328100
SO108744,20230910,14,55,3,4,4,59000,0.1,212400,48000,164400
SO102586,20230910,7,105,2,5,1,499000,0.0,499000,280000,219000
SO106828,20230911,14,90,6,11,1,59000,0.05,56000,12000,44000
SO109187,20230911,13,86,2,8,4,89000,0.0,356000,100000,256000
SO110846,20230911,14,226,11,2,5,59000,0.0,295000,60000,235000
SO110171,20230911,20,290,14,5,1,129000,0.0,129000,55000,74000
SO103117,20230911,14,265,14,10,5,59000,0.0,295000,60000,235000
SO100546,20230911,9,284,2,12,1,349000,0.0,349000,190000,159000
SO109662,20230911,17,287,6,2,5,329000,0.0,1645000,750000,895000
SO101105,20230912,17,230,8,3,3,329000,0.0,987000,450000,537000
SO105105,20230912,7,102,1,7,4,499000,0.05,1896200,1120000,776200
SO106731,20230912,19,188,1,11,4,169000,0.0,676000,300000,376000
SO108593,20230912,13,266,1,12,2,89000,0.0,178000,50000,128000
SO102056,20230912,14,25,12,4,5,59000,0.1,265500,60000,205500
SO108409,20230912,14,181,1,3,5,59000,0.0,295000,60000,235000
SO102843,20230912,14,135,1,12,4,59000,0.0,236000,48000,188000
SO106327,20230913,6,292,11,12,2,2199000,0.0,4398000,2700000,1698000
SO103154,20230913,13,228,3,11,4,89000,0.05,338200,100000,238200
SO103328,20230913,11,177,5,8,2,199000,0.0,398000,170000,228000
SO100979,20230913,11,263,2,4,5,199000,0.0,995000,425000,570000
SO107558,20230913,17,75,12,1,4,329000,0.0,1316000,600000,716000
SO101649,20230913,13,223,3,12,4,89000,0.0,356000,100000,256000
SO102010,20230913,13,224,1,5,1,89000,0.05,84600,25000,59600
SO102995,20230913,3,140,3,11,1,1999000,0.05,1899000,1450000,449000
SO103698,20230914,14,103,8,1,4,59000,0.0,236000,48000,188000
SO106807,20230914,20,228,3,12,4,129000,0.0,516000,220000,296000
SO100238,20230914,7,28,2,10,4,499000,0.05,1896200,1120000,776200
SO106191,20230914,7,97,1,11,4,499000,0.05,1896200,1120000,776200
SO109863,20230914,4,261,2,5,5,8999000,0.0,44995000,31000000,13995000
SO111288,20230914,12,137,6,4,4,299000,0.05,1136200,480000,656200
SO106404,20230915,14,291,14,9,4,59000,0.0,236000,48000,188000
SO109176,20230915,9,276,7,7,4,349000,0.0,1396000,760000,636000
SO103841,20230915,6,256,9,6,3,2199000,0.05,6267200,4050000,2217200
SO111214,20230915,12,24,12,9,1,299000,0.05,284000,120000,164000
SO103409,20230915,9,2,1,5,4,349000,0.0,1396000,760000,636000
SO109323,20230915,13,295,8,7,3,89000,0.0,267000,75000,192000
SO100373,20230915,17,130,11,11,4,329000,0.05,1250200,600000,650200
SO102343,20230915,20,45,8,1,3,129000,0.0,387000,165000,222000
SO110691,20230915,5,226,11,9,5,3999000,0.0,19995000,14500000,5495000
SO110311,20230915,19,200,8,1,5,169000,0.0,845000,375000,470000
SO101183,20230915,8,294,8,9,5,799000,0.0,3995000,2100000,1895000
SO102069,20230916,14,243,3,2,4,59000,0.0,236000,48000,188000
SO109236,20230916,14,34,1,12,1,59000,0.0,59000,12000,47000
SO102643,20230916,14,14,1,11,1,59000,0.1,53100,12000,41100
SO100789,20230916,19,297,4,12,2,169000,0.0,338000,150000,188000
SO100529,20230916,11,53,1,2,4,199000,0.0,796000,340000,456000
SO107802,20230916,14,166,4,3,2,59000,0.05,112100,24000,88100
SO100598,20230916,8,134,2,2,3,799000,0.0,2397000,1260000,1137000
SO102168,20230916,12,60,1,9,1,299000,0.0,299000,120000,179000
SO110062,20230916,10,95,3,11,1,599000,0.0,599000,310000,289000
SO107308,20230916,14,79,8,6,3,59000,0.0,177000,36000,141000
SO100270,20230916,15,261,2,5,4,899000,0.1,3236400,1920000,1316400
SO104285,20230916,18,172,1,9,4,649000,0.0,2596000,1280000,1316000
SO104315,20230916,10,223,3,12,1,599000,0.05,569000,310000,259000
SO110889,20230916,9,238,3,12,3,349000,0.05,994600,570000,424600
SO109075,20230917,3,131,6,9,4,1999000,0.0,7996000,5800000,2196000
SO103889,20230917,13,112,4,1,3,89000,0.0,267000,75000,192000
SO110465,20230917,7,96,1,9,2,499000,0.0,998000,560000,438000
SO100306,20230917,5,121,13,6,4,3999000,0.05,15196200,11600000,3596200
SO106426,20230917,18,50,9,5,4,649000,0.1,2336400,1280000,1056400
SO101299,20230917,7,278,3,9,5,499000,0.0,2495000,1400000,1095000
SO105042,20230917,14,185,3,1,4,59000,0.0,236000,48000,188000
SO105699,20230918,11,140,3,2,4,199000,0.0,796000,340000,456000
SO105719,20230918,6,61,11,11,4,2199000,0.0,8796000,5400000,3396000
SO103108,20230918,20,156,11,1,5,129000,0.05,612800,275000,337800
SO102026,20230918,13,101,2,12,2,89000,0.05,169100,50000,119100
SO101125,20230918,20,44,5,1,1,129000,0.0,129000,55000,74000
SO102531,20230918,11,127,2,12,4,199000,0.0,796000,340000,456000
SO111895,20230918,2,46,17,5,1,4499000,0.0,4499000,3100000,1399000
SO111277,20230918,9,127,2,2,1,349000,0.0,349000,190000,159000
SO103939,20230918,8,246,3,2,5,799000,0.0,3995000,2100000,1895000
SO110506,20230918,14,297,4,10,1,59000,0.1,53100,12000,41100
SO102844,20230919,10,132,5,12,3,599000,0.15,1527400,930000,597400
SO110826,20230919,12,140,3,8,1,299000,0.1,269100,120000,149100
SO103477,20230919,11,110,2,4,2,199000,0.1,358200,170000,188200
SO102186,20230919,9,207,18,5,5,349000,0.05,1657800,950000,707800
SO104289,20230919,15,145,14,4,4,899000,0.0,3596000,1920000,1676000
SO105039,20230919,20,17,4,3,5,129000,0.05,612800,275000,337800
SO108696,20230920,13,159,4,4,3,89000,0.0,267000,75000,192000
SO107232,20230920,6,34,1,4,1,2199000,0.05,2089000,1350000,739000
SO111273,20230920,10,39,6,9,3,599000,0.0,1797000,930000,867000
SO109465,20230921,7,19,1,11,1,499000,0.0,499000,280000,219000
SO105570,20230921,14,152,3,6,4,59000,0.05,224200,48000,176200
SO104360,20230921,14,294,8,10,2,59000,0.1,106200,24000,82200
SO105717,20230921,20,29,1,5,1,129000,0.05,122600,55000,67600
SO100097,20230921,13,61,11,10,5,89000,0.05,422800,125000,297800
SO104078,20230921,14,46,17,3,3,59000,0.0,177000,36000,141000
SO110283,20230921,19,100,15,6,1,169000,0.1,152100,75000,77100
SO100498,20230921,11,135,1,2,5,199000,0.0,995000,425000,570000
SO111550,20230921,14,168,4,11,1,59000,0.05,56000,12000,44000
SO111722,20230921,16,126,1,8,3,1599000,0.1,4317300,2760000,1557300
SO102801,20230921,13,223,3,10,2,89000,0.0,178000,50000,128000
SO106130,20230921,17,171,1,12,5,329000,0.0,1645000,750000,895000
SO104982,20230921,19,272,6,3,5,169000,0.0,845000,375000,470000
SO100011,20230922,7,66,12,3,3,499000,0.0,1497000,840000,657000
SO101025,20230922,14,237,8,7,1,59000,0.05,56000,12000,44000
SO109229,20230922,19,238,3,4,4,169000,0.05,642200,300000,342200
SO104130,20230922,20,14,1,1,3,129000,0.1,348300,165000,183300
SO102027,20230922,14,202,1,12,3,59000,0.05,168200,36000,132200
SO106060,20230922,7,95,3,9,4,499000,0.0,1996000,1120000,876000
SO104419,20230922,1,2,1,8,2,13999000,0.0,27998000,19600000,8398000
SO107661,20230922,6,144,1,5,5,2199000,0.05,10445200,6750000,3695200
SO101379,20230922,19,12,6,2,4,169000,0.1,608400,300000,308400
SO109264,20230923,10,252,7,6,3,599000,0.0,1797000,930000,867000
SO109291,20230923,19,283,11,8,4,169000,0.0,676000,300000,376000
SO111696,20230923,20,55,3,1,3,129000,0.05,367600,165000,202600
SO100178,20230923,14,270,6,3,2,59000,0.05,112100,24000,88100
SO109984,20230923,11,20,1,9,4,199000,0.0,796000,340000,456000
SO103617,20230923,8,240,8,3,3,799000,0.0,2397000,1260000,1137000
SO102923,20230923,17,214,3,8,2,329000,0.0,658000,300000,358000
SO106827,20230923,14,50,9,8,2,59000,0.0,118000,24000,94000
SO104161,20230924,15,222,15,1,4,899000,0.0,3596000,1920000,1676000
SO104470,20230924,7,87,6,2,3,499000,0.05,1422200,840000,582200
SO109513,20230924,6,62,14,6,4,2199000,0.05,8356200,5400000,2956200
SO100346,20230925,12,211,1,4,1,299000,0.0,299000,120000,179000
SO107966,20230925,12,255,1,12,2,299000,0.0,598000,240000,358000
SO104771,20230925,17,41,3,12,4,329000,0.0,1316000,600000,716000
SO107169,20230925,17,24,12,1,5,329000,0.15,1398200,750000,648200
SO107618,20230925,12,250,7,2,1,299000,0.0,299000,120000,179000
SO103530,20230925,7,246,3,4,2,499000,0.05,948100,560000,388100
SO110932,20230925,13,253,1,5,1,89000,0.1,80100,25000,55100
SO100492,20230925,3,236,3,3,1,1999000,0.05,1899000,1450000,449000
SO106702,20230925,14,34,1,2,3,59000,0.0,177000,36000,141000
SO101485,20230925,14,191,8,10,4,59000,0.05,224200,48000,176200
SO102129,20230925,17,35,6,5,2,329000,0.0,658000,300000,358000
SO105094,20230925,9,154,2,1,2,349000,0.05,663100,380000,283100
SO105306,20230925,9,130,11,7,4,349000,0.05,1326200,760000,566200
SO102092,20230925,5,158,3,3,4,3999000,0.0,15996000,11600000,4396000
SO111513,20230926,17,41,3,3,5,329000,0.0,1645000,750000,895000
SO100134,20230926,15,83,8,11,2,899000,0.0,1798000,960000,838000
SO105120,20230926,12,151,1,10,1,299000,0.05,284000,120000,164000
SO102003,20230926,12,22,6,9,2,299000,0.05,568100,240000,328100
SO111467,20230926,3,39,6,3,3,1999000,0.0,5997000,4350000,1647000
SO106121,20230926,11,128,5,8,3,199000,0.05,567200,255000,312200
SO108503,20230926,12,56,7,4,5,299000,0.05,1420200,600000,820200
SO100530,20230926,19,292,11,4,2,169000,0.05,321100,150000,171100
SO106922,20230926,19,137,6,3,1,169000,0.05,160600,75000,85600
SO103150,20230926,12,269,15,11,5,299000,0.1,1345500,600000,745500
SO110245,20230926,16,181,1,6,4,1599000,0.05,6076200,3680000,2396200
SO107025,20230926,15,24,12,10,5,899000,0.15,3820800,2400000,1420800
SO103279,20230926,11,246,3,5,4,199000,0.0,796000,340000,456000
SO104589,20230926,10,14,1,5,1,599000,0.05,569000,310000,259000
SO109572,20230927,11,193,1,2,3,199000,0.0,597000,255000,342000
SO106622,20230927,13,99,3,4,4,89000,0.05,338200,100000,238200
SO110885,20230927,20,195,3,5,5,129000,0.05,612800,275000,337800
SO107524,20230927,14,112,4,8,4,59000,0.0,236000,48000,188000
SO106134,20230928,14,134,2,11,4,59000,0.0,236000,48000,188000
SO106069,20230928,13,228,3,5,4,89000,0.0,356000,100000,256000
SO105879,20230928,19,102,1,3,2,169000,0.1,304200,150000,154200
SO111050,20230928,9,221,3,4,3,349000,0.0,1047000,570000,477000
SO107434,20230928,12,210,3,5,4,299000,0.0,1196000,480000,716000
SO103916,20230928,19,164,12,1,2,169000,0.0,338000,150000,188000
SO103652,20230928,9,128,5,2,3,349000,0.0,1047000,570000,477000
SO106149,20230928,14,212,1,1,3,59000,0.1,159300,36000,123300
SO101147,20230928,14,294,8,4,3,59000,0.0,177000,36000,141000
SO102875,20230928,13,4,3,9,3,89000,0.1,240300,75000,165300
SO106758,20230928,16,18,18,10,2,1599000,0.0,3198000,1840000,1358000
SO109380,20230928,12,130,11,4,1,299000,0.0,299000,120000,179000
SO109355,20230929,13,145,14,8,4,89000,0.05,338200,100000,238200
SO100421,20230929,14,224,1,3,4,59000,0.0,236000,48000,188000
SO110710,20230929,6,50,9,10,1,2199000,0.0,2199000,1350000,849000
SO101518,20230929,12,286,4,1,3,299000,0.0,897000,360000,537000
SO105003,20230929,14,287,6,6,3,59000,0.0,177000,36000,141000
SO106323,20230929,18,71,9,8,3,649000,0.05,1849600,960000,889600
SO107356,20230929,8,104,12,8,1,799000,0.05,759000,420000,339000
SO105943,20230929,11,295,8,10,1,199000,0.0,199000,85000,114000
SO101541,20230930,19,124,15,8,2,169000,0.0,338000,150000,188000
SO105086,20230930,14,26,5,3,3,59000,0.0,177000,36000,141000
SO103937,20230930,17,232,5,9,2,329000,0.0,658000,300000,358000
SO106123,20230930,3,47,3,5,4,1999000,0.1,7196400,5800000,1396400
SO104617,20230930,15,111,1,11,2,899000,0.05,1708100,960000,748100
SO101323,20230930,14,295,8,11,4,59000,0.0,236000,48000,188000
SO104429,20230930,19,253,1,10,5,169000,0.0,845000,375000,470000
SO101229,20230930,8,119,8,10,1,799000,0.0,799000,420000,379000
SO100413,20230930,12,41,3,12,3,299000,0.0,897000,360000,537000
SO104741,20230930,16,141,3,11,1,1599000,0.0,1599000,920000,679000
SO111566,20231001,17,137,6,10,5,329000,0.0,1645000,750000,895000
SO107002,20231001,6,45,8,2,2,2199000,0.0,4398000,2700000,1698000
SO111024,20231001,9,210,3,11,5,349000,0.1,1570500,950000,620500
SO102510,20231001,9,203,14,10,3,349000,0.0,1047000,570000,477000
SO110588,20231001,20,204,3,2,5,129000,0.05,612800,275000,337800
SO111449,20231002,11,221,3,7,2,199000,0.05,378100,170000,208100
SO109186,20231002,12,79,8,5,3,299000,0.0,897000,360000,537000
SO107255,20231002,4,171,1,1,4,8999000,0.0,35996000,24800000,11196000
SO101190,20231002,11,30,6,4,5,199000,0.1,895500,425000,470500
SO110594,20231002,14,26,5,7,2,59000,0.05,112100,24000,88100
SO110155,20231002,14,88,6,10,2,59000,0.0,118000,24000,94000
SO111558,20231002,19,71,9,4,4,169000,0.0,676000,300000,376000
SO104186,20231002,19,256,9,6,4,169000,0.05,642200,300000,342200
SO109369,20231002,3,259,7,10,3,1999000,0.05,5697200,4350000,1347200
SO102651,20231003,11,80,1,8,5,199000,0.0,995000,425000,570000
SO107157,20231003,7,291,14,12,2,499000,0.0,998000,560000,438000
SO100545,20231003,8,238,3,5,2,799000,0.0,1598000,840000,758000
SO108550,20231003,13,175,15,10,2,89000,0.0,178000,50000,128000
SO100983,20231003,7,46,17,4,1,499000,0.05,474000,280000,194000
SO110056,20231003,17,222,15,3,2,329000,0.0,658000,300000,358000
SO103542,20231003,13,69,8,2,1,89000,0.0,89000,25000,64000
SO110260,20231003,13,100,15,12,4,89000,0.0,356000,100000,256000
SO108245,20231003,14,30,6,8,4,59000,0.0,236000,48000,188000
SO106678,20231003,11,206,1,4,4,199000,0.05,756200,340000,416200
SO100848,20231004,18,147,12,8,4,649000,0.1,2336400,1280000,1056400
SO103292,20231004,19,295,8,2,4,169000,0.05,642200,300000,342200
SO104303,20231004,17,207,18,12,4,329000,0.0,1316000,600000,716000
SO109307,20231004,17,21,18,5,1,329000,0.0,329000,150000,179000
SO108368,20231004,17,279,12,12,4,329000,0.05,1250200,600000,650200
SO103752,20231005,17,44,5,6,5,329000,0.05,1562800,750000,812800
SO104719,20231005,9,253,1,6,1,349000,0.0,349000,190000,159000
SO104149,20231005,7,265,14,3,1,499000,0.05,474000,280000,194000
SO111187,20231005,12,246,3,12,3,299000,0.0,897000,360000,537000
SO105750,20231005,20,226,11,1,2,129000,0.05,245100,110000,135100
SO111869,20231005,19,270,6,5,5,169000,0.05,802800,375000,427800
SO100351,20231005,5,125,1,4,5,3999000,0.05,18995200,14500000,4495200
SO105530,20231005,9,74,13,11,4,349000,0.05,1326200,760000,566200
SO108008,20231005,20,127,2,10,4,129000,0.05,490200,220000,270200
SO103226,20231005,7,37,12,2,4,499000,0.05,1896200,1120000,776200
SO106680,20231005,6,230,8,2,4,2199000,0.1,7916400,5400000,2516400
SO100653,20231005,13,45,8,10,2,89000,0.05,169100,50000,119100
SO106887,20231005,13,38,2,7,2,89000,0.0,178000,50000,128000
SO105291,20231005,19,244,7,12,2,169000,0.05,321100,150000,171100
SO108904,20231006,11,15,7,8,4,199000,0.0,796000,340000,456000
SO102286,20231006,7,51,4,12,1,499000,0.05,474000,280000,194000
SO101032,20231006,19,40,5,9,3,169000,0.05,481600,225000,256600
SO111165,20231006,13,19,1,11,4,89000,0.0,356000,100000,256000
SO107070,20231006,14,141,3,9,2,59000,0.05,112100,24000,88100
SO108803,20231006,9,171,1,7,4,349000,0.05,1326200,760000,566200
SO111200,20231006,9,271,2,7,5,349000,0.0,1745000,950000,795000
SO103495,20231006,9,120,12,11,4,349000,0.05,1326200,760000,566200
SO101344,20231006,7,269,15,4,3,499000,0.05,1422200,840000,582200
SO107101,20231006,16,128,5,11,3,1599000,0.0,4797000,2760000,2037000
SO111421,20231006,19,287,6,5,3,169000,0.05,481600,225000,256600
SO103111,20231006,1,56,7,8,5,13999000,0.0,69995000,49000000,20995000
SO102877,20231006,14,272,6,11,2,59000,0.05,112100,24000,88100
SO110592,20231006,12,209,1,7,2,299000,0.0,598000,240000,358000
SO108776,20231006,9,69,8,9,5,349000,0.1,1570500,950000,620500
SO104557,20231007,17,133,1,6,1,329000,0.0,329000,150000,179000
SO108325,20231007,17,24,12,4,1,329000,0.05,312600,150000,162600
SO100817,20231007,14,165,9,5,2,59000,0.0,118000,24000,94000
SO105319,20231007,15,288,2,8,3,899000,0.1,2427300,1440000,987300
SO102555,20231007,11,95,3,1,4,199000,0.0,796000,340000,456000
SO111921,20231008,18,67,3,7,4,649000,0.0,2596000,1280000,1316000
SO110458,20231008,15,261,2,11,2,899000,0.1,1618200,960000,658200
SO102773,20231008,20,74,13,6,1,129000,0.05,122600,55000,67600
SO101799,20231008,7,19,1,12,3,499000,0.0,1497000,840000,657000
SO104251,20231008,1,184,6,10,4,13999000,0.1,50396400,39200000,11196400
SO110175,20231008,17,99,3,9,2,329000,0.1,592200,300000,292200
SO100769,20231008,19,44,5,12,3,169000,0.05,481600,225000,256600
SO111506,20231008,7,49,1,10,4,499000,0.1,1796400,1120000,676400
SO101186,20231009,14,180,1,6,5,59000,0.0,295000,60000,235000
SO105277,20231009,14,180,1,5,5,59000,0.0,295000,60000,235000
SO105153,20231009,9,50,9,1,5,349000,0.0,1745000,950000,795000
SO104339,20231009,13,7,8,3,4,89000,0.05,338200,100000,238200
SO105202,20231009,17,242,13,2,2,329000,0.0,658000,300000,358000
SO107216,20231009,20,166,4,1,3,129000,0.1,348300,165000,183300
SO103914,20231009,20,15,7,1,5,129000,0.05,612800,275000,337800
SO109512,20231009,14,237,8,12,3,59000,0.05,168200,36000,132200
SO108822,20231009,10,91,14,7,3,599000,0.05,1707200,930000,777200
SO111825,20231009,6,287,6,2,2,2199000,0.0,4398000,2700000,1698000
SO108358,20231009,16,66,12,2,1,1599000,0.1,1439100,920000,519100
SO108835,20231010,10,256,9,6,4,599000,0.1,2156400,1240000,916400
SO103102,20231010,10,115,4,2,3,599000,0.0,1797000,930000,867000
SO101988,20231010,8,165,9,3,4,799000,0.05,3036200,1680000,1356200
SO100149,20231010,9,149,2,4,5,349000,0.0,1745000,950000,795000
SO107274,20231011,9,135,1,8,4,349000,0.0,1396000,760000,636000
SO108333,20231011,19,139,2,9,5,169000,0.0,845000,375000,470000
SO111644,20231011,18,196,1,8,5,649000,0.0,3245000,1600000,1645000
SO105269,20231011,13,109,3,5,5,89000,0.0,445000,125000,320000
SO105544,20231011,16,48,4,5,1,1599000,0.05,1519000,920000,599000
SO100336,20231011,19,127,2,11,4,169000,0.0,676000,300000,376000
SO109109,20231011,15,292,11,5,4,899000,0.05,3416200,1920000,1496200
SO106318,20231011,13,283,11,10,3,89000,0.05,253600,75000,178600
SO111413,20231011,16,146,1,10,4,1599000,0.0,6396000,3680000,2716000
SO102703,20231012,14,259,7,1,5,59000,0.1,265500,60000,205500
SO107049,20231012,13,124,15,4,3,89000,0.0,267000,75000,192000
SO110604,20231012,14,289,2,4,4,59000,0.0,236000,48000,188000
SO111309,20231012,6,149,2,8,3,2199000,0.05,6267200,4050000,2217200
SO111716,20231012,18,60,1,4,1,649000,0.05,616600,320000,296600
SO101648,20231012,12,272,6,3,4,299000,0.05,1136200,480000,656200
SO107761,20231012,5,98,7,4,5,3999000,0.05,18995200,14500000,4495200
SO108405,20231012,17,8,8,10,1,329000,0.0,329000,150000,179000
SO106727,20231012,14,51,4,12,3,59000,0.0,177000,36000,141000
SO107392,20231013,8,137,6,1,1,799000,0.15,679200,420000,259200
SO103061,20231013,20,25,12,10,1,129000,0.05,122600,55000,67600
SO102826,20231013,14,11,12,6,2,59000,0.0,118000,24000,94000
SO107985,20231013,19,277,1,2,4,169000,0.0,676000,300000,376000
SO100138,20231013,7,9,8,9,1,499000,0.1,449100,280000,169100
SO110861,20231014,10,257,12,2,4,599000,0.0,2396000,1240000,1156000
SO109765,20231014,3,142,8,8,2,1999000,0.0,3998000,2900000,1098000
SO107557,20231014,13,179,2,6,3,89000,0.0,267000,75000,192000
SO101833,20231014,9,143,9,3,5,349000,0.05,1657800,950000,707800
SO105985,20231014,9,237,8,9,1,349000,0.0,349000,190000,159000
SO103879,20231014,17,109,3,3,5,329000,0.0,1645000,750000,895000
SO104375,20231014,14,159,4,6,4,59000,0.0,236000,48000,188000
SO105303,20231014,13,285,5,11,5,89000,0.0,445000,125000,320000
SO100522,20231014,14,97,1,2,3,59000,0.0,177000,36000,141000
SO103703,20231015,13,143,9,11,2,89000,0.05,169100,50000,119100
SO105309,20231015,13,34,1,10,2,89000,0.1,160200,50000,110200
SO101228,20231015,11,273,2,10,5,199000,0.0,995000,425000,570000
SO100081,20231015,20,238,3,3,1,129000,0.0,129000,55000,74000
SO102390,20231015,11,102,1,7,1,199000,0.1,179100,85000,94100
SO107133,20231015,19,219,7,5,5,169000,0.0,845000,375000,470000
SO108157,20231016,7,60,1,2,2,499000,0.0,998000,560000,438000
SO101539,20231016,14,267,5,9,4,59000,0.05,224200,48000,176200
SO110528,20231016,2,283,11,1,5,4499000,0.1,20245500,15500000,4745500
SO106947,20231016,14,5,1,4,5,59000,0.0,295000,60000,235000
SO101746,20231016,3,83,8,12,1,1999000,0.05,1899000,1450000,449000
SO110491,20231016,12,59,1,7,1,299000,0.05,284000,120000,164000
SO104378,20231016,17,99,3,5,3,329000,0.0,987000,450000,537000
SO103642,20231016,16,114,7,2,5,1599000,0.0,7995000,4600000,3395000
SO109306,20231017,12,290,14,9,3,299000,0.0,897000,360000,537000
SO109037,20231017,7,44,5,10,3,499000,0.1,1347300,840000,507300
SO105934,20231017,16,235,15,10,3,1599000,0.05,4557200,2760000,1797200
SO107604,20231017,14,59,1,1,5,59000,0.0,295000,60000,235000
SO105178,20231017,11,146,1,4,5,199000,0.0,995000,425000,570000
SO102553,20231017,17,227,1,2,2,329000,0.0,658000,300000,358000
SO101899,20231017,7,243,3,1,3,499000,0.0,1497000,840000,657000
SO109851,20231017,19,294,8,2,5,169000,0.05,802800,375000,427800
SO108746,20231017,17,216,2,1,4,329000,0.05,1250200,600000,650200
SO102848,20231017,2,296,8,7,5,4499000,0.0,22495000,15500000,6995000
SO105795,20231017,7,192,3,4,5,499000,0.0,2495000,1400000,1095000
SO104566,20231017,9,106,1,8,4,349000,0.05,1326200,760000,566200
SO106982,20231018,16,264,7,2,2,1599000,0.0,3198000,1840000,1358000
SO110733,20231018,13,149,2,1,5,89000,0.0,445000,125000,320000
SO105420,20231018,14,197,3,4,5,59000,0.0,295000,60000,235000
SO100565,20231018,12,292,11,2,4,299000,0.0,1196000,480000,716000
SO102568,20231019,15,202,1,4,4,899000,0.1,3236400,1920000,1316400
SO103496,20231019,13,257,12,9,2,89000,0.1,160200,50000,110200
SO106232,20231019,17,119,8,2,3,329000,0.1,888300,450000,438300
SO102642,20231019,14,213,6,4,2,59000,0.0,118000,24000,94000
SO106311,20231019,19,67,3,4,5,169000,0.05,802800,375000,427800
SO108295,20231019,8,40,5,4,5,799000,0.05,3795200,2100000,1695200
SO103176,20231019,10,239,5,6,4,599000,0.05,2276200,1240000,1036200
SO108401,20231020,13,272,6,12,4,89000,0.0,356000,100000,256000
SO105311,20231020,14,42,7,11,1,59000,0.0,59000,12000,47000
SO100123,20231020,15,245,3,3,5,899000,0.1,4045500,2400000,1645500
SO101399,20231020,10,296,8,3,2,599000,0.15,1018300,620000,398300
SO108743,20231020,20,73,1,6,5,129000,0.1,580500,275000,305500
SO100664,20231020,10,227,1,6,3,599000,0.0,1797000,930000,867000
SO106368,20231021,10,96,1,6,2,599000,0.05,1138100,620000,518100
SO110556,20231021,14,6,1,1,5,59000,0.05,280200,60000,220200
SO111371,20231021,15,249,1,4,2,899000,0.0,1798000,960000,838000
SO107236,20231021,7,221,3,4,2,499000,0.0,998000,560000,438000
SO100517,20231021,7,95,3,8,2,499000,0.0,998000,560000,438000
SO107099,20231021,5,130,11,5,4,3999000,0.0,15996000,11600000,4396000
SO107705,20231021,17,206,1,8,2,329000,0.1,592200,300000,292200
SO102562,20231021,20,155,8,2,3,129000,0.0,387000,165000,222000
SO109084,20231021,17,107,1,2,3,329000,0.0,987000,450000,537000
SO111269,20231022,16,31,2,3,2,1599000,0.0,3198000,1840000,1358000
SO104029,20231022,16,89,3,8,4,1599000,0.0,6396000,3680000,2716000
SO103670,20231023,13,39,6,7,4,89000,0.05,338200,100000,238200
SO106556,20231023,13,196,1,5,5,89000,0.0,445000,125000,320000
SO106122,20231023,9,205,7,6,5,349000,0.0,1745000,950000,795000
SO107227,20231023,18,45,8,12,2,649000,0.05,1233100,640000,593100
SO109746,20231023,15,19,1,4,3,899000,0.0,2697000,1440000,1257000
SO109453,20231023,14,189,18,6,3,59000,0.05,168200,36000,132200
SO100136,20231023,17,229,12,6,3,329000,0.0,987000,450000,537000
SO100995,20231023,14,34,1,11,5,59000,0.05,280200,60000,220200
SO107762,20231023,11,192,3,9,5,199000,0.05,945200,425000,520200
SO100268,20231023,12,151,1,7,4,299000,0.0,1196000,480000,716000
SO108688,20231023,9,95,3,9,1,349000,0.0,349000,190000,159000
SO111256,20231024,20,221,3,6,5,129000,0.0,645000,275000,370000
SO100132,20231024,13,25,12,5,1,89000,0.0,89000,25000,64000
SO106838,20231024,13,184,6,3,4,89000,0.0,356000,100000,256000
SO108926,20231024,14,77,1,11,3,59000,0.0,177000,36000,141000
SO101421,20231024,14,170,3,7,4,59000,0.1,212400,48000,164400
SO106840,20231024,11,193,1,11,3,199000,0.05,567200,255000,312200
SO105760,20231024,10,14,1,4,3,599000,0.0,1797000,930000,867000
SO103549,20231024,11,156,11,12,3,199000,0.0,597000,255000,342000
SO109664,20231024,18,166,4,12,3,649000,0.0,1947000,960000,987000
SO100202,20231024,14,206,1,8,5,59000,0.0,295000,60000,235000
SO106750,20231024,16,274,17,11,5,1599000,0.0,7995000,4600000,3395000
SO107059,20231024,17,276,7,9,1,329000,0.05,312600,150000,162600
SO111373,20231025,19,117,2,11,5,169000,0.05,802800,375000,427800
SO111391,20231025,6,4,3,9,2,2199000,0.05,4178100,2700000,1478100
SO101960,20231025,19,205,7,2,4,169000,0.05,642200,300000,342200
SO111707,20231025,20,256,9,11,3,129000,0.0,387000,165000,222000
SO109958,20231025,13,129,1,3,5,89000,0.0,445000,125000,320000
SO110577,20231025,15,278,3,6,3,899000,0.0,2697000,1440000,1257000
SO103522,20231025,15,192,3,9,2,899000,0.0,1798000,960000,838000
SO100881,20231025,20,144,1,2,1,129000,0.0,129000,55000,74000
SO100410,20231025,10,262,1,3,5,599000,0.0,2995000,1550000,1445000
SO107972,20231026,19,138,8,9,1,169000,0.05,160600,75000,85600
SO104280,20231026,17,168,4,6,2,329000,0.0,658000,300000,358000
SO108690,20231026,19,221,3,11,3,169000,0.0,507000,225000,282000
SO103189,20231026,13,190,10,2,2,89000,0.05,169100,50000,119100
SO111374,20231026,13,171,1,8,3,89000,0.05,253600,75000,178600
SO111882,20231026,11,242,13,8,5,199000,0.0,995000,425000,570000
SO101179,20231026,8,255,1,11,4,799000,0.0,3196000,1680000,1516000
SO103828,20231026,20,165,9,8,1,129000,0.0,129000,55000,74000
SO105123,20231026,17,200,8,6,2,329000,0.05,625100,300000,325100
SO100639,20231026,12,166,4,5,4,299000,0.05,1136200,480000,656200
SO106294,20231026,13,271,2,11,2,89000,0.0,178000,50000,128000
SO110489,20231027,14,112,4,8,2,59000,0.05,112100,24000,88100
SO103811,20231027,16,88,6,6,2,1599000,0.05,3038100,1840000,1198100
SO100694,20231027,10,158,3,6,5,599000,0.0,2995000,1550000,1445000
SO105973,20231027,20,281,3,1,2,129000,0.05,245100,110000,135100
SO110771,20231027,14,202,1,1,1,59000,0.15,50200,12000,38200
SO101777,20231027,15,151,1,2,4,899000,0.1,3236400,1920000,1316400
SO100736,20231027,17,114,7,1,4,329000,0.0,1316000,600000,716000
SO101686,20231027,7,209,1,9,5,499000,0.0,2495000,1400000,1095000
SO102539,20231027,10,149,2,1,5,599000,0.0,2995000,1550000,1445000
SO103509,20231028,10,99,3,8,1,599000,0.0,599000,310000,289000
SO107838,20231028,8,183,2,12,5,799000,0.0,3995000,2100000,1895000
SO110241,20231028,19,51,4,8,3,169000,0.05,481600,225000,256600
SO105762,20231028,16,39,6,5,3,1599000,0.1,4317300,2760000,1557300
SO102822,20231028,1,267,5,9,5,13999000,0.1,62995500,49000000,13995500
SO108277,20231028,14,54,12,5,1,59000,0.0,59000,12000,47000
SO110921,20231028,10,64,3,2,4,599000,0.1,2156400,1240000,916400
SO104055,20231028,12,130,11,6,4,299000,0.05,1136200,480000,656200
SO109226,20231029,14,161,2,8,1,59000,0.0,59000,12000,47000
SO111891,20231029,3,242,13,5,4,1999000,0.05,7596200,5800000,1796200
SO109862,20231029,13,78,1,8,5,89000,0.05,422800,125000,297800
SO103126,20231029,13,264,7,11,1,89000,0.1,80100,25000,55100
SO103902,20231029,14,206,1,1,1,59000,0.0,59000,12000,47000
SO111401,20231029,10,174,4,4,4,599000,0.1,2156400,1240000,916400
SO102996,20231030,20,30,6,5,5,129000,0.0,645000,275000,370000
SO109267,20231030,10,80,1,11,5,599000,0.0,2995000,1550000,1445000
SO104282,20231030,19,155,8,9,5,169000,0.05,802800,375000,427800
SO100080,20231030,9,272,6,11,5,349000,0.0,1745000,950000,795000
SO107204,20231030,13,98,7,8,5,89000,0.0,445000,125000,320000
SO110479,20231030,7,238,3,11,2,499000,0.0,998000,560000,438000
SO100338,20231030,11,160,2,7,1,199000,0.0,199000,85000,114000
SO109091,20231030,14,176,1,4,2,59000,0.0,118000,24000,94000
SO106789,20231030,14,21,18,9,4,59000,0.1,212400,48000,164400
SO102505,20231031,3,31,2,11,4,1999000,0.05,7596200,5800000,1796200
SO104034,20231031,20,120,12,5,2,129000,0.05,245100,110000,135100
SO109076,20231031,3,209,1,2,2,1999000,0.1,3598200,2900000,698200
SO100877,20231031,18,162,1,12,2,649000,0.15,1103300,640000,463300
SO107819,20231031,3,297,4,1,4,1999000,0.15,6796600,5800000,996600
SO109879,20231031,12,149,2,12,5,299000,0.05,1420200,600000,820200
SO105425,20231031,7,199,6,4,1,499000,0.0,499000,280000,219000
SO101729,20231031,7,274,17,5,2,499000,0.05,948100,560000,388100
SO104749,20231031,6,219,7,6,5,2199000,0.05,10445200,6750000,3695200
SO102757,20231031,19,197,3,4,1,169000,0.0,169000,75000,94000
SO103541,20231101,12,135,1,5,3,299000,0.1,807300,360000,447300
SO100623,20231101,9,285,5,4,5,349000,0.0,1745000,950000,795000
SO111194,20231101,9,37,12,2,1,349000,0.1,314100,190000,124100
SO110090,20231101,14,208,2,10,1,59000,0.0,59000,12000,47000
SO104940,20231101,19,242,13,10,5,169000,0.05,802800,375000,427800
SO100098,20231101,19,150,11,3,1,169000,0.0,169000,75000,94000
SO104877,20231101,19,64,3,6,4,169000,0.0,676000,300000,376000
SO106455,20231101,8,76,9,11,1,799000,0.0,799000,420000,379000
SO108601,20231101,13,270,6,1,2,89000,0.0,178000,50000,128000
SO103798,20231101,18,210,3,2,4,649000,0.05,2466200,1280000,1186200
SO108970,20231101,8,218,3,2,5,799000,0.0,3995000,2100000,1895000
SO105509,20231101,16,162,1,2,2,1599000,0.05,3038100,1840000,1198100
SO102888,20231101,16,62,14,9,5,1599000,0.0,7995000,4600000,3395000
SO105173,20231102,20,88,6,1,5,129000,0.0,645000,275000,370000
SO109887,20231102,19,189,18,4,2,169000,0.05,321100,150000,171100
SO101366,20231102,17,124,15,12,3,329000,0.05,937600,450000,487600
SO105748,20231102,19,272,6,7,2,169000,0.0,338000,150000,188000
SO102692,20231102,16,110,2,2,2,1599000,0.05,3038100,1840000,1198100
SO106133,20231102,17,169,5,12,3,329000,0.0,987000,450000,537000
SO105953,20231102,8,160,2,11,2,799000,0.05,1518100,840000,678100
SO101732,20231102,13,43,8,11,3,89000,0.0,267000,75000,192000
SO101982,20231102,12,171,1,2,2,299000,0.0,598000,240000,358000
SO111561,20231102,9,111,1,5,2,349000,0.0,698000,380000,318000
SO101787,20231102,15,191,8,3,2,899000,0.1,1618200,960000,658200
SO103778,20231102,15,205,7,8,2,899000,0.0,1798000,960000,838000
SO109966,20231102,9,1,2,11,2,349000,0.05,663100,380000,283100
SO102922,20231102,8,100,15,1,3,799000,0.1,2157300,1260000,897300
SO110217,20231103,13,172,1,10,2,89000,0.05,169100,50000,119100
SO109566,20231103,4,26,5,2,1,8999000,0.0,8999000,6200000,2799000
SO111745,20231103,14,231,18,5,1,59000,0.05,56000,12000,44000
SO106553,20231103,10,146,1,6,4,599000,0.0,2396000,1240000,1156000
SO111143,20231103,4,175,15,7,5,8999000,0.0,44995000,31000000,13995000
SO107632,20231103,18,274,17,4,5,649000,0.05,3082800,1600000,1482800
SO110671,20231103,20,142,8,8,3,129000,0.0,387000,165000,222000
SO106706,20231103,5,251,7,7,4,3999000,0.0,15996000,11600000,4396000
SO107508,20231103,13,59,1,6,1,89000,0.0,89000,25000,64000
SO110029,20231103,12,37,12,7,4,299000,0.05,1136200,480000,656200
SO110358,20231103,13,200,8,6,5,89000,0.05,422800,125000,297800
SO103977,20231103,14,271,2,2,5,59000,0.05,280200,60000,220200
SO111127,20231103,14,73,1,11,3,59000,0.0,177000,36000,141000
SO107996,20231103,14,56,7,9,3,59000,0.0,177000,36000,141000
SO105586,20231103,19,297,4,12,5,169000,0.05,802800,375000,427800
SO107995,20231103,17,49,1,1,3,329000,0.05,937600,450000,487600
SO107065,20231103,17,61,11,9,5,329000,0.0,1645000,750000,895000
SO106685,20231103,10,216,2,8,5,599000,0.05,2845200,1550000,1295200
SO102231,20231103,10,128,5,1,3,599000,0.05,1707200,930000,777200
SO101843,20231103,20,60,1,12,4,129000,0.0,516000,220000,296000
SO100712,20231103,6,160,2,7,5,2199000,0.05,10445200,6750000,3695200
SO109171,20231103,12,62,14,3,1,299000,0.05,284000,120000,164000
SO110758,20231103,13,188,1,8,3,89000,0.0,267000,75000,192000
SO104676,20231104,18,6,1,9,4,649000,0.15,2206600,1280000,926600
SO100842,20231104,17,61,11,9,1,329000,0.05,312600,150000,162600
SO111230,20231104,13,76,9,1,3,89000,0.0,267000,75000,192000
SO108733,20231104,20,166,4,3,5,129000,0.05,612800,275000,337800
SO108706,20231104,9,238,3,9,2,349000,0.0,698000,380000,318000
SO108685,20231104,17,82,3,11,1,329000,0.1,296100,150000,146100
SO109023,20231104,19,49,1,9,5,169000,0.0,845000,375000,470000
SO109595,20231104,2,91,14,3,5,4499000,0.05,21370200,15500000,5870200
SO103897,20231104,2,128,5,1,5,4499000,0.0,22495000,15500000,6995000
SO106340,20231104,9,149,2,12,5,349000,0.0,1745000,950000,795000
SO104783,20231104,11,279,12,8,2,199000,0.0,398000,170000,228000
SO100758,20231104,20,251,7,9,1,129000,0.05,122600,55000,67600
SO100826,20231104,15,155,8,5,3,899000,0.0,2697000,1440000,1257000
SO111298,20231104,10,250,7,2,4,599000,0.0,2396000,1240000,1156000
SO106291,20231104,11,181,1,10,1,199000,0.1,179100,85000,94100
SO109224,20231104,17,231,18,10,4,329000,0.0,1316000,600000,716000
SO103883,20231104,9,189,18,5,4,349000,0.05,1326200,760000,566200
SO103792,20231105,8,10,2,1,3,799000,0.0,2397000,1260000,1137000
SO106595,20231105,13,176,1,12,1,89000,0.05,84600,25000,59600
SO108528,20231105,13,144,1,10,5,89000,0.0,445000,125000,320000
SO103284,20231105,19,52,3,2,1,169000,0.0,169000,75000,94000
SO102445,20231105,14,296,8,3,5,59000,0.15,250800,60000,190800
SO108983,20231105,7,92,3,10,2,499000,0.1,898200,560000,338200
SO105346,20231105,19,13,1,7,3,169000,0.05,481600,225000,256600
SO108786,20231105,11,197,3,12,2,199000,0.0,398000,170000,228000
SO105362,20231105,10,289,2,9,5,599000,0.05,2845200,1550000,1295200
SO104955,20231105,2,244,7,12,3,4499000,0.1,12147300,9300000,2847300
SO103952,20231105,13,158,3,2,5,89000,0.0,445000,125000,320000
SO100558,20231105,20,52,3,3,3,129000,0.05,367600,165000,202600
SO101652,20231105,9,33,10,3,5,349000,0.1,1570500,950000,620500
SO100477,20231105,19,27,6,3,2,169000,0.05,321100,150000,171100
SO108802,20231105,7,16,1,4,1,499000,0.1,449100,280000,169100
SO108484,20231105,20,98,7,1,2,129000,0.0,258000,110000,148000
SO104310,20231106,20,170,3,3,2,129000,0.05,245100,110000,135100
SO108371,20231106,7,203,14,9,5,499000,0.1,2245500,1400000,845500
SO110873,20231106,11,250,7,8,1,199000,0.0,199000,85000,114000
SO101617,20231106,3,41,3,1,3,1999000,0.0,5997000,4350000,1647000
SO100358,20231106,7,262,1,5,3,499000,0.0,1497000,840000,657000
SO105135,20231106,17,289,2,9,1,329000,0.0,329000,150000,179000
SO101419,20231106,3,151,1,10,1,1999000,0.0,1999000,1450000,549000
SO110676,20231106,5,279,12,12,3,3999000,0.0,11997000,8700000,3297000
SO102685,20231106,9,60,1,11,1,349000,0.0,349000,190000,159000
SO111345,20231106,14,64,3,6,1,59000,0.0,59000,12000,47000
SO104969,20231106,13,148,1,6,1,89000,0.1,80100,25000,55100
SO102511,20231106,14,262,1,11,5,59000,0.0,295000,60000,235000
SO105776,20231106,6,195,3,9,2,2199000,0.05,4178100,2700000,1478100
SO101561,20231106,10,184,6,10,4,599000,0.0,2396000,1240000,1156000
SO103643,20231106,14,297,4,9,3,59000,0.1,159300,36000,123300
SO103856,20231107,14,129,1,5,5,59000,0.0,295000,60000,235000
SO104547,20231107,9,13,1,5,2,349000,0.0,698000,380000,318000
SO108212,20231107,20,176,1,9,5,129000,0.05,612800,275000,337800
SO104517,20231107,15,240,8,12,2,899000,0.0,1798000,960000,838000
SO108044,20231107,20,52,3,7,2,129000,0.05,245100,110000,135100
SO110082,20231107,14,280,6,3,5,59000,0.0,295000,60000,235000
SO105978,20231107,13,21,18,4,2,89000,0.0,178000,50000,128000
SO110211,20231107,13,47,3,4,5,89000,0.05,422800,125000,297800
SO111358,20231107,18,268,8,9,5,649000,0.05,3082800,1600000,1482800
SO109498,20231107,2,117,2,12,5,4499000,0.0,22495000,15500000,6995000
SO103852,20231107,19,33,10,9,5,169000,0.0,845000,375000,470000
SO100569,20231107,20,22,6,3,2,129000,0.0,258000,110000,148000
SO104040,20231107,14,204,3,1,4,59000,0.1,212400,48000,164400
SO106974,20231107,11,46,17,6,4,199000,0.1,716400,340000,376400
SO105933,20231108,17,276,7,3,4,329000,0.05,1250200,600000,650200
SO100792,20231108,20,71,9,3,3,129000,0.05,367600,165000,202600
SO100369,20231108,17,63,1,8,3,329000,0.05,937600,450000,487600
SO110191,20231108,5,252,7,9,4,3999000,0.05,15196200,11600000,3596200
SO103325,20231108,13,191,8,3,4,89000,0.05,338200,100000,238200
SO109980,20231108,13,296,8,6,3,89000,0.0,267000,75000,192000
SO106839,20231108,6,242,13,8,4,2199000,0.0,8796000,5400000,3396000
SO101524,20231108,20,149,2,6,2,129000,0.1,232200,110000,122200
SO100385,20231108,8,181,1,6,5,799000,0.05,3795200,2100000,1695200
SO110534,20231108,20,75,12,4,1,129000,0.0,129000,55000,74000
SO102167,20231108,2,50,9,5,5,4499000,0.1,20245500,15500000,4745500
SO102438,20231108,13,90,6,7,1,89000,0.1,80100,25000,55100
SO109710,20231109,11,8,8,7,2,199000,0.1,358200,170000,188200
SO110158,20231109,12,104,12,10,1,299000,0.0,299000,120000,179000
SO103948,20231109,6,263,2,3,4,2199000,0.1,7916400,5400000,2516400
SO109787,20231109,13,290,14,4,4,89000,0.1,320400,100000,220400
SO106020,20231109,15,182,14,9,1,899000,0.1,809100,480000,329100
SO108843,20231109,14,284,2,1,1,59000,0.05,56000,12000,44000
SO105461,20231109,17,22,6,8,1,329000,0.0,329000,150000,179000
SO101609,20231109,11,222,15,10,3,199000,0.05,567200,255000,312200
SO109964,20231110,19,19,1,8,3,169000,0.0,507000,225000,282000
SO111613,20231110,20,161,2,1,4,129000,0.0,516000,220000,296000
SO106427,20231110,17,215,14,3,1,329000,0.0,329000,150000,179000
SO107132,20231110,7,261,2,3,5,499000,0.0,2495000,1400000,1095000
SO105222,20231110,19,55,3,3,1,169000,0.0,169000,75000,94000
SO100752,20231110,13,55,3,7,4,89000,0.0,356000,100000,256000
SO107687,20231110,13,9,8,2,2,89000,0.0,178000,50000,128000
SO110514,20231110,19,41,3,8,4,169000,0.05,642200,300000,342200
SO100643,20231110,14,200,8,4,4,59000,0.0,236000,48000,188000
SO110420,20231110,13,151,1,9,4,89000,0.0,356000,100000,256000
SO101935,20231110,9,59,1,1,5,349000,0.0,1745000,950000,795000
SO107437,20231110,13,85,3,4,2,89000,0.05,169100,50000,119100
SO110054,20231110,12,6,1,8,1,299000,0.05,284000,120000,164000
SO108060,20231110,20,3,1,10,5,129000,0.05,612800,275000,337800
SO109338,20231110,11,21,18,1,1,199000,0.05,189000,85000,104000
SO108534,20231111,17,289,2,6,2,329000,0.0,658000,300000,358000
SO102317,20231111,7,238,3,4,1,499000,0.0,499000,280000,219000
SO105945,20231111,13,290,14,7,4,89000,0.05,338200,100000,238200
SO107377,20231111,17,18,18,8,5,329000,0.0,1645000,750000,895000
SO111400,20231111,13,277,1,9,3,89000,0.0,267000,75000,192000
SO109551,20231111,8,71,9,3,4,799000,0.0,3196000,1680000,1516000
SO111916,20231111,5,279,12,9,2,3999000,0.0,7998000,5800000,2198000
SO106900,20231111,15,268,8,6,4,899000,0.05,3416200,1920000,1496200
SO111580,20231112,8,24,12,10,4,799000,0.15,2716600,1680000,1036600
SO106963,20231112,3,145,14,8,3,1999000,0.0,5997000,4350000,1647000
SO106039,20231112,19,215,14,1,4,169000,0.05,642200,300000,342200
SO101509,20231112,14,228,3,8,3,59000,0.0,177000,36000,141000
SO101416,20231112,14,130,11,4,3,59000,0.0,177000,36000,141000
SO110390,20231112,14,93,1,3,1,59000,0.0,59000,12000,47000
SO109778,20231112,7,6,1,2,2,499000,0.05,948100,560000,388100
SO109001,20231112,7,49,1,9,2,499000,0.05,948100,560000,388100
SO101748,20231112,9,162,1,4,1,349000,0.0,349000,190000,159000
SO111621,20231112,10,125,1,4,1,599000,0.0,599000,310000,289000
SO105758,20231112,14,186,3,3,4,59000,0.05,224200,48000,176200
SO110883,20231112,14,290,14,5,2,59000,0.0,118000,24000,94000
SO107064,20231112,12,262,1,1,3,299000,0.0,897000,360000,537000
SO103245,20231113,2,292,11,4,5,4499000,0.0,22495000,15500000,6995000
SO111658,20231113,19,21,18,5,2,169000,0.05,321100,150000,171100
SO105602,20231113,14,182,14,10,5,59000,0.05,280200,60000,220200
SO111251,20231113,11,220,6,11,4,199000,0.0,796000,340000,456000
SO108515,20231113,9,73,1,4,4,349000,0.0,1396000,760000,636000
SO103430,20231113,5,14,1,7,1,3999000,0.0,3999000,2900000,1099000
SO107329,20231113,19,218,3,1,2,169000,0.05,321100,150000,171100
SO102885,20231113,6,236,3,9,5,2199000,0.0,10995000,6750000,4245000
SO109144,20231114,8,86,2,5,5,799000,0.0,3995000,2100000,1895000
SO103371,20231114,10,218,3,11,2,599000,0.05,1138100,620000,518100
SO103912,20231114,4,273,2,9,3,8999000,0.0,26997000,18600000,8397000
SO109272,20231114,7,106,1,3,3,499000,0.0,1497000,840000,657000
SO106000,20231114,3,18,18,8,3,1999000,0.05,5697200,4350000,1347200
SO107811,20231114,15,42,7,10,1,899000,0.0,899000,480000,419000
SO101383,20231114,15,197,3,2,1,899000,0.05,854000,480000,374000
SO101921,20231114,11,272,6,6,4,199000,0.1,716400,340000,376400
SO100506,20231114,9,244,7,3,1,349000,0.0,349000,190000,159000
SO101254,20231114,14,44,5,3,4,59000,0.0,236000,48000,188000
SO108367,20231114,9,108,4,2,5,349000,0.05,1657800,950000,707800
SO103492,20231114,19,242,13,11,2,169000,0.0,338000,150000,188000
SO111271,20231114,14,88,6,5,5,59000,0.0,295000,60000,235000
SO103866,20231114,14,18,18,4,1,59000,0.0,59000,12000,47000
SO109372,20231115,6,92,3,5,4,2199000,0.0,8796000,5400000,3396000
SO108439,20231115,12,144,1,6,2,299000,0.0,598000,240000,358000
SO101318,20231115,19,190,10,4,3,169000,0.0,507000,225000,282000
SO100456,20231115,20,216,2,6,3,129000,0.0,387000,165000,222000
SO108692,20231115,14,14,1,9,4,59000,0.0,236000,48000,188000
SO106615,20231115,10,83,8,9,5,599000,0.0,2995000,1550000,1445000
SO103339,20231115,20,177,5,10,4,129000,0.0,516000,220000,296000
SO109228,20231115,19,74,13,11,5,169000,0.0,845000,375000,470000
SO100342,20231115,17,178,1,5,5,329000,0.0,1645000,750000,895000
SO104131,20231115,18,203,14,4,5,649000,0.0,3245000,1600000,1645000
SO111608,20231115,10,148,1,11,3,599000,0.0,1797000,930000,867000
SO110908,20231115,7,133,1,6,3,499000,0.0,1497000,840000,657000
SO103718,20231115,19,83,8,12,4,169000,0.0,676000,300000,376000
SO103635,20231115,13,133,1,8,3,89000,0.05,253600,75000,178600
SO111326,20231115,11,291,14,2,5,199000,0.0,995000,425000,570000
SO102750,20231115,20,55,3,1,4,129000,0.05,490200,220000,270200
SO103857,20231115,7,224,1,10,3,499000,0.0,1497000,840000,657000
SO111789,20231115,18,146,1,5,4,649000,0.1,2336400,1280000,1056400
SO110493,20231115,14,244,7,7,1,59000,0.0,59000,12000,47000
SO110719,20231116,10,139,2,10,2,599000,0.0,1198000,620000,578000
SO109528,20231116,13,72,6,2,1,89000,0.0,89000,25000,64000
SO102896,20231116,13,110,2,1,2,89000,0.1,160200,50000,110200
SO101283,20231116,13,4,3,9,4,89000,0.05,338200,100000,238200
SO103854,20231116,20,135,1,4,5,129000,0.0,645000,275000,370000
SO103379,20231116,13,131,6,7,3,89000,0.0,267000,75000,192000
SO110148,20231116,17,198,9,11,1,329000,0.05,312600,150000,162600
SO103330,20231116,7,42,7,11,1,499000,0.0,499000,280000,219000
SO109993,20231116,12,140,3,5,1,299000,0.0,299000,120000,179000
SO104394,20231116,17,70,8,3,3,329000,0.0,987000,450000,537000
SO103769,20231116,14,48,4,5,3,59000,0.0,177000,36000,141000
SO107681,20231116,18,49,1,6,5,649000,0.1,2920500,1600000,1320500
SO100715,20231116,15,204,3,11,3,899000,0.0,2697000,1440000,1257000
SO108782,20231116,17,182,14,9,1,329000,0.0,329000,150000,179000
SO107116,20231116,17,167,4,1,1,329000,0.1,296100,150000,146100
SO107798,20231117,13,94,3,11,1,89000,0.0,89000,25000,64000
SO107807,20231117,4,245,3,2,2,8999000,0.0,17998000,12400000,5598000
SO101001,20231117,14,209,1,1,2,59000,0.0,118000,24000,94000
SO104286,20231117,8,187,5,5,1,799000,0.0,799000,420000,379000
SO110993,20231117,19,186,3,11,4,169000,0.0,676000,300000,376000
SO106691,20231117,13,273,2,9,1,89000,0.0,89000,25000,64000
SO100587,20231117,8,203,14,9,4,799000,0.0,3196000,1680000,1516000
SO108048,20231117,6,158,3,5,2,2199000,0.1,3958200,2700000,1258200
SO107657,20231117,11,149,2,11,1,199000,0.0,199000,85000,114000
SO111259,20231117,14,126,1,11,1,59000,0.0,59000,12000,47000
SO110339,20231117,11,256,9,5,5,199000,0.0,995000,425000,570000
SO101588,20231117,9,48,4,7,3,349000,0.05,994600,570000,424600
SO110521,20231118,17,65,8,9,3,329000,0.05,937600,450000,487600
SO111425,20231118,20,238,3,7,2,129000,0.05,245100,110000,135100
SO110154,20231118,2,23,1,1,3,4499000,0.05,12822200,9300000,3522200
SO110756,20231118,2,164,12,11,5,4499000,0.05,21370200,15500000,5870200
SO104660,20231118,10,36,1,5,2,599000,0.0,1198000,620000,578000
SO108290,20231118,19,221,3,12,4,169000,0.0,676000,300000,376000
SO106352,20231118,18,282,14,7,2,649000,0.05,1233100,640000,593100
SO104838,20231118,7,265,14,2,5,499000,0.0,2495000,1400000,1095000
SO111854,20231118,12,238,3,6,2,299000,0.0,598000,240000,358000
SO110844,20231118,2,37,12,11,5,4499000,0.0,22495000,15500000,6995000
SO106175,20231118,9,72,6,8,1,349000,0.0,349000,190000,159000
SO105453,20231119,11,286,4,7,5,199000,0.0,995000,425000,570000
SO107060,20231119,11,237,8,5,3,199000,0.0,597000,255000,342000
SO111764,20231119,19,292,11,12,4,169000,0.0,676000,300000,376000
SO102905,20231119,6,140,3,7,3,2199000,0.0,6597000,4050000,2547000
SO107409,20231119,13,39,6,9,5,89000,0.05,422800,125000,297800
SO102566,20231119,8,161,2,8,4,799000,0.05,3036200,1680000,1356200
SO103942,20231119,13,148,1,10,2,89000,0.0,178000,50000,128000
SO108628,20231119,19,175,15,5,2,169000,0.0,338000,150000,188000
SO108849,20231119,14,265,14,12,3,59000,0.1,159300,36000,123300
SO104867,20231119,17,4,3,7,3,329000,0.0,987000,450000,537000
SO106635,20231119,20,20,1,10,3,129000,0.0,387000,165000,222000
SO110877,20231119,7,77,1,10,5,499000,0.0,2495000,1400000,1095000
SO110032,20231119,18,224,1,6,1,649000,0.1,584100,320000,264100
SO106917,20231119,9,206,1,11,3,349000,0.0,1047000,570000,477000
SO100448,20231119,20,233,7,10,1,129000,0.0,129000,55000,74000
SO100443,20231119,20,20,1,2,5,129000,0.05,612800,275000,337800
SO101021,20231119,10,297,4,6,1,599000,0.05,569000,310000,259000
SO108152,20231120,9,273,2,3,4,349000,0.0,1396000,760000,636000
SO109793,20231120,7,284,2,2,4,499000,0.05,1896200,1120000,776200
SO103385,20231120,9,185,3,2,3,349000,0.0,1047000,570000,477000
SO104199,20231120,12,166,4,11,3,299000,0.0,897000,360000,537000
SO101531,20231120,13,129,1,5,1,89000,0.0,89000,25000,64000
SO111802,20231120,11,113,15,5,5,199000,0.05,945200,425000,520200
SO105832,20231120,19,118,2,8,4,169000,0.0,676000,300000,376000
SO100885,20231120,16,74,13,8,3,1599000,0.05,4557200,2760000,1797200
SO101887,20231120,18,82,3,10,1,649000,0.0,649000,320000,329000
SO102948,20231120,13,216,2,1,1,89000,0.0,89000,25000,64000
SO110437,20231120,18,50,9,11,1,649000,0.0,649000,320000,329000
SO104989,20231120,19,71,9,1,2,169000,0.05,321100,150000,171100
SO106759,20231120,17,33,10,10,4,329000,0.0,1316000,600000,716000
SO109446,20231121,11,291,14,10,3,199000,0.0,597000,255000,342000
SO109090,20231121,9,85,3,5,4,349000,0.0,1396000,760000,636000
SO104674,20231121,14,48,4,11,5,59000,0.05,280200,60000,220200
SO103859,20231121,13,61,11,10,1,89000,0.0,89000,25000,64000
SO109165,20231121,17,56,7,2,3,329000,0.0,987000,450000,537000
SO111404,20231121,19,270,6,2,2,169000,0.0,338000,150000,188000
SO105661,20231121,9,112,4,5,1,349000,0.05,331600,190000,141600
SO111975,20231121,14,119,8,5,1,59000,0.0,59000,12000,47000
SO106698,20231121,16,237,8,10,5,1599000,0.0,7995000,4600000,3395000
SO103463,20231121,12,201,9,4,4,299000,0.0,1196000,480000,716000
SO109926,20231121,13,118,2,8,2,89000,0.1,160200,50000,110200
SO102235,20231121,14,65,8,6,1,59000,0.0,59000,12000,47000
SO106979,20231121,14,72,6,3,1,59000,0.0,59000,12000,47000
SO105916,20231121,9,3,1,4,1,349000,0.05,331600,190000,141600
SO111957,20231121,20,156,11,11,1,129000,0.05,122600,55000,67600
SO103262,20231121,9,156,11,6,4,349000,0.0,1396000,760000,636000
SO109275,20231122,10,82,3,9,2,599000,0.05,1138100,620000,518100
SO101840,20231122,17,33,10,5,2,329000,0.05,625100,300000,325100
SO109744,20231122,15,208,2,6,1,899000,0.05,854000,480000,374000
SO105498,20231122,8,195,3,12,2,799000,0.05,1518100,840000,678100
SO111930,20231122,11,241,4,9,1,199000,0.0,199000,85000,114000
SO107862,20231122,13,218,3,6,2,89000,0.1,160200,50000,110200
SO103593,20231122,18,276,7,7,3,649000,0.0,1947000,960000,987000
SO101818,20231122,17,180,1,4,1,329000,0.0,329000,150000,179000
SO102603,20231122,20,129,1,3,2,129000,0.0,258000,110000,148000
SO110238,20231122,18,62,14,11,4,649000,0.05,2466200,1280000,1186200
SO101964,20231122,14,78,1,6,1,59000,0.0,59000,12000,47000
SO107463,20231122,19,65,8,2,4,169000,0.0,676000,300000,376000
SO111634,20231122,7,76,9,8,2,499000,0.05,948100,560000,388100
SO103773,20231122,15,268,8,1,1,899000,0.0,899000,480000,419000
SO103865,20231122,19,233,7,1,2,169000,0.15,287300,150000,137300
SO104686,20231122,13,98,7,2,4,89000,0.0,356000,100000,256000
SO105028,20231123,11,12,6,4,1,199000,0.05,189000,85000,104000
SO109806,20231123,13,216,2,3,1,89000,0.0,89000,25000,64000
SO108099,20231123,18,11,12,9,4,649000,0.0,2596000,1280000,1316000
SO106926,20231123,19,181,1,2,2,169000,0.1,304200,150000,154200
SO108468,20231123,14,133,1,12,4,59000,0.1,212400,48000,164400
SO101707,20231123,17,264,7,5,3,329000,0.1,888300,450000,438300
SO107795,20231123,19,158,3,8,5,169000,0.0,845000,375000,470000
SO103421,20231123,14,109,3,3,3,59000,0.0,177000,36000,141000
SO108110,20231123,16,148,1,1,2,1599000,0.0,3198000,1840000,1358000
SO105161,20231123,17,98,7,11,3,329000,0.05,937600,450000,487600
SO109202,20231123,19,141,3,4,2,169000,0.05,321100,150000,171100
SO108661,20231123,18,287,6,2,5,649000,0.0,3245000,1600000,1645000
SO104113,20231123,18,144,1,1,1,649000,0.0,649000,320000,329000
SO100840,20231123,15,190,10,2,3,899000,0.05,2562200,1440000,1122200
SO105520,20231123,13,68,4,6,5,89000,0.0,445000,125000,320000
SO101745,20231123,14,83,8,9,5,59000,0.0,295000,60000,235000
SO108204,20231123,14,108,4,5,4,59000,0.0,236000,48000,188000
SO101904,20231123,11,187,5,3,4,199000,0.0,796000,340000,456000
SO100642,20231123,14,10,2,7,2,59000,0.0,118000,24000,94000
SO110730,20231124,12,126,1,1,2,299000,0.0,598000,240000,358000
SO105443,20231124,16,112,4,10,4,1599000,0.0,6396000,3680000,2716000
SO107586,20231124,5,215,14,12,5,3999000,0.0,19995000,14500000,5495000
SO110845,20231124,10,46,17,12,5,599000,0.0,2995000,1550000,1445000
SO103946,20231124,15,154,2,3,2,899000,0.0,1798000,960000,838000
SO103613,20231124,13,17,4,1,4,89000,0.0,356000,100000,256000
SO107903,20231124,17,198,9,3,1,329000,0.0,329000,150000,179000
SO101565,20231124,13,237,8,9,2,89000,0.0,178000,50000,128000
SO111755,20231124,12,152,3,6,5,299000,0.0,1495000,600000,895000
SO102509,20231124,13,31,2,11,5,89000,0.0,445000,125000,320000
SO100594,20231124,7,17,4,12,1,499000,0.0,499000,280000,219000
SO108314,20231124,17,259,7,4,2,329000,0.0,658000,300000,358000
SO100686,20231124,19,29,1,10,3,169000,0.0,507000,225000,282000
SO100540,20231124,19,275,3,6,2,169000,0.0,338000,150000,188000
SO104234,20231124,9,262,1,7,3,349000,0.0,1047000,570000,477000
SO110865,20231124,18,295,8,7,4,649000,0.0,2596000,1280000,1316000
SO105380,20231124,16,38,2,4,5,1599000,0.05,7595200,4600000,2995200
SO111139,20231124,20,28,2,6,3,129000,0.05,367600,165000,202600
SO106596,20231125,17,130,11,4,5,329000,0.0,1645000,750000,895000
SO102550,20231125,14,128,5,8,2,59000,0.0,118000,24000,94000
SO107465,20231125,20,296,8,3,5,129000,0.1,580500,275000,305500
SO105116,20231125,19,108,4,1,3,169000,0.0,507000,225000,282000
SO104833,20231125,12,137,6,6,1,299000,0.05,284000,120000,164000
SO107549,20231125,17,259,7,7,4,329000,0.0,1316000,600000,716000
SO101860,20231125,19,287,6,9,4,169000,0.0,676000,300000,376000
SO101613,20231125,14,137,6,7,2,59000,0.15,100300,24000,76300
SO110221,20231125,11,211,1,6,5,199000,0.0,995000,425000,570000
SO102335,20231125,18,294,8,4,1,649000,0.0,649000,320000,329000
SO105037,20231125,8,218,3,2,5,799000,0.0,3995000,2100000,1895000
SO108350,20231125,17,255,1,4,1,329000,0.0,329000,150000,179000
SO101307,20231125,19,72,6,4,4,169000,0.0,676000,300000,376000
SO111370,20231125,13,27,6,1,5,89000,0.0,445000,125000,320000
SO104467,20231125,12,175,15,8,2,299000,0.05,568100,240000,328100
SO111096,20231126,12,174,4,8,1,299000,0.0,299000,120000,179000
SO104729,20231126,13,38,2,1,1,89000,0.0,89000,25000,64000
SO102629,20231126,14,267,5,10,2,59000,0.1,106200,24000,82200
SO102665,20231126,13,188,1,9,1,89000,0.0,89000,25000,64000
SO101951,20231126,20,169,5,2,5,129000,0.0,645000,275000,370000
SO109668,20231126,18,95,3,5,4,649000,0.0,2596000,1280000,1316000
SO103067,20231126,5,68,4,8,1,3999000,0.0,3999000,2900000,1099000
SO105874,20231126,6,120,12,1,3,2199000,0.1,5937300,4050000,1887300
SO100925,20231126,12,113,15,6,1,299000,0.0,299000,120000,179000
SO110127,20231126,9,276,7,12,5,349000,0.0,1745000,950000,795000
SO101775,20231127,14,278,3,3,3,59000,0.0,177000,36000,141000
SO103052,20231127,9,22,6,6,1,349000,0.0,349000,190000,159000
SO107159,20231127,13,15,7,6,5,89000,0.05,422800,125000,297800
SO108775,20231127,18,216,2,3,4,649000,0.0,2596000,1280000,1316000
SO111475,20231127,13,211,1,9,3,89000,0.1,240300,75000,165300
SO101445,20231127,19,211,1,7,5,169000,0.0,845000,375000,470000
SO109703,20231127,15,297,4,7,1,899000,0.0,899000,480000,419000
SO109685,20231127,3,4,3,8,5,1999000,0.0,9995000,7250000,2745000
SO107191,20231127,12,31,2,1,5,299000,0.1,1345500,600000,745500
SO104423,20231127,13,19,1,12,3,89000,0.0,267000,75000,192000
SO110150,20231127,12,88,6,11,1,299000,0.05,284000,120000,164000
SO110880,20231127,7,252,7,9,5,499000,0.0,2495000,1400000,1095000
SO108668,20231127,11,264,7,10,4,199000,0.0,796000,340000,456000
SO105231,20231127,11,260,1,3,5,199000,0.0,995000,425000,570000
SO104835,20231127,20,41,3,6,4,129000,0.05,490200,220000,270200
SO102648,20231127,14,73,1,6,1,59000,0.1,53100,12000,41100
SO105368,20231127,10,166,4,10,5,599000,0.05,2845200,1550000,1295200
SO101614,20231127,20,118,2,12,1,129000,0.05,122600,55000,67600
SO109137,20231127,11,267,5,6,3,199000,0.0,597000,255000,342000
SO110064,20231127,12,95,3,4,4,299000,0.1,1076400,480000,596400
SO102918,20231128,1,257,12,7,4,13999000,0.0,55996000,39200000,16796000
SO104213,20231128,9,270,6,2,2,349000,0.0,698000,380000,318000
SO101275,20231128,7,271,2,8,5,499000,0.05,2370200,1400000,970200
SO108629,20231128,20,198,9,9,3,129000,0.0,387000,165000,222000
SO106847,20231128,14,92,3,12,3,59000,0.1,159300,36000,123300
SO106715,20231128,6,79,8,2,1,2199000,0.0,2199000,1350000,849000
SO109366,20231128,7,99,3,7,4,499000,0.0,1996000,1120000,876000
SO108353,20231128,7,75,12,7,2,499000,0.0,998000,560000,438000
SO103835,20231128,14,98,7,11,1,59000,0.05,56000,12000,44000
SO103456,20231128,19,260,1,1,4,169000,0.0,676000,300000,376000
SO100760,20231128,13,223,3,3,4,89000,0.0,356000,100000,256000
SO108414,20231128,19,83,8,2,5,169000,0.05,802800,375000,427800
SO104397,20231128,10,201,9,1,4,599000,0.0,2396000,1240000,1156000
SO105929,20231128,9,15,7,12,4,349000,0.0,1396000,760000,636000
SO104755,20231128,9,221,3,4,3,349000,0.0,1047000,570000,477000
SO108387,20231129,14,23,1,10,5,59000,0.0,295000,60000,235000
SO102309,20231129,8,70,8,3,3,799000,0.0,2397000,1260000,1137000
SO110287,20231129,3,5,1,9,5,1999000,0.0,9995000,7250000,2745000
SO107685,20231129,13,121,13,7,4,89000,0.1,320400,100000,220400
SO110753,20231129,13,236,3,11,4,89000,0.0,356000,100000,256000
SO103449,20231129,13,111,1,7,5,89000,0.0,445000,125000,320000
SO104761,20231129,16,34,1,5,3,1599000,0.0,4797000,2760000,2037000
SO106725,20231130,19,148,1,8,2,169000,0.05,321100,150000,171100
SO100512,20231130,20,125,1,4,5,129000,0.05,612800,275000,337800
SO107760,20231130,7,118,2,9,2,499000,0.0,998000,560000,438000
SO101127,20231130,20,234,2,11,4,129000,0.0,516000,220000,296000
SO108815,20231130,19,192,3,2,3,169000,0.05,481600,225000,256600
SO109392,20231130,15,192,3,6,3,899000,0.0,2697000,1440000,1257000
SO110866,20231130,14,27,6,10,2,59000,0.0,118000,24000,94000
SO109951,20231130,12,31,2,10,1,299000,0.0,299000,120000,179000
SO108145,20231130,12,170,3,5,4,299000,0.1,1076400,480000,596400
SO108214,20231201,19,29,1,10,1,169000,0.0,169000,75000,94000
SO111281,20231201,12,27,6,11,3,299000,0.1,807300,360000,447300
SO111611,20231201,6,238,3,3,1,2199000,0.0,2199000,1350000,849000
SO106664,20231201,14,55,3,12,5,59000,0.0,295000,60000,235000
SO107082,20231201,7,85,3,5,5,499000,0.0,2495000,1400000,1095000
SO101934,20231201,8,70,8,12,2,799000,0.0,1598000,840000,758000
SO101145,20231201,9,33,10,9,1,349000,0.05,331600,190000,141600
SO100554,20231201,8,38,2,8,2,799000,0.1,1438200,840000,598200
SO105388,20231201,19,206,1,12,1,169000,0.1,152100,75000,77100
SO108752,20231201,19,241,4,1,2,169000,0.0,338000,150000,188000
SO105492,20231201,11,262,1,9,3,199000,0.05,567200,255000,312200
SO106547,20231201,15,225,7,4,1,899000,0.05,854000,480000,374000
SO103047,20231202,9,297,4,3,4,349000,0.15,1186600,760000,426600
SO102013,20231202,12,70,8,10,5,299000,0.0,1495000,600000,895000
SO109371,20231202,14,27,6,5,5,59000,0.05,280200,60000,220200
SO107048,20231202,14,14,1,2,1,59000,0.0,59000,12000,47000
SO104278,20231202,20,117,2,3,3,129000,0.0,387000,165000,222000
SO109279,20231202,19,45,8,5,5,169000,0.0,845000,375000,470000
SO102791,20231202,7,239,5,2,3,499000,0.0,1497000,840000,657000
SO101590,20231202,17,48,4,4,1,329000,0.1,296100,150000,146100
SO110907,20231202,11,168,4,12,4,199000,0.0,796000,340000,456000
SO102638,20231202,11,66,12,10,3,199000,0.0,597000,255000,342000
SO104401,20231202,10,139,2,8,5,599000,0.0,2995000,1550000,1445000
SO105566,20231202,12,4,3,9,3,299000,0.05,852200,360000,492200
SO103131,20231202,20,196,1,6,3,129000,0.05,367600,165000,202600
SO106303,20231202,20,19,1,4,1,129000,0.0,129000,55000,74000
SO110799,20231202,19,234,2,11,1,169000,0.0,169000,75000,94000
SO110349,20231203,13,90,6,12,3,89000,0.1,240300,75000,165300
SO105513,20231203,15,203,14,9,5,899000,0.05,4270200,2400000,1870200
SO106003,20231203,12,279,12,4,5,299000,0.0,1495000,600000,895000
SO102479,20231203,3,152,3,7,4,1999000,0.05,7596200,5800000,1796200
SO103316,20231203,14,18,18,3,2,59000,0.0,118000,24000,94000
SO102204,20231203,18,160,2,3,2,649000,0.0,1298000,640000,658000
SO109959,20231203,13,261,2,9,2,89000,0.0,178000,50000,128000
SO107589,20231203,11,13,1,5,1,199000,0.0,199000,85000,114000
SO106859,20231203,9,165,9,12,3,349000,0.0,1047000,570000,477000
SO101080,20231203,13,115,4,12,3,89000,0.05,253600,75000,178600
SO110893,20231203,14,138,8,5,5,59000,0.0,295000,60000,235000
SO111461,20231203,10,4,3,12,1,599000,0.0,599000,310000,289000
SO111099,20231203,19,189,18,4,4,169000,0.0,676000,300000,376000
SO100888,20231204,4,270,6,2,5,8999000,0.0,44995000,31000000,13995000
SO100635,20231204,17,220,6,1,4,329000,0.05,1250200,600000,650200
SO101073,20231204,10,218,3,5,2,599000,0.0,1198000,620000,578000
SO104102,20231204,19,286,4,9,3,169000,0.1,456300,225000,231300
SO107441,20231204,3,231,18,1,3,1999000,0.05,5697200,4350000,1347200
SO109636,20231204,20,221,3,7,3,129000,0.05,367600,165000,202600
SO105487,20231204,11,241,4,7,2,199000,0.0,398000,170000,228000
SO100074,20231204,19,32,7,9,3,169000,0.05,481600,225000,256600
SO102000,20231204,19,187,5,4,1,169000,0.0,169000,75000,94000
SO109832,20231204,4,143,9,4,5,8999000,0.05,42745200,31000000,11745200
SO102083,20231204,18,244,7,6,1,649000,0.05,616600,320000,296600
SO102769,20231204,4,263,2,10,1,8999000,0.0,8999000,6200000,2799000
SO105893,20231204,13,77,1,9,3,89000,0.0,267000,75000,192000
SO100205,20231204,19,27,6,10,2,169000,0.0,338000,150000,188000
SO104568,20231204,11,110,2,3,1,199000,0.0,199000,85000,114000
SO109110,20231204,3,180,1,2,2,1999000,0.0,3998000,2900000,1098000
SO105734,20231204,18,268,8,6,4,649000,0.0,2596000,1280000,1316000
SO111393,20231204,6,83,8,11,3,2199000,0.0,6597000,4050000,2547000
SO111414,20231204,19,132,5,5,4,169000,0.15,574600,300000,274600
SO101866,20231204,14,35,6,5,1,59000,0.0,59000,12000,47000
SO101298,20231204,14,20,1,1,1,59000,0.05,56000,12000,44000
SO108028,20231204,17,1,2,5,4,329000,0.05,1250200,600000,650200
SO104154,20231204,20,161,2,11,2,129000,0.0,258000,110000,148000
SO106482,20231205,9,289,2,2,5,349000,0.0,1745000,950000,795000
SO107104,20231205,20,239,5,10,2,129000,0.0,258000,110000,148000
SO105446,20231205,18,255,1,10,1,649000,0.0,649000,320000,329000
SO106082,20231205,14,99,3,10,1,59000,0.0,59000,12000,47000
SO101100,20231205,20,36,1,4,1,129000,0.0,129000,55000,74000
SO103214,20231205,19,187,5,8,5,169000,0.0,845000,375000,470000
SO107036,20231205,17,269,15,1,2,329000,0.0,658000,300000,358000
SO100970,20231205,14,177,5,11,2,59000,0.0,118000,24000,94000
SO111617,20231205,14,48,4,9,4,59000,0.0,236000,48000,188000
SO108095,20231205,13,193,1,10,4,89000,0.05,338200,100000,238200
SO110208,20231206,14,181,1,11,3,59000,0.0,177000,36000,141000
SO107510,20231206,5,14,1,11,5,3999000,0.0,19995000,14500000,5495000
SO107043,20231206,1,51,4,1,2,13999000,0.0,27998000,19600000,8398000
SO100110,20231206,14,81,17,7,2,59000,0.05,112100,24000,88100
SO102947,20231206,14,48,4,5,4,59000,0.0,236000,48000,188000
SO101680,20231206,20,54,12,4,4,129000,0.05,490200,220000,270200
SO106863,20231206,8,63,1,5,1,799000,0.0,799000,420000,379000
SO109890,20231206,12,37,12,2,2,299000,0.0,598000,240000,358000
SO107013,20231206,12,79,8,2,4,299000,0.05,1136200,480000,656200
SO111332,20231206,13,175,15,7,3,89000,0.0,267000,75000,192000
SO103629,20231206,9,265,14,11,5,349000,0.0,1745000,950000,795000
SO107538,20231206,8,144,1,5,3,799000,0.0,2397000,1260000,1137000
SO107479,20231206,15,36,1,4,5,899000,0.0,4495000,2400000,2095000
SO109684,20231206,20,52,3,10,4,129000,0.05,490200,220000,270200
SO107008,20231206,13,40,5,12,2,89000,0.0,178000,50000,128000
SO106088,20231207,20,197,3,7,2,129000,0.0,258000,110000,148000
SO106774,20231207,17,47,3,6,1,329000,0.0,329000,150000,179000
SO111915,20231207,8,149,2,3,4,799000,0.0,3196000,1680000,1516000
SO109775,20231207,18,37,12,5,2,649000,0.05,1233100,640000,593100
SO106292,20231207,11,141,3,7,1,199000,0.0,199000,85000,114000
SO109386,20231207,14,124,15,7,3,59000,0.0,177000,36000,141000
SO109480,20231207,1,17,4,2,5,13999000,0.0,69995000,49000000,20995000
SO104145,20231207,14,220,6,10,5,59000,0.0,295000,60000,235000
SO105392,20231207,11,92,3,7,3,199000,0.0,597000,255000,342000
SO104788,20231207,18,141,3,4,2,649000,0.05,1233100,640000,593100
SO105828,20231207,20,99,3,4,2,129000,0.0,258000,110000,148000
SO105014,20231207,15,179,2,6,2,899000,0.15,1528300,960000,568300
SO106738,20231207,20,133,1,9,5,129000,0.0,645000,275000,370000
SO106756,20231207,9,287,6,10,5,349000,0.0,1745000,950000,795000
SO100684,20231207,16,234,2,10,3,1599000,0.05,4557200,2760000,1797200
SO110504,20231208,14,96,1,9,5,59000,0.05,280200,60000,220200
SO101459,20231208,19,218,3,1,2,169000,0.0,338000,150000,188000
SO108267,20231208,19,194,14,12,1,169000,0.0,169000,75000,94000
SO102658,20231208,10,16,1,4,4,599000,0.05,2276200,1240000,1036200
SO101148,20231208,14,41,3,8,1,59000,0.0,59000,12000,47000
SO105089,20231208,14,142,8,10,2,59000,0.05,112100,24000,88100
SO111850,20231208,20,121,13,12,2,129000,0.0,258000,110000,148000
SO108431,20231208,14,72,6,5,5,59000,0.0,295000,60000,235000
SO104200,20231208,10,141,3,2,1,599000,0.05,569000,310000,259000
SO104538,20231208,9,143,9,6,4,349000,0.05,1326200,760000,566200
SO105997,20231209,13,159,4,4,4,89000,0.05,338200,100000,238200
SO105035,20231209,12,29,1,9,2,299000,0.0,598000,240000,358000
SO102837,20231209,1,259,7,11,1,13999000,0.05,13299000,9800000,3499000
SO106923,20231209,19,252,7,12,4,169000,0.0,676000,300000,376000
SO101226,20231209,13,135,1,6,4,89000,0.0,356000,100000,256000
SO100761,20231209,19,32,7,11,3,169000,0.05,481600,225000,256600
SO100987,20231209,11,162,1,3,1,199000,0.15,169200,85000,84200
SO105537,20231209,18,116,1,3,5,649000,0.0,3245000,1600000,1645000
SO103147,20231209,11,160,2,4,5,199000,0.0,995000,425000,570000
SO110595,20231209,7,27,6,7,2,499000,0.0,998000,560000,438000
SO101268,20231209,19,58,16,12,4,169000,0.0,676000,300000,376000
SO109933,20231209,18,207,18,3,2,649000,0.05,1233100,640000,593100
SO102912,20231209,11,223,3,8,2,199000,0.05,378100,170000,208100
SO101090,20231209,17,9,8,1,5,329000,0.0,1645000,750000,895000
SO107948,20231210,13,67,3,9,1,89000,0.0,89000,25000,64000
SO101018,20231210,19,226,11,2,3,169000,0.0,507000,225000,282000
SO100147,20231210,20,124,15,1,2,129000,0.0,258000,110000,148000
SO108564,20231210,14,193,1,2,3,59000,0.05,168200,36000,132200
SO109252,20231210,8,104,12,9,5,799000,0.15,3395800,2100000,1295800
SO104816,20231210,13,189,18,3,3,89000,0.1,240300,75000,165300
SO100509,20231210,20,235,15,4,3,129000,0.15,329000,165000,164000
SO106994,20231210,13,171,1,11,5,89000,0.0,445000,125000,320000
SO100501,20231210,14,149,2,11,4,59000,0.0,236000,48000,188000
SO111858,20231210,8,7,8,5,3,799000,0.05,2277200,1260000,1017200
SO107817,20231210,11,265,14,12,3,199000,0.0,597000,255000,342000
SO102342,20231210,11,67,3,2,1,199000,0.0,199000,85000,114000
SO106388,20231210,15,201,9,4,5,899000,0.0,4495000,2400000,2095000
SO109325,20231210,13,21,18,6,2,89000,0.0,178000,50000,128000
SO105789,20231210,8,11,12,8,3,799000,0.05,2277200,1260000,1017200
SO106250,20231210,18,177,5,11,5,649000,0.05,3082800,1600000,1482800
SO107431,20231210,20,47,3,4,3,129000,0.05,367600,165000,202600
SO104847,20231210,19,135,1,3,3,169000,0.0,507000,225000,282000
SO108618,20231210,9,124,15,12,5,349000,0.0,1745000,950000,795000
SO100552,20231211,18,34,1,12,1,649000,0.0,649000,320000,329000
SO102949,20231211,11,11,12,11,5,199000,0.0,995000,425000,570000
SO100963,20231211,9,264,7,2,1,349000,0.0,349000,190000,159000
SO111715,20231211,10,91,14,8,5,599000,0.0,2995000,1550000,1445000
SO111768,20231211,11,276,7,12,2,199000,0.0,398000,170000,228000
SO101063,20231211,14,188,1,11,1,59000,0.0,59000,12000,47000
SO109720,20231211,17,182,14,7,2,329000,0.1,592200,300000,292200
SO109653,20231211,15,243,3,1,5,899000,0.0,4495000,2400000,2095000
SO108920,20231211,18,102,1,5,4,649000,0.05,2466200,1280000,1186200
SO110061,20231211,10,144,1,10,2,599000,0.0,1198000,620000,578000
SO103531,20231211,2,168,4,4,1,4499000,0.0,4499000,3100000,1399000
SO109550,20231211,9,272,6,11,1,349000,0.0,349000,190000,159000
SO106629,20231211,11,32,7,10,4,199000,0.15,676600,340000,336600
SO106578,20231211,14,171,1,4,3,59000,0.05,168200,36000,132200
SO110416,20231211,7,126,1,12,5,499000,0.05,2370200,1400000,970200
SO105521,20231212,18,20,1,3,3,649000,0.05,1849600,960000,889600
SO104950,20231212,14,288,2,11,5,59000,0.05,280200,60000,220200
SO110736,20231212,14,288,2,3,2,59000,0.0,118000,24000,94000
SO101928,20231212,10,148,1,9,2,599000,0.0,1198000,620000,578000
SO111848,20231212,5,268,8,3,1,3999000,0.0,3999000,2900000,1099000
SO107176,20231212,17,21,18,2,4,329000,0.0,1316000,600000,716000
SO106193,20231212,19,264,7,3,1,169000,0.05,160600,75000,85600
SO105365,20231212,13,52,3,2,4,89000,0.0,356000,100000,256000
SO109311,20231212,13,252,7,11,4,89000,0.0,356000,100000,256000
SO107988,20231212,14,34,1,4,4,59000,0.0,236000,48000,188000
SO100485,20231213,14,239,5,8,3,59000,0.0,177000,36000,141000
SO105499,20231213,11,221,3,8,1,199000,0.0,199000,85000,114000
SO109080,20231213,8,173,15,5,1,799000,0.05,759000,420000,339000
SO106653,20231213,17,139,2,3,2,329000,0.1,592200,300000,292200
SO109767,20231213,13,104,12,5,5,89000,0.0,445000,125000,320000
SO103624,20231213,12,242,13,9,2,299000,0.0,598000,240000,358000
SO104312,20231213,17,228,3,3,4,329000,0.0,1316000,600000,716000
SO106441,20231213,14,86,2,5,5,59000,0.0,295000,60000,235000
SO110344,20231213,20,253,1,3,2,129000,0.1,232200,110000,122200
SO109557,20231213,17,165,9,1,2,329000,0.0,658000,300000,358000
SO111556,20231213,19,200,8,2,3,169000,0.0,507000,225000,282000
SO104836,20231213,9,114,7,3,2,349000,0.0,698000,380000,318000
SO107126,20231213,19,87,6,9,4,169000,0.05,642200,300000,342200
SO101981,20231213,6,89,3,9,5,2199000,0.05,10445200,6750000,3695200
SO103017,20231213,12,63,1,5,5,299000,0.0,1495000,600000,895000
SO106743,20231214,20,26,5,7,5,129000,0.0,645000,275000,370000
SO111462,20231214,14,256,9,6,3,59000,0.0,177000,36000,141000
SO102291,20231214,7,205,7,1,1,499000,0.05,474000,280000,194000
SO110589,20231214,11,39,6,9,1,199000,0.0,199000,85000,114000
SO111232,20231214,6,168,4,7,2,2199000,0.0,4398000,2700000,1698000
SO100778,20231214,8,127,2,5,2,799000,0.1,1438200,840000,598200
SO103795,20231214,9,271,2,6,4,349000,0.0,1396000,760000,636000
SO110815,20231214,12,21,18,12,4,299000,0.0,1196000,480000,716000
SO110161,20231214,12,41,3,1,5,299000,0.0,1495000,600000,895000
SO105183,20231214,11,139,2,10,4,199000,0.05,756200,340000,416200
SO111673,20231215,7,292,11,12,2,499000,0.05,948100,560000,388100
SO101961,20231215,7,127,2,7,5,499000,0.0,2495000,1400000,1095000
SO111691,20231215,17,58,16,4,5,329000,0.0,1645000,750000,895000
SO104347,20231215,12,58,16,10,1,299000,0.05,284000,120000,164000
SO100230,20231215,5,257,12,9,2,3999000,0.05,7598100,5800000,1798100
SO107658,20231215,19,121,13,9,5,169000,0.05,802800,375000,427800
SO107664,20231215,10,180,1,5,3,599000,0.05,1707200,930000,777200
SO101739,20231215,11,138,8,8,1,199000,0.0,199000,85000,114000
SO101067,20231215,12,259,7,1,4,299000,0.0,1196000,480000,716000
SO106006,20231215,5,123,17,2,1,3999000,0.0,3999000,2900000,1099000
SO111798,20231215,3,82,3,9,4,1999000,0.0,7996000,5800000,2196000
SO101516,20231216,18,293,17,1,3,649000,0.1,1752300,960000,792300
SO102020,20231216,13,120,12,6,3,89000,0.0,267000,75000,192000
SO103535,20231216,7,207,18,10,3,499000,0.1,1347300,840000,507300
SO105841,20231216,20,6,1,8,3,129000,0.0,387000,165000,222000
SO100020,20231216,14,300,7,6,1,59000,0.05,56000,12000,44000
SO102154,20231216,19,47,3,10,4,169000,0.0,676000,300000,376000
SO104744,20231216,18,96,1,6,1,649000,0.1,584100,320000,264100
SO110412,20231216,19,287,6,5,1,169000,0.1,152100,75000,77100
SO103764,20231216,6,20,1,8,5,2199000,0.0,10995000,6750000,4245000
SO105989,20231216,14,112,4,9,5,59000,0.0,295000,60000,235000
SO102728,20231216,13,269,15,7,1,89000,0.0,89000,25000,64000
SO106093,20231216,13,17,4,10,1,89000,0.05,84600,25000,59600
SO105653,20231216,19,150,11,7,4,169000,0.0,676000,300000,376000
SO100116,20231216,19,22,6,4,1,169000,0.0,169000,75000,94000
SO111736,20231216,6,251,7,7,4,2199000,0.0,8796000,5400000,3396000
SO106701,20231216,9,166,4,7,1,349000,0.05,331600,190000,141600
SO103396,20231216,7,168,4,5,3,499000,0.05,1422200,840000,582200
SO105504,20231216,8,247,3,12,4,799000,0.0,3196000,1680000,1516000
SO102021,20231217,13,183,2,8,4,89000,0.0,356000,100000,256000
SO103667,20231217,20,218,3,11,1,129000,0.05,122600,55000,67600
SO109883,20231217,15,233,7,5,4,899000,0.05,3416200,1920000,1496200
SO100451,20231217,10,19,1,12,4,599000,0.05,2276200,1240000,1036200
SO104815,20231217,20,277,1,5,2,129000,0.0,258000,110000,148000
SO107562,20231217,11,36,1,12,1,199000,0.0,199000,85000,114000
SO108839,20231217,8,5,1,1,2,799000,0.0,1598000,840000,758000
SO101636,20231217,15,91,14,11,1,899000,0.05,854000,480000,374000
SO100417,20231217,19,235,15,9,4,169000,0.0,676000,300000,376000
SO110343,20231218,10,184,6,12,1,599000,0.0,599000,310000,289000
SO103546,20231218,14,241,4,10,1,59000,0.0,59000,12000,47000
SO111529,20231218,13,129,1,7,2,89000,0.1,160200,50000,110200
SO103532,20231218,2,39,6,11,1,4499000,0.05,4274000,3100000,1174000
SO100431,20231218,14,5,1,7,4,59000,0.0,236000,48000,188000
SO102865,20231218,20,239,5,8,2,129000,0.05,245100,110000,135100
SO110497,20231218,9,238,3,1,3,349000,0.0,1047000,570000,477000
SO102701,20231218,20,143,9,7,2,129000,0.05,245100,110000,135100
SO101022,20231218,13,63,1,11,1,89000,0.1,80100,25000,55100
SO106616,20231218,7,92,3,12,4,499000,0.0,1996000,1120000,876000
SO101360,20231218,14,132,5,1,4,59000,0.05,224200,48000,176200
SO105256,20231218,11,99,3,8,4,199000,0.1,716400,340000,376400
SO108364,20231218,12,237,8,2,4,299000,0.0,1196000,480000,716000
SO109757,20231218,12,75,12,12,4,299000,0.0,1196000,480000,716000
SO103305,20231218,14,246,3,5,1,59000,0.0,59000,12000,47000
SO103571,20231218,13,240,8,5,1,89000,0.0,89000,25000,64000
SO105355,20231218,19,258,2,3,1,169000,0.0,169000,75000,94000
SO106782,20231218,7,225,7,8,1,499000,0.0,499000,280000,219000
SO105523,20231218,18,55,3,6,5,649000,0.0,3245000,1600000,1645000
SO105964,20231218,13,53,1,2,2,89000,0.0,178000,50000,128000
SO103723,20231219,20,247,3,12,1,129000,0.05,122600,55000,67600
SO111572,20231219,17,293,17,4,4,329000,0.0,1316000,600000,716000
SO102983,20231219,15,268,8,1,4,899000,0.0,3596000,1920000,1676000
SO103694,20231219,13,218,3,2,3,89000,0.0,267000,75000,192000
SO101778,20231219,20,183,2,7,3,129000,0.0,387000,165000,222000
SO102122,20231219,9,290,14,10,5,349000,0.0,1745000,950000,795000
SO100799,20231219,11,293,17,10,2,199000,0.0,398000,170000,228000
SO105432,20231219,20,229,12,9,5,129000,0.05,612800,275000,337800
SO109351,20231219,15,187,5,12,5,899000,0.05,4270200,2400000,1870200
SO105884,20231219,2,57,1,3,5,4499000,0.0,22495000,15500000,6995000
SO103464,20231219,5,195,3,6,4,3999000,0.05,15196200,11600000,3596200
SO106379,20231219,13,158,3,5,4,89000,0.0,356000,100000,256000
SO103744,20231219,11,212,1,2,3,199000,0.1,537300,255000,282300
SO103447,20231219,13,198,9,4,2,89000,0.0,178000,50000,128000
SO100553,20231219,10,26,5,3,5,599000,0.1,2695500,1550000,1145500
SO102233,20231219,15,180,1,9,2,899000,0.0,1798000,960000,838000
SO107637,20231219,14,12,6,2,1,59000,0.1,53100,12000,41100
SO108447,20231219,4,286,4,12,4,8999000,0.05,34196200,24800000,9396200
SO103957,20231219,9,291,14,10,3,349000,0.0,1047000,570000,477000
SO101059,20231220,19,240,8,5,5,169000,0.05,802800,375000,427800
SO109135,20231220,14,227,1,8,5,59000,0.1,265500,60000,205500
SO105629,20231220,9,253,1,8,2,349000,0.1,628200,380000,248200
SO100507,20231220,14,27,6,8,5,59000,0.0,295000,60000,235000
SO105288,20231220,20,182,14,12,5,129000,0.05,612800,275000,337800
SO111520,20231220,9,198,9,10,4,349000,0.1,1256400,760000,496400
SO103970,20231220,2,223,3,5,3,4499000,0.0,13497000,9300000,4197000
SO111837,20231220,14,48,4,2,1,59000,0.05,56000,12000,44000
SO106260,20231220,17,256,9,7,1,329000,0.0,329000,150000,179000
SO106120,20231220,20,68,4,3,3,129000,0.05,367600,165000,202600
SO111185,20231220,9,137,6,4,4,349000,0.05,1326200,760000,566200
SO102184,20231220,20,122,18,12,5,129000,0.05,612800,275000,337800
SO103824,20231220,18,290,14,10,3,649000,0.0,1947000,960000,987000
SO104632,20231220,12,242,13,6,3,299000,0.05,852200,360000,492200
SO103680,20231220,13,28,2,3,3,89000,0.0,267000,75000,192000
SO104051,20231221,7,100,15,4,2,499000,0.05,948100,560000,388100
SO110922,20231221,20,283,11,8,4,129000,0.0,516000,220000,296000
SO101406,20231221,14,20,1,9,4,59000,0.0,236000,48000,188000
SO106230,20231221,9,7,8,2,2,349000,0.0,698000,380000,318000
SO104241,20231221,8,231,18,8,1,799000,0.0,799000,420000,379000
SO110450,20231221,14,124,15,7,3,59000,0.0,177000,36000,141000
SO107602,20231221,20,225,7,10,1,129000,0.0,129000,55000,74000
SO102542,20231221,3,144,1,10,3,1999000,0.0,5997000,4350000,1647000
SO111070,20231221,9,6,1,11,1,349000,0.15,296600,190000,106600
SO106747,20231221,11,173,15,1,4,199000,0.1,716400,340000,376400
SO102753,20231222,10,166,4,10,3,599000,0.1,1617300,930000,687300
SO111794,20231222,15,154,2,6,4,899000,0.0,3596000,1920000,1676000
SO111723,20231222,10,204,3,5,4,599000,0.05,2276200,1240000,1036200
SO101883,20231222,16,287,6,11,4,1599000,0.0,6396000,3680000,2716000
SO106904,20231222,3,147,12,12,3,1999000,0.0,5997000,4350000,1647000
SO102523,20231222,12,247,3,5,1,299000,0.1,269100,120000,149100
SO102411,20231222,11,182,14,10,1,199000,0.05,189000,85000,104000
SO110806,20231222,20,30,6,7,4,129000,0.0,516000,220000,296000
SO102580,20231222,17,53,1,8,5,329000,0.0,1645000,750000,895000
SO111174,20231222,8,205,7,9,5,799000,0.05,3795200,2100000,1695200
SO102659,20231222,5,105,2,3,5,3999000,0.1,17995500,14500000,3495500
SO107199,20231222,20,251,7,10,3,129000,0.0,387000,165000,222000
SO109877,20231223,14,5,1,3,5,59000,0.0,295000,60000,235000
SO108572,20231223,11,122,18,1,4,199000,0.05,756200,340000,416200
SO111480,20231223,11,79,8,1,3,199000,0.0,597000,255000,342000
SO109623,20231223,16,200,8,9,1,1599000,0.0,1599000,920000,679000
SO105200,20231223,18,261,2,6,2,649000,0.0,1298000,640000,658000
SO101916,20231223,13,143,9,4,3,89000,0.1,240300,75000,165300
SO103761,20231223,18,145,14,1,1,649000,0.05,616600,320000,296600
SO107563,20231223,11,194,14,9,1,199000,0.0,199000,85000,114000
SO111352,20231223,20,248,1,2,5,129000,0.0,645000,275000,370000
SO107407,20231223,17,65,8,1,2,329000,0.05,625100,300000,325100
SO103373,20231223,17,146,1,7,5,329000,0.1,1480500,750000,730500
SO108262,20231223,8,160,2,7,4,799000,0.0,3196000,1680000,1516000
SO108338,20231223,13,247,3,8,4,89000,0.0,356000,100000,256000
SO103161,20231223,18,47,3,2,1,649000,0.05,616600,320000,296600
SO100974,20231223,13,179,2,9,2,89000,0.05,169100,50000,119100
SO101024,20231223,12,235,15,4,1,299000,0.05,284000,120000,164000
SO100918,20231223,12,95,3,3,2,299000,0.05,568100,240000,328100
SO105597,20231223,18,168,4,1,4,649000,0.0,2596000,1280000,1316000
SO103793,20231224,11,57,1,6,4,199000,0.05,756200,340000,416200
SO102120,20231224,1,56,7,3,3,13999000,0.0,41997000,29400000,12597000
SO107322,20231224,14,84,12,7,1,59000,0.0,59000,12000,47000
SO103096,20231224,13,53,1,11,4,89000,0.0,356000,100000,256000
SO107703,20231224,20,236,3,8,5,129000,0.0,645000,275000,370000
SO110386,20231224,13,36,1,6,2,89000,0.0,178000,50000,128000
SO103063,20231224,10,267,5,11,3,599000,0.0,1797000,930000,867000
SO102719,20231224,13,160,2,9,4,89000,0.0,356000,100000,256000
SO107380,20231224,13,249,1,12,2,89000,0.0,178000,50000,128000
SO103387,20231224,20,240,8,1,4,129000,0.0,516000,220000,296000
SO105451,20231224,16,293,17,7,2,1599000,0.15,2718300,1840000,878300
SO110805,20231224,19,156,11,6,2,169000,0.0,338000,150000,188000
SO108605,20231224,13,48,4,7,4,89000,0.05,338200,100000,238200
SO105820,20231224,2,258,2,1,4,4499000,0.05,17096200,12400000,4696200
SO106213,20231224,18,95,3,2,5,649000,0.0,3245000,1600000,1645000
SO107833,20231225,19,174,4,9,3,169000,0.0,507000,225000,282000
SO111545,20231225,14,100,15,2,3,59000,0.0,177000,36000,141000
SO110346,20231225,7,5,1,7,1,499000,0.05,474000,280000,194000
SO103575,20231225,12,261,2,2,5,299000,0.05,1420200,600000,820200
SO107888,20231225,17,196,1,10,5,329000,0.05,1562800,750000,812800
SO104211,20231225,20,93,1,10,1,129000,0.0,129000,55000,74000
SO108030,20231225,13,172,1,3,1,89000,0.05,84600,25000,59600
SO111530,20231225,14,31,2,5,5,59000,0.0,295000,60000,235000
SO102968,20231225,8,241,4,3,1,799000,0.0,799000,420000,379000
SO108882,20231225,13,102,1,4,1,89000,0.0,89000,25000,64000
SO104426,20231225,19,198,9,8,5,169000,0.1,760500,375000,385500
SO104781,20231225,13,46,17,2,5,89000,0.0,445000,125000,320000
SO106665,20231225,19,72,6,9,3,169000,0.0,507000,225000,282000
SO111956,20231225,1,64,3,1,1,13999000,0.0,13999000,9800000,4199000
SO111984,20231225,14,292,11,9,1,59000,0.0,59000,12000,47000
SO109965,20231225,17,87,6,11,5,329000,0.05,1562800,750000,812800
SO108347,20231226,19,280,6,11,3,169000,0.0,507000,225000,282000
SO110033,20231226,17,150,11,8,4,329000,0.0,1316000,600000,716000
SO101718,20231226,17,178,1,7,3,329000,0.1,888300,450000,438300
SO109334,20231226,19,110,2,10,2,169000,0.05,321100,150000,171100
SO102741,20231226,15,3,1,2,4,899000,0.05,3416200,1920000,1496200
SO109726,20231226,11,69,8,3,1,199000,0.0,199000,85000,114000
SO105055,20231226,11,247,3,5,4,199000,0.0,796000,340000,456000
SO108223,20231226,13,188,1,4,2,89000,0.0,178000,50000,128000
SO107042,20231226,10,9,8,11,4,599000,0.0,2396000,1240000,1156000
SO106324,20231226,20,43,8,5,1,129000,0.05,122600,55000,67600
SO107376,20231226,18,161,2,1,2,649000,0.05,1233100,640000,593100
SO103451,20231227,13,237,8,6,2,89000,0.0,178000,50000,128000
SO105246,20231227,17,32,7,3,2,329000,0.15,559300,300000,259300
SO101869,20231227,11,214,3,5,4,199000,0.0,796000,340000,456000
SO111820,20231227,11,96,1,7,5,199000,0.0,995000,425000,570000
SO103272,20231227,12,298,3,7,5,299000,0.05,1420200,600000,820200
SO107044,20231227,14,51,4,7,4,59000,0.0,236000,48000,188000
SO100611,20231227,8,220,6,3,2,799000,0.0,1598000,840000,758000
SO103164,20231227,20,26,5,12,1,129000,0.05,122600,55000,67600
SO102751,20231227,20,111,1,10,2,129000,0.0,258000,110000,148000
SO101846,20231227,18,73,1,9,1,649000,0.0,649000,320000,329000
SO105276,20231228,2,240,8,3,3,4499000,0.0,13497000,9300000,4197000
SO101456,20231228,14,178,1,4,2,59000,0.0,118000,24000,94000
SO102139,20231228,14,154,2,6,2,59000,0.0,118000,24000,94000
SO100942,20231228,14,120,12,7,4,59000,0.05,224200,48000,176200
SO110187,20231228,8,36,1,7,5,799000,0.0,3995000,2100000,1895000
SO108923,20231228,5,286,4,12,4,3999000,0.05,15196200,11600000,3596200
SO107542,20231228,19,200,8,2,5,169000,0.0,845000,375000,470000
SO108838,20231228,3,209,1,12,2,1999000,0.05,3798100,2900000,898100
SO109007,20231228,18,86,2,3,2,649000,0.0,1298000,640000,658000
SO101586,20231228,12,40,5,6,5,299000,0.0,1495000,600000,895000
SO104939,20231228,14,4,3,1,5,59000,0.0,295000,60000,235000
SO100254,20231228,17,75,12,7,2,329000,0.0,658000,300000,358000
SO100898,20231228,10,73,1,9,2,599000,0.0,1198000,620000,578000
SO106243,20231228,13,228,3,3,2,89000,0.1,160200,50000,110200
SO105353,20231228,20,104,12,10,5,129000,0.15,548200,275000,273200
SO105713,20231229,17,86,2,2,5,329000,0.0,1645000,750000,895000
SO109945,20231229,19,1,2,5,2,169000,0.0,338000,150000,188000
SO100307,20231229,13,203,14,5,1,89000,0.0,89000,25000,64000
SO106749,20231229,14,299,1,2,3,59000,0.0,177000,36000,141000
SO104869,20231229,14,212,1,1,5,59000,0.0,295000,60000,235000
SO111813,20231229,12,214,3,1,2,299000,0.05,568100,240000,328100
SO103588,20231229,20,201,9,9,3,129000,0.05,367600,165000,202600
SO110727,20231229,14,248,1,3,5,59000,0.05,280200,60000,220200
SO103645,20231229,14,134,2,7,2,59000,0.0,118000,24000,94000
SO104514,20231230,10,77,1,10,1,599000,0.0,599000,310000,289000
SO110165,20231230,11,89,3,7,1,199000,0.1,179100,85000,94100
SO100913,20231230,13,114,7,7,4,89000,0.0,356000,100000,256000
SO101217,20231230,6,9,8,7,2,2199000,0.0,4398000,2700000,1698000
SO102502,20231230,10,8,8,12,5,599000,0.0,2995000,1550000,1445000
SO106850,20231230,11,286,4,10,3,199000,0.0,597000,255000,342000
SO108699,20231230,16,254,2,11,3,1599000,0.1,4317300,2760000,1557300
SO105032,20231230,14,291,14,5,3,59000,0.05,168200,36000,132200
SO110520,20231230,14,14,1,2,4,59000,0.0,236000,48000,188000
SO103517,20231230,18,66,12,10,4,649000,0.05,2466200,1280000,1186200
SO100759,20231230,11,44,5,9,4,199000,0.05,756200,340000,416200
SO102282,20231230,10,90,6,2,2,599000,0.05,1138100,620000,518100
SO103831,20231230,8,201,9,5,1,799000,0.0,799000,420000,379000
SO110281,20231230,16,169,5,3,3,1599000,0.0,4797000,2760000,2037000
SO101530,20231231,16,46,17,4,2,1599000,0.05,3038100,1840000,1198100
SO106650,20231231,10,85,3,9,3,599000,0.05,1707200,930000,777200
SO111739,20231231,19,22,6,6,3,169000,0.0,507000,225000,282000
SO100585,20231231,16,223,3,8,4,1599000,0.05,6076200,3680000,2396200
SO102091,20231231,8,139,2,7,4,799000,0.0,3196000,1680000,1516000
SO104452,20231231,12,168,4,6,5,299000,0.0,1495000,600000,895000
SO104009,20231231,1,247,3,3,3,13999000,0.0,41997000,29400000,12597000
SO109915,20231231,16,79,8,4,2,1599000,0.0,3198000,1840000,1358000
SO101722,20231231,3,108,4,6,2,1999000,0.0,3998000,2900000,1098000
SO101245,20231231,12,83,8,1,1,299000,0.0,299000,120000,179000
SO105858,20231231,13,193,1,9,2,89000,0.0,178000,50000,128000
SO103803,20231231,2,276,7,12,1,4499000,0.0,4499000,3100000,1399000
SO103390,20231231,13,285,5,8,4,89000,0.05,338200,100000,238200
SO111368,20231231,3,211,1,5,2,1999000,0.05,3798100,2900000,898100
SO104556,20231231,9,146,1,10,4,349000,0.1,1256400,760000,496400
SO107412,20231231,9,279,12,11,3,349000,0.0,1047000,570000,477000
SO102365,20231231,4,256,9,6,4,8999000,0.0,35996000,24800000,11196000
SO111074,20231231,14,298,3,5,3,59000,0.0,177000,36000,141000
SO107937,20240101,6,71,9,9,1,2199000,0.0,2199000,1350000,849000
SO100548,20240101,14,284,2,7,4,59000,0.0,236000,48000,188000
SO110648,20240101,11,117,2,6,4,199000,0.05,756200,340000,416200
SO104970,20240101,20,10,2,3,4,129000,0.0,516000,220000,296000
SO100100,20240101,2,49,1,9,2,4499000,0.0,8998000,6200000,2798000
SO103180,20240101,15,152,3,1,2,899000,0.1,1618200,960000,658200
SO104773,20240101,19,89,3,3,3,169000,0.05,481600,225000,256600
SO106143,20240102,19,23,1,8,1,169000,0.05,160600,75000,85600
SO100699,20240102,12,118,2,3,3,299000,0.1,807300,360000,447300
SO110701,20240102,11,112,4,6,1,199000,0.0,199000,85000,114000
SO105109,20240102,20,199,6,1,5,129000,0.0,645000,275000,370000
SO110365,20240102,16,210,3,2,4,1599000,0.0,6396000,3680000,2716000
SO104447,20240102,7,173,15,1,3,499000,0.0,1497000,840000,657000
SO111814,20240102,13,185,3,12,5,89000,0.0,445000,125000,320000
SO108585,20240102,19,175,15,3,2,169000,0.0,338000,150000,188000
SO110645,20240103,8,142,8,3,4,799000,0.0,3196000,1680000,1516000
SO111438,20240103,13,51,4,11,3,89000,0.0,267000,75000,192000
SO102736,20240103,3,49,1,9,1,1999000,0.0,1999000,1450000,549000
SO103991,20240103,15,69,8,11,5,899000,0.05,4270200,2400000,1870200
SO106026,20240103,7,59,1,1,3,499000,0.05,1422200,840000,582200
SO105280,20240104,20,286,4,5,2,129000,0.05,245100,110000,135100
SO108837,20240104,18,139,2,3,2,649000,0.0,1298000,640000,658000
SO101546,20240104,7,77,1,10,2,499000,0.0,998000,560000,438000
SO111595,20240104,5,49,1,5,3,3999000,0.0,11997000,8700000,3297000
SO109169,20240104,10,148,1,2,4,599000,0.0,2396000,1240000,1156000
SO104597,20240104,20,259,7,11,4,129000,0.0,516000,220000,296000
SO109708,20240104,20,204,3,9,1,129000,0.05,122600,55000,67600
SO103917,20240104,2,8,8,12,1,4499000,0.05,4274000,3100000,1174000
SO100422,20240104,14,55,3,6,2,59000,0.0,118000,24000,94000
SO102216,20240105,12,62,14,3,5,299000,0.05,1420200,600000,820200
SO109792,20240105,14,163,14,1,2,59000,0.0,118000,24000,94000
SO104810,20240105,17,11,12,3,5,329000,0.05,1562800,750000,812800
SO101191,20240105,12,263,2,2,5,299000,0.0,1495000,600000,895000
SO108665,20240105,5,52,3,4,3,3999000,0.0,11997000,8700000,3297000
SO105951,20240105,14,43,8,8,1,59000,0.0,59000,12000,47000
SO110291,20240105,19,235,15,11,1,169000,0.1,152100,75000,77100
SO108892,20240105,5,166,4,8,4,3999000,0.0,15996000,11600000,4396000
SO111711,20240106,7,262,1,5,4,499000,0.0,1996000,1120000,876000
SO110043,20240106,14,285,5,12,4,59000,0.0,236000,48000,188000
SO104120,20240106,6,56,7,12,3,2199000,0.05,6267200,4050000,2217200
SO110994,20240106,15,226,11,11,2,899000,0.0,1798000,960000,838000
SO102491,20240106,18,193,1,12,2,649000,0.0,1298000,640000,658000
SO102456,20240106,15,263,2,6,2,899000,0.0,1798000,960000,838000
SO101912,20240106,8,157,12,11,1,799000,0.0,799000,420000,379000
SO102958,20240106,19,169,5,12,5,169000,0.0,845000,375000,470000
SO102240,20240106,19,146,1,12,5,169000,0.0,845000,375000,470000
SO104821,20240106,11,138,8,9,5,199000,0.0,995000,425000,570000
SO109574,20240106,8,161,2,10,2,799000,0.0,1598000,840000,758000
SO108093,20240106,15,189,18,5,1,899000,0.0,899000,480000,419000
SO103768,20240107,12,173,15,8,2,299000,0.0,598000,240000,358000
SO109709,20240107,19,9,8,12,4,169000,0.0,676000,300000,376000
SO108100,20240107,14,98,7,3,3,59000,0.05,168200,36000,132200
SO106463,20240107,17,154,2,10,2,329000,0.05,625100,300000,325100
SO110128,20240107,10,108,4,4,3,599000,0.05,1707200,930000,777200
SO106386,20240107,11,52,3,11,2,199000,0.0,398000,170000,228000
SO111720,20240107,11,183,2,3,4,199000,0.05,756200,340000,416200
SO104143,20240107,14,146,1,11,2,59000,0.0,118000,24000,94000
SO101451,20240108,2,266,1,5,5,4499000,0.1,20245500,15500000,4745500
SO103972,20240108,20,103,8,12,4,129000,0.1,464400,220000,244400
SO106518,20240108,19,75,12,5,4,169000,0.0,676000,300000,376000
SO107315,20240108,20,196,1,4,3,129000,0.05,367600,165000,202600
SO109667,20240108,14,1,2,8,3,59000,0.05,168200,36000,132200
SO111622,20240109,16,230,8,9,2,1599000,0.1,2878200,1840000,1038200
SO104003,20240109,14,102,1,1,4,59000,0.1,212400,48000,164400
SO107852,20240109,20,92,3,4,4,129000,0.0,516000,220000,296000
SO109568,20240109,13,50,9,9,3,89000,0.05,253600,75000,178600
SO103075,20240109,5,89,3,5,1,3999000,0.0,3999000,2900000,1099000
SO106683,20240109,15,139,2,4,1,899000,0.05,854000,480000,374000
SO100697,20240109,14,252,7,8,3,59000,0.05,168200,36000,132200
SO103002,20240109,15,129,1,8,3,899000,0.05,2562200,1440000,1122200
SO104209,20240109,20,96,1,5,2,129000,0.05,245100,110000,135100
SO104489,20240109,5,146,1,1,5,3999000,0.0,19995000,14500000,5495000
SO102851,20240110,17,237,8,5,2,329000,0.0,658000,300000,358000
SO106466,20240110,7,98,7,11,1,499000,0.0,499000,280000,219000
SO108541,20240110,14,157,12,5,5,59000,0.0,295000,60000,235000
SO108142,20240110,5,35,6,5,2,3999000,0.05,7598100,5800000,1798100
SO105352,20240110,7,47,3,10,3,499000,0.0,1497000,840000,657000
SO109826,20240110,13,161,2,8,3,89000,0.0,267000,75000,192000
SO111322,20240110,19,192,3,1,2,169000,0.0,338000,150000,188000
SO110869,20240110,14,291,14,8,5,59000,0.0,295000,60000,235000
SO109617,20240110,14,274,17,6,5,59000,0.05,280200,60000,220200
SO101496,20240110,7,58,16,9,1,499000,0.0,499000,280000,219000
SO103340,20240111,13,120,12,7,3,89000,0.05,253600,75000,178600
SO105278,20240111,15,24,12,3,3,899000,0.0,2697000,1440000,1257000
SO110578,20240111,15,159,4,3,4,899000,0.1,3236400,1920000,1316400
SO111589,20240111,9,93,1,5,2,349000,0.1,628200,380000,248200
SO100490,20240111,14,232,5,6,2,59000,0.05,112100,24000,88100
SO106832,20240111,20,219,7,2,3,129000,0.05,367600,165000,202600
SO107012,20240111,20,183,2,9,5,129000,0.0,645000,275000,370000
SO102574,20240111,14,216,2,2,5,59000,0.0,295000,60000,235000
SO101142,20240112,4,98,7,5,5,8999000,0.0,44995000,31000000,13995000
SO103607,20240112,13,149,2,9,3,89000,0.0,267000,75000,192000
SO101309,20240113,14,185,3,3,2,59000,0.05,112100,24000,88100
SO109013,20240113,17,101,2,6,5,329000,0.0,1645000,750000,895000
SO109336,20240113,13,178,1,5,4,89000,0.1,320400,100000,220400
SO111659,20240113,9,168,4,6,3,349000,0.0,1047000,570000,477000
SO102552,20240113,14,59,1,2,2,59000,0.0,118000,24000,94000
SO104438,20240113,16,78,1,6,5,1599000,0.05,7595200,4600000,2995200
SO106788,20240113,11,242,13,3,3,199000,0.0,597000,255000,342000
SO111323,20240113,20,264,7,5,2,129000,0.05,245100,110000,135100
SO104733,20240114,8,291,14,1,2,799000,0.05,1518100,840000,678100
SO104246,20240114,1,158,3,7,2,13999000,0.0,27998000,19600000,8398000
SO104631,20240114,13,115,4,4,5,89000,0.0,445000,125000,320000
SO103419,20240114,14,128,5,9,5,59000,0.0,295000,60000,235000
SO106454,20240114,14,148,1,1,1,59000,0.1,53100,12000,41100
SO106272,20240114,14,256,9,4,3,59000,0.0,177000,36000,141000
SO109533,20240114,18,270,6,3,2,649000,0.0,1298000,640000,658000
SO108632,20240114,14,222,15,7,1,59000,0.0,59000,12000,47000
SO101633,20240114,9,79,8,11,2,349000,0.0,698000,380000,318000
SO107876,20240114,20,295,8,4,5,129000,0.0,645000,275000,370000
SO102598,20240115,20,97,1,7,3,129000,0.0,387000,165000,222000
SO106498,20240115,13,182,14,11,2,89000,0.0,178000,50000,128000
SO106458,20240115,2,258,2,10,5,4499000,0.0,22495000,15500000,6995000
SO107915,20240115,10,122,18,5,1,599000,0.0,599000,310000,289000
SO107504,20240115,1,211,1,2,5,13999000,0.0,69995000,49000000,20995000
SO108345,20240115,17,257,12,1,4,329000,0.0,1316000,600000,716000
SO109798,20240115,11,274,17,12,3,199000,0.05,567200,255000,312200
SO101196,20240115,13,150,11,7,2,89000,0.05,169100,50000,119100
SO103733,20240115,15,197,3,2,3,899000,0.0,2697000,1440000,1257000
SO107460,20240116,14,138,8,2,2,59000,0.05,112100,24000,88100
SO102316,20240116,10,149,2,5,3,599000,0.0,1797000,930000,867000
SO111028,20240116,9,232,5,11,4,349000,0.0,1396000,760000,636000
SO102145,20240116,20,109,3,7,4,129000,0.0,516000,220000,296000
SO109142,20240116,13,56,7,10,4,89000,0.05,338200,100000,238200
SO104032,20240116,20,205,7,9,1,129000,0.0,129000,55000,74000
SO109764,20240116,19,278,3,7,1,169000,0.0,169000,75000,94000
SO110660,20240116,10,235,15,1,5,599000,0.1,2695500,1550000,1145500
SO107106,20240117,14,279,12,2,2,59000,0.05,112100,24000,88100
SO110279,20240117,11,297,4,8,5,199000,0.0,995000,425000,570000
SO103417,20240117,14,137,6,11,2,59000,0.0,118000,24000,94000
SO109166,20240117,14,224,1,3,4,59000,0.15,200600,48000,152600
SO111857,20240117,14,267,5,9,3,59000,0.0,177000,36000,141000
SO104718,20240117,14,78,1,9,5,59000,0.0,295000,60000,235000
SO110887,20240117,11,139,2,9,5,199000,0.0,995000,425000,570000
SO100823,20240117,13,121,13,6,3,89000,0.0,267000,75000,192000
SO100980,20240118,13,26,5,7,2,89000,0.0,178000,50000,128000
SO102369,20240118,3,246,3,6,4,1999000,0.0,7996000,5800000,2196000
SO110564,20240118,15,208,2,5,3,899000,0.05,2562200,1440000,1122200
SO100616,20240118,14,65,8,5,2,59000,0.0,118000,24000,94000
SO109714,20240118,14,179,2,11,4,59000,0.05,224200,48000,176200
SO110527,20240118,19,5,1,12,3,169000,0.1,456300,225000,231300
SO103747,20240118,8,230,8,7,5,799000,0.1,3595500,2100000,1495500
SO111592,20240118,17,44,5,11,5,329000,0.0,1645000,750000,895000
SO111235,20240118,9,22,6,7,1,349000,0.05,331600,190000,141600
SO109673,20240119,6,30,6,10,2,2199000,0.0,4398000,2700000,1698000
SO104061,20240119,14,263,2,2,1,59000,0.0,59000,12000,47000
SO100289,20240119,19,60,1,1,4,169000,0.0,676000,300000,376000
SO111459,20240119,7,260,1,2,3,499000,0.1,1347300,840000,507300
SO102012,20240119,9,195,3,2,2,349000,0.1,628200,380000,248200
SO109518,20240119,13,61,11,8,2,89000,0.0,178000,50000,128000
SO107528,20240119,6,122,18,2,3,2199000,0.0,6597000,4050000,2547000
SO109027,20240119,9,71,9,8,1,349000,0.0,349000,190000,159000
SO104825,20240119,13,274,17,10,5,89000,0.1,400500,125000,275500
SO103964,20240119,18,67,3,7,1,649000,0.0,649000,320000,329000
SO103341,20240119,12,80,1,12,5,299000,0.0,1495000,600000,895000
SO110407,20240119,17,215,14,8,5,329000,0.05,1562800,750000,812800
SO106132,20240120,16,9,8,9,5,1599000,0.0,7995000,4600000,3395000
SO105428,20240120,7,274,17,7,3,499000,0.05,1422200,840000,582200
SO100454,20240120,5,209,1,9,2,3999000,0.0,7998000,5800000,2198000
SO104458,20240120,19,203,14,10,1,169000,0.0,169000,75000,94000
SO104183,20240120,20,138,8,4,3,129000,0.0,387000,165000,222000
SO107799,20240120,14,258,2,6,1,59000,0.05,56000,12000,44000
SO102042,20240121,14,55,3,1,5,59000,0.0,295000,60000,235000
SO102441,20240121,20,32,7,12,1,129000,0.0,129000,55000,74000
SO103513,20240121,11,23,1,4,4,199000,0.1,716400,340000,376400
SO105974,20240121,20,141,3,7,3,129000,0.0,387000,165000,222000
SO104531,20240121,18,261,2,1,3,649000,0.1,1752300,960000,792300
SO103288,20240121,9,202,1,3,1,349000,0.05,331600,190000,141600
SO108071,20240121,14,215,14,8,3,59000,0.0,177000,36000,141000
SO103472,20240121,14,71,9,1,5,59000,0.0,295000,60000,235000
SO107922,20240121,15,231,18,4,5,899000,0.0,4495000,2400000,2095000
SO100772,20240121,12,152,3,8,5,299000,0.05,1420200,600000,820200
SO109342,20240122,3,57,1,12,4,1999000,0.05,7596200,5800000,1796200
SO111082,20240122,20,139,2,6,1,129000,0.05,122600,55000,67600
SO108906,20240122,15,282,14,10,2,899000,0.0,1798000,960000,838000
SO100255,20240122,17,296,8,6,2,329000,0.05,625100,300000,325100
SO105421,20240122,11,217,8,1,5,199000,0.05,945200,425000,520200
SO107777,20240122,12,207,18,8,5,299000,0.1,1345500,600000,745500
SO111010,20240123,15,218,3,1,4,899000,0.0,3596000,1920000,1676000
SO107462,20240123,20,116,1,11,2,129000,0.05,245100,110000,135100
SO106031,20240123,15,162,1,8,5,899000,0.15,3820800,2400000,1420800
SO111962,20240123,19,159,4,2,3,169000,0.0,507000,225000,282000
SO109192,20240123,7,286,4,4,4,499000,0.05,1896200,1120000,776200
SO106959,20240123,20,177,5,4,1,129000,0.05,122600,55000,67600
SO103322,20240123,20,181,1,10,4,129000,0.1,464400,220000,244400
SO102817,20240123,4,208,2,12,5,8999000,0.05,42745200,31000000,11745200
SO109094,20240123,1,130,11,6,5,13999000,0.0,69995000,49000000,20995000
SO108137,20240123,13,72,6,10,4,89000,0.0,356000,100000,256000
SO106801,20240123,11,21,18,1,4,199000,0.05,756200,340000,416200
SO108420,20240123,11,196,1,1,5,199000,0.0,995000,425000,570000
SO103005,20240124,12,193,1,7,2,299000,0.0,598000,240000,358000
SO100572,20240124,19,53,1,11,4,169000,0.0,676000,300000,376000
SO101274,20240124,20,16,1,6,4,129000,0.05,490200,220000,270200
SO106837,20240124,20,293,17,12,4,129000,0.15,438600,220000,218600
SO106447,20240124,19,88,6,10,4,169000,0.0,676000,300000,376000
SO107220,20240124,13,223,3,11,1,89000,0.0,89000,25000,64000
SO110411,20240124,19,160,2,8,4,169000,0.0,676000,300000,376000
SO108817,20240124,4,126,1,4,4,8999000,0.1,32396400,24800000,7596400
SO110265,20240125,20,274,17,11,1,129000,0.05,122600,55000,67600
SO109699,20240125,17,4,3,4,4,329000,0.05,1250200,600000,650200
SO104428,20240125,20,108,4,12,2,129000,0.0,258000,110000,148000
SO110181,20240125,9,203,14,11,3,349000,0.0,1047000,570000,477000
SO109157,20240125,19,159,4,6,5,169000,0.0,845000,375000,470000
SO104144,20240125,7,61,11,4,3,499000,0.1,1347300,840000,507300
SO104399,20240125,17,24,12,3,5,329000,0.1,1480500,750000,730500
SO103573,20240125,20,75,12,7,5,129000,0.05,612800,275000,337800
SO102474,20240126,10,199,6,6,4,599000,0.05,2276200,1240000,1036200
SO108606,20240126,9,113,15,5,5,349000,0.05,1657800,950000,707800
SO103886,20240126,14,187,5,8,1,59000,0.0,59000,12000,47000
SO104190,20240126,12,77,1,9,1,299000,0.0,299000,120000,179000
SO104023,20240126,10,126,1,1,4,599000,0.0,2396000,1240000,1156000
SO102471,20240126,1,283,11,6,4,13999000,0.0,55996000,39200000,16796000
SO110596,20240126,16,186,3,9,2,1599000,0.1,2878200,1840000,1038200
SO111017,20240126,18,161,2,2,5,649000,0.0,3245000,1600000,1645000
SO111576,20240127,10,280,6,10,5,599000,0.0,2995000,1550000,1445000
SO110625,20240127,13,204,3,4,5,89000,0.0,445000,125000,320000
SO100693,20240127,19,164,12,2,4,169000,0.0,676000,300000,376000
SO107343,20240127,18,125,1,9,1,649000,0.1,584100,320000,264100
SO107946,20240127,17,243,3,8,5,329000,0.0,1645000,750000,895000
SO101195,20240127,19,67,3,7,2,169000,0.0,338000,150000,188000
SO109287,20240128,3,184,6,7,3,1999000,0.1,5397300,4350000,1047300
SO107215,20240128,12,234,2,6,5,299000,0.1,1345500,600000,745500
SO103332,20240128,17,174,4,1,5,329000,0.0,1645000,750000,895000
SO100432,20240128,18,58,16,10,2,649000,0.0,1298000,640000,658000
SO108846,20240128,9,178,1,4,5,349000,0.1,1570500,950000,620500
SO101046,20240128,14,122,18,1,3,59000,0.05,168200,36000,132200
SO102159,20240128,9,117,2,1,2,349000,0.0,698000,380000,318000
SO103682,20240128,14,238,3,11,4,59000,0.0,236000,48000,188000
SO105830,20240129,17,298,3,8,5,329000,0.0,1645000,750000,895000
SO111436,20240129,14,93,1,8,3,59000,0.05,168200,36000,132200
SO109541,20240129,18,263,2,6,2,649000,0.0,1298000,640000,658000
SO102554,20240129,19,149,2,6,3,169000,0.0,507000,225000,282000
SO106036,20240129,10,265,14,3,1,599000,0.05,569000,310000,259000
SO108898,20240129,11,87,6,2,4,199000,0.0,796000,340000,456000
SO104861,20240129,14,7,8,12,2,59000,0.0,118000,24000,94000
SO104834,20240129,6,29,1,4,4,2199000,0.05,8356200,5400000,2956200
SO102985,20240130,19,157,12,5,5,169000,0.05,802800,375000,427800
SO110618,20240130,8,117,2,12,4,799000,0.0,3196000,1680000,1516000
SO109316,20240130,9,205,7,1,3,349000,0.1,942300,570000,372300
SO102650,20240130,13,253,1,6,5,89000,0.0,445000,125000,320000
SO109240,20240130,9,2,1,5,2,349000,0.05,663100,380000,283100
SO101894,20240130,8,158,3,5,3,799000,0.05,2277200,1260000,1017200
SO110650,20240130,11,267,5,8,5,199000,0.0,995000,425000,570000
SO103550,20240130,19,24,12,9,5,169000,0.0,845000,375000,470000
SO108712,20240131,18,224,1,2,3,649000,0.1,1752300,960000,792300
SO108257,20240131,3,102,1,4,1,1999000,0.05,1899000,1450000,449000
SO107122,20240131,3,166,4,10,2,1999000,0.0,3998000,2900000,1098000
SO104865,20240131,19,210,3,2,4,169000,0.1,608400,300000,308400
SO100305,20240131,15,290,14,3,1,899000,0.05,854000,480000,374000
SO102370,20240131,7,128,5,2,1,499000,0.1,449100,280000,169100
SO103884,20240131,8,80,1,9,3,799000,0.05,2277200,1260000,1017200
SO109986,20240201,5,23,1,1,5,3999000,0.05,18995200,14500000,4495200
SO104782,20240201,13,130,11,3,4,89000,0.1,320400,100000,220400
SO108974,20240201,15,260,1,8,1,899000,0.0,899000,480000,419000
SO102798,20240201,8,144,1,12,4,799000,0.05,3036200,1680000,1356200
SO102221,20240201,6,144,1,3,2,2199000,0.0,4398000,2700000,1698000
SO105614,20240201,3,120,12,6,3,1999000,0.05,5697200,4350000,1347200
SO105129,20240201,12,299,1,8,2,299000,0.05,568100,240000,328100
SO105551,20240201,9,148,1,2,2,349000,0.05,663100,380000,283100
SO106216,20240201,13,293,17,3,1,89000,0.05,84600,25000,59600
SO100872,20240202,18,46,17,2,2,649000,0.05,1233100,640000,593100
SO110114,20240202,13,134,2,7,3,89000,0.0,267000,75000,192000
SO108924,20240202,20,44,5,12,1,129000,0.0,129000,55000,74000
SO108241,20240202,11,244,7,2,1,199000,0.0,199000,85000,114000
SO109021,20240202,14,231,18,1,1,59000,0.1,53100,12000,41100
SO111160,20240202,9,276,7,2,4,349000,0.05,1326200,760000,566200
SO102704,20240202,13,128,5,11,3,89000,0.0,267000,75000,192000
SO104523,20240202,9,40,5,1,5,349000,0.0,1745000,950000,795000
SO102061,20240202,8,4,3,7,1,799000,0.0,799000,420000,379000
SO104298,20240202,1,90,6,11,1,13999000,0.0,13999000,9800000,4199000
SO104392,20240203,17,80,1,8,3,329000,0.05,937600,450000,487600
SO109803,20240203,9,46,17,6,2,349000,0.0,698000,380000,318000
SO109734,20240203,4,212,1,4,1,8999000,0.0,8999000,6200000,2799000
SO107285,20240203,19,166,4,11,1,169000,0.0,169000,75000,94000
SO109652,20240203,19,271,2,8,5,169000,0.0,845000,375000,470000
SO111810,20240203,10,245,3,4,1,599000,0.1,539100,310000,229100
SO111510,20240204,13,297,4,9,3,89000,0.0,267000,75000,192000
SO108180,20240204,14,134,2,3,3,59000,0.0,177000,36000,141000
SO107717,20240204,20,259,7,4,2,129000,0.0,258000,110000,148000
SO109146,20240204,18,207,18,5,1,649000,0.0,649000,320000,329000
SO102938,20240204,9,31,2,12,2,349000,0.05,663100,380000,283100
SO111781,20240204,9,150,11,11,3,349000,0.0,1047000,570000,477000
SO100450,20240204,11,101,2,5,1,199000,0.1,179100,85000,94100
SO106246,20240205,14,232,5,11,2,59000,0.0,118000,24000,94000
SO100483,20240205,10,106,1,9,3,599000,0.0,1797000,930000,867000
SO101038,20240205,14,111,1,4,1,59000,0.0,59000,12000,47000
SO105339,20240205,20,176,1,8,3,129000,0.0,387000,165000,222000
SO101926,20240205,18,253,1,4,1,649000,0.05,616600,320000,296600
SO103259,20240205,11,132,5,3,1,199000,0.0,199000,85000,114000
SO110786,20240205,18,146,1,9,5,649000,0.0,3245000,1600000,1645000
SO108002,20240205,7,134,2,3,5,499000,0.0,2495000,1400000,1095000
SO106353,20240205,4,205,7,4,1,8999000,0.0,8999000,6200000,2799000
SO107444,20240205,19,276,7,4,5,169000,0.0,845000,375000,470000
SO111638,20240205,16,4,3,10,1,1599000,0.0,1599000,920000,679000
SO109977,20240206,20,51,4,4,4,129000,0.1,464400,220000,244400
SO100118,20240206,20,222,15,1,3,129000,0.0,387000,165000,222000
SO102924,20240206,20,112,4,1,1,129000,0.0,129000,55000,74000
SO110027,20240206,10,289,2,11,4,599000,0.0,2396000,1240000,1156000
SO103343,20240206,19,271,2,3,3,169000,0.0,507000,225000,282000
SO102266,20240206,15,140,3,8,1,899000,0.05,854000,480000,374000
SO101121,20240206,2,93,1,1,4,4499000,0.0,17996000,12400000,5596000
SO108040,20240207,7,190,10,11,3,499000,0.05,1422200,840000,582200
SO109155,20240207,18,162,1,5,2,649000,0.0,1298000,640000,658000
SO104271,20240207,10,154,2,4,2,599000,0.0,1198000,620000,578000
SO102862,20240207,17,103,8,3,5,329000,0.0,1645000,750000,895000
SO103696,20240207,15,245,3,1,2,899000,0.0,1798000,960000,838000
SO101665,20240207,9,31,2,2,4,349000,0.1,1256400,760000,496400
SO111583,20240207,18,218,3,9,2,649000,0.05,1233100,640000,593100
SO103632,20240208,7,189,18,12,4,499000,0.1,1796400,1120000,676400
SO100796,20240208,8,1,2,7,1,799000,0.0,799000,420000,379000
SO101987,20240208,19,257,12,10,3,169000,0.0,507000,225000,282000
SO103944,20240208,7,1,2,11,4,499000,0.0,1996000,1120000,876000
SO107213,20240208,10,70,8,10,4,599000,0.0,2396000,1240000,1156000
SO103874,20240209,19,154,2,4,1,169000,0.05,160600,75000,85600
SO106028,20240209,7,36,1,2,5,499000,0.0,2495000,1400000,1095000
SO109956,20240209,12,264,7,8,3,299000,0.05,852200,360000,492200
SO103433,20240209,8,265,14,5,5,799000,0.0,3995000,2100000,1895000
SO105666,20240209,13,203,14,3,4,89000,0.0,356000,100000,256000
SO105886,20240209,18,288,2,2,3,649000,0.0,1947000,960000,987000
SO106550,20240209,13,34,1,7,1,89000,0.1,80100,25000,55100
SO105805,20240209,19,202,1,7,2,169000,0.0,338000,150000,188000
SO102556,20240210,3,87,6,7,3,1999000,0.0,5997000,4350000,1647000
SO105027,20240210,13,66,12,5,2,89000,0.1,160200,50000,110200
SO102262,20240210,19,4,3,12,4,169000,0.1,608400,300000,308400
SO109073,20240210,14,139,2,12,1,59000,0.0,59000,12000,47000
SO106598,20240210,15,74,13,10,3,899000,0.0,2697000,1440000,1257000
SO101764,20240210,11,277,1,8,3,199000,0.05,567200,255000,312200
SO103020,20240210,20,173,15,6,4,129000,0.0,516000,220000,296000
SO109060,20240210,7,128,5,1,1,499000,0.05,474000,280000,194000
SO106724,20240210,5,205,7,1,1,3999000,0.0,3999000,2900000,1099000
SO103688,20240211,11,149,2,3,1,199000,0.0,199000,85000,114000
SO105294,20240211,9,290,14,9,3,349000,0.0,1047000,570000,477000
SO108810,20240211,14,43,8,7,4,59000,0.0,236000,48000,188000
SO103869,20240211,12,154,2,10,1,299000,0.05,284000,120000,164000
SO108911,20240211,19,181,1,4,5,169000,0.0,845000,375000,470000
SO110936,20240211,13,104,12,4,3,89000,0.1,240300,75000,165300
SO106717,20240211,9,247,3,5,3,349000,0.05,994600,570000,424600
SO111784,20240211,17,199,6,8,2,329000,0.05,625100,300000,325100
SO100037,20240211,20,107,1,7,4,129000,0.0,516000,220000,296000
SO107869,20240212,13,233,7,8,5,89000,0.0,445000,125000,320000
SO110172,20240212,2,267,5,4,5,4499000,0.0,22495000,15500000,6995000
SO107800,20240212,14,176,1,11,2,59000,0.0,118000,24000,94000
SO106129,20240212,11,276,7,5,3,199000,0.0,597000,255000,342000
SO106299,20240212,6,55,3,6,5,2199000,0.05,10445200,6750000,3695200
SO106935,20240212,10,132,5,10,1,599000,0.05,569000,310000,259000
SO110757,20240212,12,111,1,9,1,299000,0.05,284000,120000,164000
SO107545,20240212,14,251,7,11,2,59000,0.0,118000,24000,94000
SO104044,20240212,14,97,1,2,1,59000,0.05,56000,12000,44000
SO102203,20240212,9,149,2,6,5,349000,0.0,1745000,950000,795000
SO101450,20240213,6,21,18,9,5,2199000,0.1,9895500,6750000,3145500
SO110173,20240213,19,79,8,7,4,169000,0.05,642200,300000,342200
SO111208,20240213,10,79,8,11,1,599000,0.0,599000,310000,289000
SO103283,20240213,11,17,4,11,5,199000,0.0,995000,425000,570000
SO101139,20240213,14,213,6,11,3,59000,0.05,168200,36000,132200
SO110530,20240213,11,239,5,8,5,199000,0.0,995000,425000,570000
SO106522,20240213,14,112,4,11,5,59000,0.1,265500,60000,205500
SO100779,20240214,10,5,1,5,5,599000,0.0,2995000,1550000,1445000
SO101868,20240214,17,231,18,6,2,329000,0.1,592200,300000,292200
SO100365,20240214,10,159,4,10,3,599000,0.0,1797000,930000,867000
SO101755,20240214,10,172,1,9,5,599000,0.0,2995000,1550000,1445000
SO106168,20240214,20,295,8,12,4,129000,0.1,464400,220000,244400
SO100195,20240214,9,163,14,10,4,349000,0.0,1396000,760000,636000
SO100177,20240214,20,55,3,1,2,129000,0.0,258000,110000,148000
SO108654,20240214,19,139,2,10,2,169000,0.0,338000,150000,188000
SO105573,20240214,14,215,14,6,3,59000,0.0,177000,36000,141000
SO102520,20240214,9,181,1,7,3,349000,0.1,942300,570000,372300
SO100143,20240214,11,80,1,7,2,199000,0.0,398000,170000,228000
SO109547,20240215,20,231,18,8,5,129000,0.0,645000,275000,370000
SO103411,20240215,7,231,18,8,5,499000,0.0,2495000,1400000,1095000
SO101838,20240215,13,115,4,6,3,89000,0.05,253600,75000,178600
SO108380,20240215,20,175,15,8,4,129000,0.0,516000,220000,296000
SO110875,20240215,14,23,1,2,2,59000,0.1,106200,24000,82200
SO108535,20240215,14,22,6,1,2,59000,0.0,118000,24000,94000
SO107546,20240215,18,127,2,9,4,649000,0.0,2596000,1280000,1316000
SO106304,20240215,17,74,13,8,3,329000,0.0,987000,450000,537000
SO109044,20240215,20,9,8,8,4,129000,0.0,516000,220000,296000
SO107344,20240215,13,79,8,12,1,89000,0.0,89000,25000,64000
SO105793,20240215,14,247,3,3,1,59000,0.0,59000,12000,47000
SO110342,20240215,11,224,1,7,4,199000,0.0,796000,340000,456000
SO107181,20240215,19,9,8,4,3,169000,0.05,481600,225000,256600
SO106459,20240215,19,270,6,3,4,169000,0.0,676000,300000,376000
SO103012,20240215,19,286,4,6,5,169000,0.0,845000,375000,470000
SO100047,20240215,3,243,3,12,4,1999000,0.05,7596200,5800000,1796200
SO107973,20240215,5,45,8,2,4,3999000,0.0,15996000,11600000,4396000
SO103929,20240216,10,115,4,4,3,599000,0.1,1617300,930000,687300
SO102476,20240216,13,128,5,1,1,89000,0.0,89000,25000,64000
SO107552,20240216,9,97,1,9,4,349000,0.0,1396000,760000,636000
SO110474,20240216,17,129,1,4,5,329000,0.0,1645000,750000,895000
SO102578,20240216,18,274,17,9,4,649000,0.0,2596000,1280000,1316000
SO102339,20240216,13,151,1,1,1,89000,0.0,89000,25000,64000
SO110689,20240216,20,37,12,8,4,129000,0.0,516000,220000,296000
SO102141,20240216,11,256,9,9,2,199000,0.0,398000,170000,228000
SO103507,20240216,7,25,12,8,1,499000,0.05,474000,280000,194000
SO111788,20240216,15,102,1,11,5,899000,0.0,4495000,2400000,2095000
SO101335,20240216,19,68,4,8,4,169000,0.0,676000,300000,376000
SO104629,20240216,20,283,11,7,1,129000,0.0,129000,55000,74000
SO101106,20240217,19,174,4,1,5,169000,0.0,845000,375000,470000
SO102997,20240217,11,202,1,5,3,199000,0.0,597000,255000,342000
SO111839,20240217,17,113,15,12,5,329000,0.0,1645000,750000,895000
SO106510,20240217,9,38,2,5,5,349000,0.0,1745000,950000,795000
SO110924,20240217,13,209,1,8,2,89000,0.0,178000,50000,128000
SO111442,20240217,10,263,2,9,3,599000,0.0,1797000,930000,867000
SO111285,20240217,13,55,3,9,3,89000,0.0,267000,75000,192000
SO103516,20240217,12,143,9,9,3,299000,0.15,762400,360000,402400
SO100164,20240218,9,22,6,2,1,349000,0.0,349000,190000,159000
SO111544,20240218,10,32,7,1,4,599000,0.0,2396000,1240000,1156000
SO104395,20240218,5,176,1,9,4,3999000,0.0,15996000,11600000,4396000
SO110984,20240218,14,94,3,11,4,59000,0.1,212400,48000,164400
SO111838,20240218,16,287,6,10,3,1599000,0.0,4797000,2760000,2037000
SO102895,20240218,14,125,1,10,4,59000,0.1,212400,48000,164400
SO100956,20240218,12,167,4,5,1,299000,0.0,299000,120000,179000
SO103816,20240218,17,221,3,8,1,329000,0.0,329000,150000,179000
SO102180,20240218,19,170,3,1,5,169000,0.1,760500,375000,385500
SO107041,20240218,13,261,2,4,5,89000,0.0,445000,125000,320000
SO101207,20240219,13,28,2,7,2,89000,0.0,178000,50000,128000
SO101848,20240219,2,186,3,2,1,4499000,0.0,4499000,3100000,1399000
SO102767,20240219,6,161,2,10,5,2199000,0.0,10995000,6750000,4245000
SO104484,20240219,12,109,3,7,2,299000,0.05,568100,240000,328100
SO109470,20240219,20,299,1,9,5,129000,0.05,612800,275000,337800
SO102693,20240220,19,110,2,1,3,169000,0.0,507000,225000,282000
SO110966,20240220,16,186,3,10,2,1599000,0.1,2878200,1840000,1038200
SO110723,20240220,13,72,6,11,4,89000,0.0,356000,100000,256000
SO104058,20240220,14,272,6,4,3,59000,0.05,168200,36000,132200
SO106089,20240220,17,198,9,8,4,329000,0.0,1316000,600000,716000
SO108062,20240220,9,64,3,4,3,349000,0.0,1047000,570000,477000
SO106081,20240220,9,120,12,6,1,349000,0.0,349000,190000,159000
SO111549,20240220,16,168,4,8,4,1599000,0.0,6396000,3680000,2716000
SO105765,20240220,19,48,4,1,4,169000,0.0,676000,300000,376000
SO111563,20240220,15,61,11,1,3,899000,0.0,2697000,1440000,1257000
SO104476,20240221,14,87,6,4,1,59000,0.0,59000,12000,47000
SO105949,20240221,11,141,3,4,5,199000,0.0,995000,425000,570000
SO101920,20240221,3,130,11,5,4,1999000,0.0,7996000,5800000,2196000
SO109014,20240221,3,163,14,7,4,1999000,0.05,7596200,5800000,1796200
SO104299,20240221,19,126,1,12,3,169000,0.0,507000,225000,282000
SO108488,20240221,13,52,3,11,1,89000,0.0,89000,25000,64000
SO111669,20240221,20,196,1,11,2,129000,0.0,258000,110000,148000
SO103534,20240221,2,65,8,6,2,4499000,0.0,8998000,6200000,2798000
SO107593,20240222,8,211,1,1,3,799000,0.0,2397000,1260000,1137000
SO110244,20240222,17,140,3,10,2,329000,0.1,592200,300000,292200
SO109008,20240222,13,39,6,1,2,89000,0.0,178000,50000,128000
SO101273,20240222,11,74,13,1,3,199000,0.0,597000,255000,342000
SO110042,20240222,17,103,8,9,2,329000,0.0,658000,300000,358000
SO108816,20240222,7,193,1,4,5,499000,0.05,2370200,1400000,970200
SO100748,20240222,17,279,12,10,5,329000,0.0,1645000,750000,895000
SO105049,20240222,19,211,1,9,2,169000,0.05,321100,150000,171100
SO109975,20240223,12,17,4,2,5,299000,0.0,1495000,600000,895000
SO111034,20240223,19,166,4,11,2,169000,0.05,321100,150000,171100
SO106221,20240223,11,293,17,5,2,199000,0.15,338300,170000,168300
SO106544,20240223,10,156,11,12,4,599000,0.0,2396000,1240000,1156000
SO106741,20240223,11,120,12,12,1,199000,0.0,199000,85000,114000
SO104415,20240223,11,190,10,8,3,199000,0.1,537300,255000,282300
SO111109,20240223,18,169,5,5,3,649000,0.05,1849600,960000,889600
SO105693,20240223,20,11,12,8,1,129000,0.05,122600,55000,67600
SO111419,20240223,14,246,3,7,5,59000,0.0,295000,60000,235000
SO102663,20240223,20,165,9,12,2,129000,0.0,258000,110000,148000
SO105403,20240223,18,209,1,11,1,649000,0.0,649000,320000,329000
SO103364,20240223,8,242,13,1,2,799000,0.0,1598000,840000,758000
SO102513,20240223,12,109,3,3,5,299000,0.05,1420200,600000,820200
SO101029,20240224,14,260,1,5,2,59000,0.0,118000,24000,94000
SO105991,20240224,13,127,2,6,1,89000,0.0,89000,25000,64000
SO107124,20240224,12,158,3,2,2,299000,0.0,598000,240000,358000
SO109943,20240224,13,107,1,4,4,89000,0.0,356000,100000,256000
SO102350,20240224,20,139,2,7,2,129000,0.0,258000,110000,148000
SO101070,20240224,14,145,14,2,4,59000,0.1,212400,48000,164400
SO105759,20240224,20,208,2,8,2,129000,0.0,258000,110000,148000
SO105779,20240224,5,210,3,3,2,3999000,0.05,7598100,5800000,1798100
SO102493,20240224,1,189,18,1,5,13999000,0.0,69995000,49000000,20995000
SO104168,20240224,1,170,3,3,4,13999000,0.0,55996000,39200000,16796000
SO104221,20240224,20,240,8,12,5,129000,0.0,645000,275000,370000
SO102729,20240224,19,55,3,5,5,169000,0.05,802800,375000,427800
SO108123,20240224,10,278,3,12,1,599000,0.0,599000,310000,289000
SO105258,20240224,2,93,1,2,5,4499000,0.0,22495000,15500000,6995000
SO102255,20240225,17,49,1,1,3,329000,0.05,937600,450000,487600
SO102338,20240225,11,235,15,11,3,199000,0.1,537300,255000,282300
SO107690,20240225,20,167,4,7,4,129000,0.05,490200,220000,270200
SO101708,20240225,13,168,4,3,5,89000,0.0,445000,125000,320000
SO101785,20240225,7,230,8,11,5,499000,0.0,2495000,1400000,1095000
SO100189,20240226,20,52,3,6,1,129000,0.0,129000,55000,74000
SO101310,20240226,12,112,4,11,5,299000,0.0,1495000,600000,895000
SO105036,20240226,20,296,8,8,3,129000,0.05,367600,165000,202600
SO107854,20240226,20,192,3,12,5,129000,0.0,645000,275000,370000
SO106784,20240226,3,24,12,10,3,1999000,0.0,5997000,4350000,1647000
SO111487,20240226,20,11,12,9,4,129000,0.0,516000,220000,296000
SO109736,20240226,20,106,1,10,3,129000,0.05,367600,165000,202600
SO111678,20240227,8,100,15,4,1,799000,0.0,799000,420000,379000
SO100688,20240227,14,132,5,7,4,59000,0.0,236000,48000,188000
SO102446,20240227,18,162,1,1,4,649000,0.15,2206600,1280000,926600
SO102267,20240227,19,8,8,3,4,169000,0.1,608400,300000,308400
SO106920,20240228,16,101,2,11,5,1599000,0.15,6795800,4600000,2195800
SO104314,20240228,1,137,6,6,1,13999000,0.0,13999000,9800000,4199000
SO104046,20240228,15,39,6,1,1,899000,0.0,899000,480000,419000
SO100226,20240228,14,85,3,9,5,59000,0.1,265500,60000,205500
SO103529,20240228,14,188,1,9,4,59000,0.0,236000,48000,188000
SO107694,20240228,19,212,1,1,1,169000,0.0,169000,75000,94000
SO102121,20240228,13,11,12,12,4,89000,0.05,338200,100000,238200
SO100787,20240228,14,204,3,11,3,59000,0.0,177000,36000,141000
SO102024,20240228,7,246,3,12,2,499000,0.0,998000,560000,438000
SO111110,20240229,9,126,1,1,5,349000,0.0,1745000,950000,795000
SO102608,20240229,14,166,4,4,3,59000,0.05,168200,36000,132200
SO105641,20240229,5,178,1,10,4,3999000,0.0,15996000,11600000,4396000
SO103500,20240229,19,109,3,10,5,169000,0.05,802800,375000,427800
SO102057,20240229,18,160,2,8,5,649000,0.05,3082800,1600000,1482800
SO104071,20240229,8,169,5,11,4,799000,0.0,3196000,1680000,1516000
SO102008,20240229,13,222,15,10,3,89000,0.0,267000,75000,192000
SO104743,20240301,12,198,9,10,2,299000,0.0,598000,240000,358000
SO102023,20240301,14,62,14,4,2,59000,0.0,118000,24000,94000
SO104966,20240301,17,183,2,12,4,329000,0.0,1316000,600000,716000
SO106398,20240301,5,284,2,5,4,3999000,0.0,15996000,11600000,4396000
SO103736,20240301,19,95,3,8,4,169000,0.0,676000,300000,376000
SO104767,20240301,14,206,1,12,5,59000,0.1,265500,60000,205500
SO110871,20240301,9,185,3,3,1,349000,0.0,349000,190000,159000
SO104734,20240301,13,27,6,12,2,89000,0.05,169100,50000,119100
SO111080,20240301,20,207,18,11,2,129000,0.0,258000,110000,148000
SO108946,20240301,19,163,14,10,4,169000,0.1,608400,300000,308400
SO104192,20240301,14,195,3,10,5,59000,0.0,295000,60000,235000
SO103887,20240301,13,94,3,7,1,89000,0.0,89000,25000,64000
SO105562,20240301,14,81,17,4,5,59000,0.0,295000,60000,235000
SO100662,20240301,13,259,7,11,3,89000,0.0,267000,75000,192000
SO104459,20240301,19,186,3,12,4,169000,0.0,676000,300000,376000
SO111077,20240301,8,136,11,10,4,799000,0.0,3196000,1680000,1516000
SO106436,20240302,20,224,1,1,4,129000,0.0,516000,220000,296000
SO110286,20240302,20,202,1,12,1,129000,0.0,129000,55000,74000
SO107320,20240302,11,203,14,4,3,199000,0.05,567200,255000,312200
SO107019,20240302,5,218,3,3,3,3999000,0.0,11997000,8700000,3297000
SO100786,20240302,13,76,9,12,4,89000,0.05,338200,100000,238200
SO105826,20240302,9,255,1,8,1,349000,0.0,349000,190000,159000
SO108124,20240302,8,30,6,11,2,799000,0.0,1598000,840000,758000
SO110484,20240302,11,110,2,4,1,199000,0.1,179100,85000,94100
SO111532,20240303,16,230,8,7,4,1599000,0.0,6396000,3680000,2716000
SO103124,20240303,13,25,12,9,2,89000,0.0,178000,50000,128000
SO110558,20240303,16,264,7,3,2,1599000,0.0,3198000,1840000,1358000
SO110223,20240303,10,221,3,10,4,599000,0.0,2396000,1240000,1156000
SO108891,20240303,6,237,8,7,5,2199000,0.0,10995000,6750000,4245000
SO101635,20240303,17,26,5,4,4,329000,0.05,1250200,600000,650200
SO101488,20240303,17,66,12,5,4,329000,0.1,1184400,600000,584400
SO103357,20240303,16,156,11,10,2,1599000,0.0,3198000,1840000,1358000
SO109134,20240303,19,124,15,1,2,169000,0.0,338000,150000,188000
SO107270,20240303,20,93,1,9,5,129000,0.0,645000,275000,370000
SO100899,20240303,13,232,5,6,5,89000,0.05,422800,125000,297800
SO110478,20240303,13,206,1,3,1,89000,0.0,89000,25000,64000
SO107109,20240303,14,47,3,2,3,59000,0.0,177000,36000,141000
SO105190,20240303,3,284,2,11,4,1999000,0.1,7196400,5800000,1396400
SO106634,20240303,11,130,11,8,4,199000,0.05,756200,340000,416200
SO111687,20240304,17,118,2,2,1,329000,0.0,329000,150000,179000
SO109556,20240304,18,121,13,5,1,649000,0.0,649000,320000,329000
SO107981,20240304,13,163,14,9,4,89000,0.0,356000,100000,256000
SO104205,20240304,13,189,18,6,1,89000,0.0,89000,25000,64000
SO109780,20240304,20,119,8,3,4,129000,0.0,516000,220000,296000
SO109677,20240304,12,158,3,9,3,299000,0.1,807300,360000,447300
SO105999,20240304,13,100,15,12,3,89000,0.0,267000,75000,192000
SO107639,20240304,13,104,12,5,5,89000,0.0,445000,125000,320000
SO108280,20240304,13,1,2,7,4,89000,0.05,338200,100000,238200
SO108861,20240304,16,286,4,11,5,1599000,0.0,7995000,4600000,3395000
SO100951,20240305,3,256,9,7,4,1999000,0.05,7596200,5800000,1796200
SO102347,20240305,11,136,11,9,4,199000,0.1,716400,340000,376400
SO105239,20240305,15,222,15,11,3,899000,0.0,2697000,1440000,1257000
SO110518,20240305,10,190,10,10,4,599000,0.05,2276200,1240000,1036200
SO110292,20240305,13,268,8,5,4,89000,0.0,356000,100000,256000
SO104885,20240305,17,247,3,12,4,329000,0.1,1184400,600000,584400
SO110338,20240305,6,27,6,6,4,2199000,0.0,8796000,5400000,3396000
SO100618,20240305,14,137,6,4,1,59000,0.05,56000,12000,44000
SO109462,20240305,17,225,7,5,4,329000,0.05,1250200,600000,650200
SO108219,20240305,13,103,8,1,5,89000,0.0,445000,125000,320000
SO108875,20240305,9,71,9,2,1,349000,0.0,349000,190000,159000
SO107932,20240305,20,118,2,3,5,129000,0.0,645000,275000,370000
SO102669,20240305,19,118,2,8,3,169000,0.05,481600,225000,256600
SO100003,20240305,8,249,1,8,3,799000,0.0,2397000,1260000,1137000
SO103627,20240305,13,294,8,7,1,89000,0.0,89000,25000,64000
SO101857,20240305,12,157,12,3,5,299000,0.05,1420200,600000,820200
SO105757,20240305,13,176,1,9,3,89000,0.0,267000,75000,192000
SO105714,20240306,19,98,7,10,2,169000,0.0,338000,150000,188000
SO107045,20240306,18,279,12,7,3,649000,0.0,1947000,960000,987000
SO101978,20240306,14,114,7,9,5,59000,0.05,280200,60000,220200
SO106010,20240306,19,5,1,7,5,169000,0.1,760500,375000,385500
SO109145,20240306,9,162,1,5,3,349000,0.1,942300,570000,372300
SO105924,20240306,14,204,3,12,1,59000,0.0,59000,12000,47000
SO106737,20240306,17,123,17,3,1,329000,0.0,329000,150000,179000
SO109882,20240306,20,283,11,7,3,129000,0.05,367600,165000,202600
SO109910,20240307,15,200,8,1,4,899000,0.0,3596000,1920000,1676000
SO106897,20240307,18,250,7,10,4,649000,0.0,2596000,1280000,1316000
SO101028,20240307,11,22,6,1,3,199000,0.1,537300,255000,282300
SO101184,20240307,17,237,8,10,1,329000,0.0,329000,150000,179000
SO105545,20240307,11,14,1,2,1,199000,0.0,199000,85000,114000
SO101371,20240307,20,300,7,8,1,129000,0.1,116100,55000,61100
SO101132,20240307,20,59,1,5,4,129000,0.05,490200,220000,270200
SO102166,20240307,8,33,10,10,3,799000,0.0,2397000,1260000,1137000
SO110550,20240307,8,187,5,12,2,799000,0.05,1518100,840000,678100
SO101385,20240307,10,255,1,8,3,599000,0.0,1797000,930000,867000
SO106992,20240307,17,31,2,9,1,329000,0.0,329000,150000,179000
SO109055,20240308,19,3,1,9,2,169000,0.0,338000,150000,188000
SO108890,20240308,14,286,4,9,3,59000,0.0,177000,36000,141000
SO100894,20240308,14,182,14,6,3,59000,0.05,168200,36000,132200
SO111463,20240308,9,281,3,5,4,349000,0.0,1396000,760000,636000
SO102900,20240308,17,15,7,9,3,329000,0.0,987000,450000,537000
SO106248,20240308,17,21,18,6,5,329000,0.1,1480500,750000,730500
SO106002,20240308,4,56,7,11,4,8999000,0.05,34196200,24800000,9396200
SO111191,20240308,7,46,17,12,4,499000,0.0,1996000,1120000,876000
SO101444,20240308,14,113,15,1,4,59000,0.0,236000,48000,188000
SO105745,20240308,7,54,12,7,5,499000,0.0,2495000,1400000,1095000
SO106048,20240308,15,273,2,9,2,899000,0.0,1798000,960000,838000
SO104242,20240308,14,40,5,7,1,59000,0.0,59000,12000,47000
SO111651,20240308,3,197,3,11,3,1999000,0.1,5397300,4350000,1047300
SO102242,20240308,9,1,2,11,4,349000,0.0,1396000,760000,636000
SO109057,20240308,9,236,3,8,3,349000,0.05,994600,570000,424600
SO106709,20240308,15,52,3,1,3,899000,0.0,2697000,1440000,1257000
SO103785,20240309,11,113,15,2,3,199000,0.0,597000,255000,342000
SO103569,20240309,14,230,8,8,1,59000,0.1,53100,12000,41100
SO103538,20240309,20,166,4,12,2,129000,0.0,258000,110000,148000
SO110227,20240309,12,96,1,12,2,299000,0.0,598000,240000,358000
SO103152,20240309,8,21,18,9,4,799000,0.0,3196000,1680000,1516000
SO110699,20240309,14,277,1,10,5,59000,0.0,295000,60000,235000
SO105064,20240309,20,123,17,11,2,129000,0.0,258000,110000,148000
SO110373,20240310,10,8,8,5,3,599000,0.0,1797000,930000,867000
SO101581,20240310,14,35,6,10,5,59000,0.1,265500,60000,205500
SO107446,20240310,7,62,14,9,2,499000,0.0,998000,560000,438000
SO105025,20240310,9,106,1,9,5,349000,0.0,1745000,950000,795000
SO101010,20240310,12,268,8,4,2,299000,0.0,598000,240000,358000
SO103827,20240310,20,35,6,5,5,129000,0.05,612800,275000,337800
SO105322,20240310,20,158,3,6,3,129000,0.0,387000,165000,222000
SO110674,20240310,11,208,2,6,1,199000,0.0,199000,85000,114000
SO105598,20240311,10,145,14,3,4,599000,0.0,2396000,1240000,1156000
SO102323,20240311,9,156,11,11,2,349000,0.05,663100,380000,283100
SO111021,20240311,18,87,6,12,2,649000,0.0,1298000,640000,658000
SO111649,20240311,14,297,4,6,5,59000,0.05,280200,60000,220200
SO101529,20240311,14,187,5,5,2,59000,0.0,118000,24000,94000
SO107526,20240311,14,85,3,5,2,59000,0.0,118000,24000,94000
SO110798,20240311,20,115,4,5,1,129000,0.05,122600,55000,67600
SO111119,20240311,14,40,5,9,1,59000,0.0,59000,12000,47000
SO102838,20240311,19,122,18,2,4,169000,0.0,676000,300000,376000
SO100997,20240311,12,199,6,7,5,299000,0.1,1345500,600000,745500
SO104432,20240311,15,214,3,6,2,899000,0.0,1798000,960000,838000
SO108153,20240311,13,271,2,10,1,89000,0.0,89000,25000,64000
SO105426,20240311,14,149,2,1,1,59000,0.05,56000,12000,44000
SO108312,20240311,20,93,1,7,5,129000,0.0,645000,275000,370000
SO103604,20240311,7,124,15,4,2,499000,0.05,948100,560000,388100
SO108210,20240311,20,157,12,4,2,129000,0.0,258000,110000,148000
SO107326,20240311,18,109,3,3,1,649000,0.0,649000,320000,329000
SO103634,20240312,14,187,5,7,4,59000,0.05,224200,48000,176200
SO100271,20240312,14,162,1,12,4,59000,0.1,212400,48000,164400
SO103209,20240312,13,232,5,8,4,89000,0.0,356000,100000,256000
SO102454,20240312,14,16,1,4,2,59000,0.0,118000,24000,94000
SO111640,20240312,13,183,2,1,2,89000,0.05,169100,50000,119100
SO103994,20240312,16,8,8,2,4,1599000,0.1,5756400,3680000,2076400
SO103973,20240312,10,93,1,4,1,599000,0.0,599000,310000,289000
SO102657,20240312,10,192,3,2,5,599000,0.0,2995000,1550000,1445000
SO102765,20240312,20,141,3,1,4,129000,0.05,490200,220000,270200
SO109398,20240312,13,16,1,7,4,89000,0.0,356000,100000,256000
SO104231,20240312,7,219,7,5,5,499000,0.0,2495000,1400000,1095000
SO106103,20240312,14,160,2,9,1,59000,0.05,56000,12000,44000
SO107605,20240312,14,267,5,6,5,59000,0.0,295000,60000,235000
SO107556,20240312,13,230,8,8,5,89000,0.1,400500,125000,275500
SO100934,20240313,9,37,12,9,1,349000,0.0,349000,190000,159000
SO107825,20240313,12,240,8,1,5,299000,0.05,1420200,600000,820200
SO102866,20240313,11,230,8,4,2,199000,0.05,378100,170000,208100
SO111610,20240313,13,264,7,12,1,89000,0.0,89000,25000,64000
SO100488,20240313,13,300,7,10,1,89000,0.0,89000,25000,64000
SO109738,20240313,19,31,2,6,3,169000,0.0,507000,225000,282000
SO109967,20240313,14,59,1,3,3,59000,0.0,177000,36000,141000
SO109434,20240313,17,286,4,3,4,329000,0.1,1184400,600000,584400
SO104879,20240313,20,189,18,6,2,129000,0.0,258000,110000,148000
SO104216,20240313,13,299,1,6,4,89000,0.05,338200,100000,238200
SO103618,20240313,14,44,5,2,2,59000,0.0,118000,24000,94000
SO107805,20240313,17,217,8,2,5,329000,0.05,1562800,750000,812800
SO107201,20240313,7,32,7,11,5,499000,0.0,2495000,1400000,1095000
SO107061,20240313,19,76,9,4,3,169000,0.1,456300,225000,231300
SO110930,20240313,13,283,11,9,5,89000,0.05,422800,125000,297800
SO104099,20240313,10,167,4,3,4,599000,0.05,2276200,1240000,1036200
SO102148,20240314,18,224,1,10,3,649000,0.05,1849600,960000,889600
SO101151,20240314,13,289,2,7,4,89000,0.1,320400,100000,220400
SO110523,20240314,8,241,4,5,1,799000,0.1,719100,420000,299100
SO102575,20240314,14,260,1,4,1,59000,0.0,59000,12000,47000
SO100680,20240314,8,128,5,12,1,799000,0.05,759000,420000,339000
SO105070,20240314,18,227,1,11,2,649000,0.0,1298000,640000,658000
SO108785,20240314,19,179,2,8,1,169000,0.05,160600,75000,85600
SO108499,20240314,12,87,6,10,4,299000,0.0,1196000,480000,716000
SO102824,20240314,6,236,3,8,4,2199000,0.0,8796000,5400000,3396000
SO102263,20240314,13,254,2,2,2,89000,0.05,169100,50000,119100
SO110679,20240314,14,82,3,2,4,59000,0.0,236000,48000,188000
SO100196,20240314,2,162,1,12,2,4499000,0.05,8548100,6200000,2348100
SO108052,20240314,13,153,3,12,5,89000,0.0,445000,125000,320000
SO110659,20240315,5,155,8,3,1,3999000,0.0,3999000,2900000,1099000
SO104852,20240315,20,198,9,8,4,129000,0.0,516000,220000,296000
SO104214,20240315,9,149,2,4,2,349000,0.0,698000,380000,318000
SO104435,20240315,10,68,4,2,3,599000,0.0,1797000,930000,867000
SO107971,20240315,14,267,5,4,1,59000,0.0,59000,12000,47000
SO108254,20240315,14,224,1,3,1,59000,0.15,50200,12000,38200
SO109218,20240315,19,229,12,11,2,169000,0.0,338000,150000,188000
SO103611,20240315,14,53,1,6,4,59000,0.05,224200,48000,176200
SO108893,20240315,7,298,3,8,1,499000,0.0,499000,280000,219000
SO110449,20240315,15,19,1,2,5,899000,0.0,4495000,2400000,2095000
SO109089,20240316,13,115,4,12,2,89000,0.05,169100,50000,119100
SO105262,20240316,14,36,1,10,4,59000,0.05,224200,48000,176200
SO106660,20240316,15,299,1,11,2,899000,0.0,1798000,960000,838000
SO100628,20240316,13,77,1,6,2,89000,0.0,178000,50000,128000
SO103587,20240316,18,22,6,12,1,649000,0.0,649000,320000,329000
SO109195,20240316,12,157,12,12,5,299000,0.0,1495000,600000,895000
SO108351,20240316,13,273,2,1,5,89000,0.0,445000,125000,320000
SO105381,20240316,7,121,13,5,2,499000,0.0,998000,560000,438000
SO100400,20240316,6,62,14,3,2,2199000,0.05,4178100,2700000,1478100
SO100356,20240316,9,278,3,9,3,349000,0.0,1047000,570000,477000
SO102588,20240316,20,25,12,1,3,129000,0.0,387000,165000,222000
SO109437,20240316,13,227,1,6,2,89000,0.0,178000,50000,128000
SO111841,20240316,13,188,1,3,5,89000,0.05,422800,125000,297800
SO105672,20240317,13,296,8,1,4,89000,0.1,320400,100000,220400
SO104990,20240317,13,31,2,5,5,89000,0.05,422800,125000,297800
SO107171,20240317,11,65,8,6,2,199000,0.0,398000,170000,228000
SO107190,20240317,18,119,8,8,5,649000,0.05,3082800,1600000,1482800
SO105497,20240317,5,190,10,5,5,3999000,0.05,18995200,14500000,4495200
SO108025,20240317,13,292,11,7,3,89000,0.0,267000,75000,192000
SO105210,20240317,12,258,2,4,1,299000,0.0,299000,120000,179000
SO106227,20240317,1,14,1,1,4,13999000,0.0,55996000,39200000,16796000
SO110218,20240317,11,268,8,9,2,199000,0.0,398000,170000,228000
SO105818,20240317,12,83,8,9,3,299000,0.0,897000,360000,537000
SO110827,20240317,14,117,2,4,3,59000,0.0,177000,36000,141000
SO102690,20240317,13,296,8,10,3,89000,0.05,253600,75000,178600
SO100989,20240317,6,135,1,2,3,2199000,0.05,6267200,4050000,2217200
SO100656,20240318,11,204,3,2,4,199000,0.1,716400,340000,376400
SO107611,20240318,14,142,8,5,3,59000,0.1,159300,36000,123300
SO111466,20240318,14,217,8,1,2,59000,0.05,112100,24000,88100
SO105775,20240318,14,294,8,4,5,59000,0.0,295000,60000,235000
SO111801,20240318,17,178,1,1,4,329000,0.0,1316000,600000,716000
SO111931,20240318,8,8,8,4,3,799000,0.1,2157300,1260000,897300
SO104454,20240318,12,240,8,9,2,299000,0.05,568100,240000,328100
SO107573,20240318,2,85,3,9,4,4499000,0.0,17996000,12400000,5596000
SO104384,20240318,8,148,1,9,4,799000,0.05,3036200,1680000,1356200
SO102548,20240318,13,172,1,10,1,89000,0.0,89000,25000,64000
SO103980,20240318,18,204,3,10,2,649000,0.1,1168200,640000,528200
SO111966,20240318,16,158,3,11,5,1599000,0.0,7995000,4600000,3395000
SO103205,20240318,12,19,1,5,3,299000,0.05,852200,360000,492200
SO108053,20240318,20,119,8,4,1,129000,0.0,129000,55000,74000
SO109898,20240318,1,262,1,1,3,13999000,0.0,41997000,29400000,12597000
SO110549,20240318,20,127,2,9,4,129000,0.0,516000,220000,296000
SO106281,20240319,17,287,6,8,4,329000,0.0,1316000,600000,716000
SO111211,20240319,14,105,2,9,2,59000,0.05,112100,24000,88100
SO110615,20240319,20,41,3,1,5,129000,0.0,645000,275000,370000
SO109056,20240319,11,265,14,5,5,199000,0.15,845800,425000,420800
SO104720,20240319,13,114,7,7,1,89000,0.0,89000,25000,64000
SO106662,20240319,17,211,1,3,3,329000,0.05,937600,450000,487600
SO107831,20240319,7,244,7,8,4,499000,0.05,1896200,1120000,776200
SO111992,20240319,13,140,3,11,3,89000,0.1,240300,75000,165300
SO101511,20240319,20,242,13,9,4,129000,0.05,490200,220000,270200
SO101685,20240319,18,190,10,4,2,649000,0.1,1168200,640000,528200
SO110222,20240319,13,89,3,11,5,89000,0.05,422800,125000,297800
SO102237,20240319,2,127,2,10,3,4499000,0.0,13497000,9300000,4197000
SO111933,20240319,3,71,9,7,1,1999000,0.0,1999000,1450000,549000
SO100828,20240320,12,235,15,11,1,299000,0.0,299000,120000,179000
SO101076,20240320,9,42,7,1,2,349000,0.0,698000,380000,318000
SO104670,20240320,10,147,12,7,2,599000,0.05,1138100,620000,518100
SO100604,20240320,6,284,2,2,4,2199000,0.05,8356200,5400000,2956200
SO108105,20240320,14,286,4,6,4,59000,0.05,224200,48000,176200
SO106423,20240320,20,250,7,2,4,129000,0.05,490200,220000,270200
SO101216,20240320,20,146,1,4,1,129000,0.0,129000,55000,74000
SO102112,20240320,17,242,13,3,1,329000,0.0,329000,150000,179000
SO110768,20240320,16,295,8,7,3,1599000,0.0,4797000,2760000,2037000
SO111469,20240320,14,181,1,12,5,59000,0.0,295000,60000,235000
SO104349,20240320,11,149,2,4,1,199000,0.05,189000,85000,104000
SO105136,20240320,14,231,18,6,5,59000,0.05,280200,60000,220200
SO104321,20240321,14,220,6,4,3,59000,0.0,177000,36000,141000
SO106374,20240321,13,256,9,4,2,89000,0.0,178000,50000,128000
SO110177,20240321,9,8,8,11,2,349000,0.0,698000,380000,318000
SO102192,20240321,16,38,2,7,4,1599000,0.0,6396000,3680000,2716000
SO111363,20240321,3,7,8,6,1,1999000,0.0,1999000,1450000,549000
SO110417,20240321,1,275,3,11,2,13999000,0.0,27998000,19600000,8398000
SO105463,20240321,17,254,2,1,5,329000,0.05,1562800,750000,812800
SO100042,20240321,15,286,4,12,3,899000,0.05,2562200,1440000,1122200
SO105587,20240321,9,113,15,4,5,349000,0.0,1745000,950000,795000
SO108781,20240321,16,128,5,2,2,1599000,0.05,3038100,1840000,1198100
SO101699,20240321,7,172,1,6,2,499000,0.0,998000,560000,438000
SO103900,20240321,9,39,6,2,2,349000,0.0,698000,380000,318000
SO110028,20240322,11,126,1,4,2,199000,0.05,378100,170000,208100
SO110091,20240322,20,289,2,10,3,129000,0.0,387000,165000,222000
SO105767,20240322,7,143,9,5,3,499000,0.05,1422200,840000,582200
SO110903,20240322,14,139,2,8,5,59000,0.0,295000,60000,235000
SO109175,20240322,8,45,8,7,1,799000,0.05,759000,420000,339000
SO110159,20240322,19,149,2,9,2,169000,0.0,338000,150000,188000
SO106704,20240322,14,259,7,3,4,59000,0.0,236000,48000,188000
SO102054,20240322,19,143,9,11,4,169000,0.0,676000,300000,376000
SO100988,20240323,1,234,2,8,3,13999000,0.0,41997000,29400000,12597000
SO103895,20240323,15,119,8,10,2,899000,0.0,1798000,960000,838000
SO101677,20240323,6,121,13,9,4,2199000,0.0,8796000,5400000,3396000
SO102933,20240323,19,202,1,12,2,169000,0.05,321100,150000,171100
SO105680,20240323,2,123,17,12,4,4499000,0.0,17996000,12400000,5596000
SO102140,20240323,17,38,2,5,5,329000,0.0,1645000,750000,895000
SO103446,20240323,20,104,12,4,2,129000,0.15,219300,110000,109300
SO111899,20240323,14,144,1,3,5,59000,0.0,295000,60000,235000
SO107245,20240323,10,133,1,3,4,599000,0.05,2276200,1240000,1036200
SO104308,20240323,10,219,7,9,3,599000,0.05,1707200,930000,777200
SO108437,20240323,11,216,2,9,3,199000,0.0,597000,255000,342000
SO101624,20240323,16,88,6,8,5,1599000,0.0,7995000,4600000,3395000
SO109721,20240323,13,7,8,3,5,89000,0.1,400500,125000,275500
SO101122,20240323,13,98,7,11,5,89000,0.0,445000,125000,320000
SO102118,20240323,13,83,8,2,1,89000,0.0,89000,25000,64000
SO103183,20240323,18,212,1,9,2,649000,0.1,1168200,640000,528200
SO108896,20240324,20,9,8,2,4,129000,0.05,490200,220000,270200
SO102257,20240324,12,294,8,10,3,299000,0.05,852200,360000,492200
SO111988,20240324,8,245,3,12,4,799000,0.0,3196000,1680000,1516000
SO106282,20240324,3,80,1,12,4,1999000,0.0,7996000,5800000,2196000
SO107027,20240324,20,184,6,7,5,129000,0.05,612800,275000,337800
SO108313,20240324,17,74,13,1,5,329000,0.0,1645000,750000,895000
SO111292,20240324,11,213,6,6,2,199000,0.1,358200,170000,188200
SO103113,20240325,13,249,1,5,4,89000,0.05,338200,100000,238200
SO104332,20240325,8,94,3,10,5,799000,0.05,3795200,2100000,1695200
SO100146,20240325,11,156,11,9,1,199000,0.0,199000,85000,114000
SO105155,20240325,9,120,12,6,2,349000,0.1,628200,380000,248200
SO103969,20240325,11,105,2,10,1,199000,0.0,199000,85000,114000
SO103397,20240325,10,60,1,10,5,599000,0.05,2845200,1550000,1295200
SO106085,20240325,13,40,5,3,5,89000,0.05,422800,125000,297800
SO105862,20240325,8,129,1,8,4,799000,0.05,3036200,1680000,1356200
SO102903,20240325,12,247,3,12,2,299000,0.1,538200,240000,298200
SO110369,20240326,19,264,7,1,2,169000,0.0,338000,150000,188000
SO106076,20240326,19,101,2,2,3,169000,0.1,456300,225000,231300
SO106171,20240326,3,293,17,11,2,1999000,0.05,3798100,2900000,898100
SO104979,20240326,13,138,8,7,4,89000,0.0,356000,100000,256000
SO104668,20240326,12,291,14,1,4,299000,0.0,1196000,480000,716000
SO108777,20240326,19,140,3,5,1,169000,0.05,160600,75000,85600
SO110958,20240326,5,174,4,7,4,3999000,0.05,15196200,11600000,3596200
SO107968,20240326,2,16,1,8,5,4499000,0.05,21370200,15500000,5870200
SO106339,20240326,14,19,1,9,1,59000,0.0,59000,12000,47000
SO105054,20240326,4,118,2,5,1,8999000,0.0,8999000,6200000,2799000
SO104236,20240326,3,84,12,8,5,1999000,0.0,9995000,7250000,2745000
SO100428,20240326,17,48,4,9,2,329000,0.05,625100,300000,325100
SO107599,20240326,12,1,2,6,1,299000,0.0,299000,120000,179000
SO108383,20240326,17,151,1,4,1,329000,0.0,329000,150000,179000
SO109111,20240326,17,70,8,8,1,329000,0.0,329000,150000,179000
SO101294,20240327,13,36,1,4,2,89000,0.05,169100,50000,119100
SO109250,20240327,19,244,7,8,1,169000,0.05,160600,75000,85600
SO106475,20240327,14,154,2,11,4,59000,0.05,224200,48000,176200
SO100825,20240327,20,257,12,4,5,129000,0.05,612800,275000,337800
SO110840,20240327,17,246,3,11,3,329000,0.0,987000,450000,537000
SO106802,20240327,11,4,3,5,2,199000,0.1,358200,170000,188200
SO107629,20240327,12,85,3,6,5,299000,0.1,1345500,600000,745500
SO103296,20240327,5,95,3,9,2,3999000,0.0,7998000,5800000,2198000
SO100182,20240327,11,5,1,7,3,199000,0.0,597000,255000,342000
SO105267,20240327,12,258,2,10,2,299000,0.0,598000,240000,358000
SO109011,20240327,18,176,1,4,3,649000,0.0,1947000,960000,987000
SO109140,20240327,13,131,6,1,5,89000,0.05,422800,125000,297800
SO105079,20240327,13,34,1,5,1,89000,0.0,89000,25000,64000
SO107983,20240328,16,289,2,10,3,1599000,0.0,4797000,2760000,2037000
SO108138,20240328,12,264,7,9,5,299000,0.0,1495000,600000,895000
SO101646,20240328,20,282,14,10,3,129000,0.0,387000,165000,222000
SO107940,20240328,9,36,1,11,4,349000,0.0,1396000,760000,636000
SO108419,20240328,17,4,3,4,1,329000,0.0,329000,150000,179000
SO102572,20240328,18,257,12,1,3,649000,0.1,1752300,960000,792300
SO104555,20240328,19,32,7,9,3,169000,0.05,481600,225000,256600
SO106858,20240328,5,294,8,12,5,3999000,0.0,19995000,14500000,5495000
SO106787,20240328,6,106,1,6,2,2199000,0.0,4398000,2700000,1698000
SO109831,20240328,14,31,2,6,4,59000,0.05,224200,48000,176200
SO105802,20240328,16,103,8,8,1,1599000,0.0,1599000,920000,679000
SO108754,20240328,7,50,9,9,2,499000,0.0,998000,560000,438000
SO106234,20240329,16,181,1,4,5,1599000,0.15,6795800,4600000,2195800
SO103860,20240329,17,75,12,3,5,329000,0.1,1480500,750000,730500
SO107483,20240329,13,225,7,12,4,89000,0.0,356000,100000,256000
SO108529,20240329,19,117,2,5,4,169000,0.0,676000,300000,376000
SO109638,20240329,10,121,13,7,4,599000,0.0,2396000,1240000,1156000
SO107371,20240329,4,135,1,11,5,8999000,0.0,44995000,31000000,13995000
SO109131,20240329,20,77,1,9,3,129000,0.0,387000,165000,222000
SO110193,20240329,15,57,1,4,5,899000,0.0,4495000,2400000,2095000
SO100144,20240329,20,217,8,2,1,129000,0.0,129000,55000,74000
SO104574,20240329,12,272,6,5,5,299000,0.0,1495000,600000,895000
SO100326,20240329,13,63,1,5,5,89000,0.0,445000,125000,320000
SO100992,20240329,13,296,8,5,5,89000,0.05,422800,125000,297800
SO110640,20240329,5,172,1,1,4,3999000,0.05,15196200,11600000,3596200
SO110680,20240329,9,244,7,10,3,349000,0.0,1047000,570000,477000
SO108562,20240329,13,183,2,5,2,89000,0.0,178000,50000,128000
SO105873,20240329,7,35,6,5,4,499000,0.05,1896200,1120000,776200
SO100444,20240329,8,244,7,3,1,799000,0.0,799000,420000,379000
SO106915,20240329,13,91,14,1,1,89000,0.0,89000,25000,64000
SO106811,20240330,11,225,7,4,3,199000,0.05,567200,255000,312200
SO109040,20240330,17,58,16,5,5,329000,0.0,1645000,750000,895000
SO106420,20240330,20,269,15,6,1,129000,0.1,116100,55000,61100
SO104407,20240330,14,197,3,2,5,59000,0.05,280200,60000,220200
SO111225,20240330,8,27,6,1,3,799000,0.0,2397000,1260000,1137000
SO110895,20240330,14,189,18,4,2,59000,0.0,118000,24000,94000
SO107487,20240330,8,151,1,10,5,799000,0.05,3795200,2100000,1695200
SO106843,20240330,15,57,1,1,3,899000,0.05,2562200,1440000,1122200
SO111776,20240330,20,153,3,6,5,129000,0.0,645000,275000,370000
SO105643,20240330,3,13,1,7,3,1999000,0.0,5997000,4350000,1647000
SO110011,20240330,4,263,2,7,1,8999000,0.05,8549000,6200000,2349000
SO107631,20240331,13,39,6,10,1,89000,0.0,89000,25000,64000
SO109854,20240331,19,91,14,7,1,169000,0.0,169000,75000,94000
SO103838,20240331,18,126,1,6,5,649000,0.0,3245000,1600000,1645000
SO103781,20240331,14,261,2,10,2,59000,0.0,118000,24000,94000
SO110397,20240331,5,155,8,5,1,3999000,0.0,3999000,2900000,1099000
SO108458,20240331,8,122,18,12,5,799000,0.05,3795200,2100000,1695200
SO104260,20240331,14,107,1,5,5,59000,0.0,295000,60000,235000
SO110019,20240331,7,278,3,7,4,499000,0.05,1896200,1120000,776200
SO110446,20240331,19,189,18,12,2,169000,0.0,338000,150000,188000
SO110581,20240401,9,140,3,12,3,349000,0.0,1047000,570000,477000
SO105023,20240401,11,11,12,1,1,199000,0.0,199000,85000,114000
SO108149,20240401,13,144,1,12,4,89000,0.0,356000,100000,256000
SO103995,20240401,6,275,3,4,2,2199000,0.0,4398000,2700000,1698000
SO105860,20240401,15,236,3,2,4,899000,0.0,3596000,1920000,1676000
SO104463,20240401,18,172,1,11,5,649000,0.0,3245000,1600000,1645000
SO106933,20240401,13,128,5,4,2,89000,0.0,178000,50000,128000
SO102079,20240401,3,62,14,7,5,1999000,0.1,8995500,7250000,1745500
SO107145,20240401,14,38,2,6,3,59000,0.05,168200,36000,132200
SO107944,20240401,19,134,2,11,5,169000,0.0,845000,375000,470000
SO103475,20240401,8,25,12,12,2,799000,0.05,1518100,840000,678100
SO103654,20240401,11,256,9,4,2,199000,0.0,398000,170000,228000
SO108013,20240401,14,272,6,2,3,59000,0.0,177000,36000,141000
SO106138,20240401,15,230,8,7,2,899000,0.0,1798000,960000,838000
SO102345,20240401,10,159,4,12,4,599000,0.05,2276200,1240000,1036200
SO101276,20240402,8,79,8,12,4,799000,0.0,3196000,1680000,1516000
SO102518,20240402,20,43,8,4,3,129000,0.0,387000,165000,222000
SO108376,20240402,14,28,2,3,4,59000,0.0,236000,48000,188000
SO109953,20240402,20,147,12,3,3,129000,0.0,387000,165000,222000
SO101830,20240402,13,167,4,2,3,89000,0.0,267000,75000,192000
SO110974,20240402,9,260,1,8,5,349000,0.05,1657800,950000,707800
SO111495,20240402,19,20,1,1,3,169000,0.0,507000,225000,282000
SO107423,20240402,8,75,12,1,4,799000,0.0,3196000,1680000,1516000
SO107895,20240402,18,287,6,12,1,649000,0.0,649000,320000,329000
SO101270,20240403,20,142,8,3,4,129000,0.05,490200,220000,270200
SO104887,20240403,11,80,1,3,1,199000,0.0,199000,85000,114000
SO102754,20240403,18,138,8,9,3,649000,0.0,1947000,960000,987000
SO104726,20240403,14,176,1,9,2,59000,0.0,118000,24000,94000
SO110766,20240403,20,282,14,2,4,129000,0.0,516000,220000,296000
SO104385,20240403,14,119,8,7,5,59000,0.05,280200,60000,220200
SO102236,20240403,9,141,3,4,3,349000,0.05,994600,570000,424600
SO108511,20240403,13,269,15,12,4,89000,0.05,338200,100000,238200
SO102950,20240403,19,143,9,11,1,169000,0.0,169000,75000,94000
SO109402,20240403,14,253,1,5,2,59000,0.05,112100,24000,88100
SO104068,20240403,7,212,1,7,3,499000,0.0,1497000,840000,657000
SO107162,20240403,18,288,2,1,1,649000,0.0,649000,320000,329000
SO103441,20240403,7,69,8,3,5,499000,0.0,2495000,1400000,1095000
SO106481,20240404,11,3,1,7,4,199000,0.0,796000,340000,456000
SO100079,20240404,11,225,7,12,5,199000,0.05,945200,425000,520200
SO107467,20240404,7,253,1,3,2,499000,0.05,948100,560000,388100
SO106569,20240404,11,185,3,2,1,199000,0.05,189000,85000,104000
SO105010,20240404,14,231,18,4,3,59000,0.0,177000,36000,141000
SO105572,20240404,20,168,4,10,4,129000,0.0,516000,220000,296000
SO111928,20240404,19,111,1,2,4,169000,0.0,676000,300000,376000
SO108050,20240404,14,205,7,4,3,59000,0.0,177000,36000,141000
SO110754,20240404,11,214,3,5,1,199000,0.0,199000,85000,114000
SO110354,20240404,3,251,7,6,4,1999000,0.0,7996000,5800000,2196000
SO111217,20240404,20,122,18,3,3,129000,0.0,387000,165000,222000
SO104850,20240405,10,284,2,7,3,599000,0.1,1617300,930000,687300
SO101140,20240405,14,17,4,10,2,59000,0.1,106200,24000,82200
SO101424,20240405,9,268,8,8,3,349000,0.0,1047000,570000,477000
SO104932,20240405,10,286,4,5,5,599000,0.05,2845200,1550000,1295200
SO106591,20240405,13,141,3,7,3,89000,0.05,253600,75000,178600
SO109825,20240405,14,225,7,8,2,59000,0.0,118000,24000,94000
SO107866,20240405,17,237,8,10,1,329000,0.05,312600,150000,162600
SO104166,20240405,17,31,2,8,2,329000,0.05,625100,300000,325100
SO100875,20240405,13,116,1,4,5,89000,0.0,445000,125000,320000
SO101144,20240405,18,69,8,5,4,649000,0.0,2596000,1280000,1316000
SO106192,20240405,3,147,12,11,3,1999000,0.0,5997000,4350000,1647000
SO101376,20240405,12,207,18,3,3,299000,0.0,897000,360000,537000
SO108203,20240405,12,238,3,9,1,299000,0.0,299000,120000,179000
SO107812,20240405,1,162,1,11,2,13999000,0.05,26598100,19600000,6998100
SO109950,20240406,18,54,12,5,2,649000,0.0,1298000,640000,658000
SO111871,20240406,10,291,14,6,4,599000,0.0,2396000,1240000,1156000
SO100455,20240406,20,196,1,11,2,129000,0.05,245100,110000,135100
SO106349,20240406,10,90,6,12,4,599000,0.0,2396000,1240000,1156000
SO102982,20240406,9,216,2,12,1,349000,0.05,331600,190000,141600
SO104440,20240406,14,142,8,5,3,59000,0.05,168200,36000,132200
SO100249,20240406,17,92,3,7,4,329000,0.0,1316000,600000,716000
SO101239,20240406,19,179,2,4,4,169000,0.0,676000,300000,376000
SO105954,20240406,14,48,4,8,3,59000,0.0,177000,36000,141000
SO108894,20240406,15,219,7,3,3,899000,0.1,2427300,1440000,987300
SO109230,20240407,15,166,4,9,4,899000,0.0,3596000,1920000,1676000
SO111717,20240407,2,213,6,1,1,4499000,0.0,4499000,3100000,1399000
SO107210,20240407,20,115,4,7,2,129000,0.05,245100,110000,135100
SO102772,20240407,9,113,15,11,1,349000,0.0,349000,190000,159000
SO105753,20240407,13,212,1,11,5,89000,0.0,445000,125000,320000
SO103868,20240407,12,45,8,2,5,299000,0.0,1495000,600000,895000
SO104581,20240407,13,295,8,8,2,89000,0.1,160200,50000,110200
SO107107,20240407,18,205,7,4,2,649000,0.1,1168200,640000,528200
SO105811,20240407,13,117,2,8,1,89000,0.05,84600,25000,59600
SO100404,20240407,14,134,2,11,4,59000,0.0,236000,48000,188000
SO103312,20240408,8,262,1,10,4,799000,0.1,2876400,1680000,1196400
SO102886,20240408,10,299,1,2,1,599000,0.0,599000,310000,289000
SO108625,20240408,20,7,8,9,4,129000,0.1,464400,220000,244400
SO110122,20240408,7,241,4,9,5,499000,0.0,2495000,1400000,1095000
SO100528,20240408,16,101,2,7,2,1599000,0.05,3038100,1840000,1198100
SO103335,20240408,19,205,7,10,3,169000,0.0,507000,225000,282000
SO106492,20240408,3,98,7,5,5,1999000,0.05,9495200,7250000,2245200
SO107177,20240408,7,114,7,6,1,499000,0.0,499000,280000,219000
SO109356,20240408,7,246,3,8,2,499000,0.05,948100,560000,388100
SO105080,20240408,19,109,3,6,2,169000,0.0,338000,150000,188000
SO101740,20240408,13,2,1,1,4,89000,0.0,356000,100000,256000
SO107857,20240409,19,268,8,11,5,169000,0.0,845000,375000,470000
SO100228,20240409,20,78,1,11,1,129000,0.0,129000,55000,74000
SO106610,20240409,11,276,7,1,4,199000,0.0,796000,340000,456000
SO110309,20240409,12,42,7,2,5,299000,0.0,1495000,600000,895000
SO104583,20240409,13,57,1,12,3,89000,0.0,267000,75000,192000
SO107265,20240409,9,25,12,3,2,349000,0.05,663100,380000,283100
SO107141,20240409,13,70,8,2,2,89000,0.05,169100,50000,119100
SO106541,20240409,15,177,5,9,4,899000,0.05,3416200,1920000,1496200
SO101966,20240410,13,20,1,8,5,89000,0.05,422800,125000,297800
SO107088,20240410,7,123,17,6,2,499000,0.05,948100,560000,388100
SO109508,20240410,9,51,4,5,1,349000,0.1,314100,190000,124100
SO109012,20240410,13,154,2,2,5,89000,0.0,445000,125000,320000
SO106135,20240410,19,36,1,5,3,169000,0.0,507000,225000,282000
SO100921,20240410,18,45,8,7,2,649000,0.0,1298000,640000,658000
SO108868,20240410,14,181,1,3,5,59000,0.1,265500,60000,205500
SO108146,20240410,14,242,13,3,5,59000,0.0,295000,60000,235000
SO105400,20240410,20,275,3,2,5,129000,0.0,645000,275000,370000
SO111732,20240410,11,160,2,10,5,199000,0.0,995000,425000,570000
SO103605,20240410,14,124,15,3,4,59000,0.0,236000,48000,188000
SO101380,20240410,3,233,7,12,5,1999000,0.05,9495200,7250000,2245200
SO108672,20240410,20,10,2,5,5,129000,0.0,645000,275000,370000
SO106590,20240410,7,255,1,2,5,499000,0.0,2495000,1400000,1095000
SO108900,20240410,13,172,1,8,2,89000,0.1,160200,50000,110200
SO106102,20240411,17,85,3,7,4,329000,0.0,1316000,600000,716000
SO104997,20240411,7,133,1,11,5,499000,0.0,2495000,1400000,1095000
SO104118,20240411,11,231,18,7,4,199000,0.0,796000,340000,456000
SO109064,20240411,7,20,1,10,4,499000,0.05,1896200,1120000,776200
SO102806,20240411,18,113,15,8,5,649000,0.0,3245000,1600000,1645000
SO105692,20240411,13,8,8,11,5,89000,0.05,422800,125000,297800
SO100241,20240411,3,71,9,11,1,1999000,0.0,1999000,1450000,549000
SO111299,20240411,1,276,7,2,5,13999000,0.0,69995000,49000000,20995000
SO109995,20240411,12,251,7,4,2,299000,0.0,598000,240000,358000
SO101447,20240412,14,125,1,1,3,59000,0.0,177000,36000,141000
SO108689,20240412,13,186,3,12,4,89000,0.0,356000,100000,256000
SO111297,20240412,14,88,6,2,1,59000,0.0,59000,12000,47000
SO104545,20240412,19,157,12,7,3,169000,0.0,507000,225000,282000
SO109160,20240412,3,27,6,2,5,1999000,0.0,9995000,7250000,2745000
SO107863,20240412,11,108,4,2,2,199000,0.0,398000,170000,228000
SO103309,20240412,12,178,1,6,5,299000,0.05,1420200,600000,820200
SO111434,20240412,13,270,6,10,4,89000,0.0,356000,100000,256000
SO110633,20240413,9,227,1,5,4,349000,0.05,1326200,760000,566200
SO107022,20240413,19,209,1,1,2,169000,0.0,338000,150000,188000
SO111207,20240413,11,183,2,4,3,199000,0.0,597000,255000,342000
SO110672,20240413,8,74,13,12,1,799000,0.0,799000,420000,379000
SO101233,20240413,14,194,14,2,1,59000,0.0,59000,12000,47000
SO105966,20240413,12,268,8,10,1,299000,0.05,284000,120000,164000
SO101751,20240413,7,160,2,3,1,499000,0.0,499000,280000,219000
SO105557,20240413,14,92,3,5,3,59000,0.0,177000,36000,141000
SO110777,20240413,19,113,15,3,5,169000,0.0,845000,375000,470000
SO104742,20240413,5,260,1,9,4,3999000,0.1,14396400,11600000,2796400
SO108633,20240413,19,191,8,1,2,169000,0.0,338000,150000,188000
SO101439,20240413,20,231,18,3,1,129000,0.05,122600,55000,67600
SO111453,20240413,5,29,1,2,2,3999000,0.0,7998000,5800000,2198000
SO100263,20240413,2,9,8,11,5,4499000,0.05,21370200,15500000,5870200
SO104897,20240413,6,135,1,7,5,2199000,0.0,10995000,6750000,4245000
SO109840,20240413,15,191,8,4,1,899000,0.1,809100,480000,329100
SO102041,20240413,12,223,3,10,3,299000,0.0,897000,360000,537000
SO110119,20240413,19,20,1,12,4,169000,0.1,608400,300000,308400
SO109517,20240414,16,258,2,9,2,1599000,0.05,3038100,1840000,1198100
SO101931,20240414,14,102,1,3,3,59000,0.1,159300,36000,123300
SO109790,20240414,18,219,7,5,4,649000,0.1,2336400,1280000,1056400
SO109932,20240414,20,289,2,1,2,129000,0.0,258000,110000,148000
SO100515,20240414,15,298,3,5,3,899000,0.1,2427300,1440000,987300
SO100361,20240414,13,277,1,10,4,89000,0.0,356000,100000,256000
SO106487,20240414,14,227,1,5,2,59000,0.1,106200,24000,82200
SO100883,20240414,10,260,1,2,2,599000,0.0,1198000,620000,578000
SO100929,20240414,17,92,3,8,2,329000,0.05,625100,300000,325100
SO106669,20240414,11,204,3,4,1,199000,0.1,179100,85000,94100
SO104889,20240414,10,186,3,2,5,599000,0.05,2845200,1550000,1295200
SO106283,20240415,19,182,14,2,2,169000,0.15,287300,150000,137300
SO109641,20240415,10,166,4,1,5,599000,0.0,2995000,1550000,1445000
SO101806,20240415,11,194,14,4,1,199000,0.0,199000,85000,114000
SO107634,20240415,19,254,2,3,1,169000,0.0,169000,75000,94000
SO102940,20240415,13,17,4,12,3,89000,0.0,267000,75000,192000
SO105237,20240415,13,282,14,12,2,89000,0.05,169100,50000,119100
SO108750,20240415,9,251,7,10,3,349000,0.0,1047000,570000,477000
SO108234,20240415,20,51,4,6,1,129000,0.0,129000,55000,74000
SO105223,20240415,14,243,3,6,5,59000,0.0,295000,60000,235000
SO101026,20240415,14,233,7,1,3,59000,0.0,177000,36000,141000
SO101154,20240415,16,167,4,9,2,1599000,0.0,3198000,1840000,1358000
SO105151,20240415,11,213,6,12,3,199000,0.05,567200,255000,312200
SO106686,20240415,6,43,8,11,1,2199000,0.05,2089000,1350000,739000
SO104185,20240415,1,60,1,7,5,13999000,0.0,69995000,49000000,20995000
SO105623,20240415,18,89,3,8,4,649000,0.0,2596000,1280000,1316000
SO103327,20240415,7,277,1,5,2,499000,0.1,898200,560000,338200
SO100197,20240415,10,101,2,8,1,599000,0.1,539100,310000,229100
SO101752,20240416,14,227,1,10,1,59000,0.0,59000,12000,47000
SO101942,20240416,12,92,3,11,3,299000,0.05,852200,360000,492200
SO107830,20240416,13,5,1,6,3,89000,0.0,267000,75000,192000
SO107547,20240416,5,116,1,9,5,3999000,0.05,18995200,14500000,4495200
SO105705,20240416,11,122,18,1,4,199000,0.05,756200,340000,416200
SO102570,20240416,10,230,8,5,4,599000,0.0,2396000,1240000,1156000
SO106700,20240416,14,205,7,8,2,59000,0.05,112100,24000,88100
SO111897,20240416,2,7,8,9,3,4499000,0.0,13497000,9300000,4197000
SO111081,20240417,14,75,12,11,3,59000,0.0,177000,36000,141000
SO108113,20240417,9,157,12,4,1,349000,0.0,349000,190000,159000
SO105457,20240417,19,85,3,9,4,169000,0.0,676000,300000,376000
SO103348,20240417,13,243,3,10,1,89000,0.0,89000,25000,64000
SO100173,20240417,14,251,7,9,2,59000,0.05,112100,24000,88100
SO105682,20240417,14,107,1,4,5,59000,0.0,295000,60000,235000
SO110498,20240417,14,200,8,6,2,59000,0.0,118000,24000,94000
SO104641,20240417,14,42,7,4,5,59000,0.0,295000,60000,235000
SO102591,20240417,20,158,3,5,1,129000,0.05,122600,55000,67600
SO102425,20240417,7,110,2,9,2,499000,0.1,898200,560000,338200
SO109343,20240417,19,91,14,6,2,169000,0.0,338000,150000,188000
SO101593,20240417,6,219,7,3,4,2199000,0.1,7916400,5400000,2516400
SO107066,20240417,13,89,3,11,1,89000,0.0,89000,25000,64000
SO108011,20240418,11,175,15,11,3,199000,0.0,597000,255000,342000
SO111018,20240418,6,50,9,1,1,2199000,0.05,2089000,1350000,739000
SO105114,20240418,9,95,3,10,2,349000,0.05,663100,380000,283100
SO104176,20240418,7,7,8,5,5,499000,0.0,2495000,1400000,1095000
SO111287,20240418,9,28,2,1,1,349000,0.0,349000,190000,159000
SO104653,20240418,11,90,6,5,2,199000,0.0,398000,170000,228000
SO111660,20240418,11,289,2,7,4,199000,0.0,796000,340000,456000
SO105948,20240418,14,83,8,6,3,59000,0.0,177000,36000,141000
SO105918,20240418,14,213,6,4,5,59000,0.0,295000,60000,235000
SO108713,20240418,4,135,1,4,5,8999000,0.05,42745200,31000000,11745200
SO111606,20240418,19,65,8,1,3,169000,0.0,507000,225000,282000
SO108597,20240419,17,286,4,11,1,329000,0.0,329000,150000,179000
SO101387,20240419,15,234,2,5,1,899000,0.1,809100,480000,329100
SO110949,20240419,5,38,2,10,5,3999000,0.05,18995200,14500000,4495200
SO100613,20240419,14,185,3,11,3,59000,0.0,177000,36000,141000
SO109852,20240419,18,54,12,9,2,649000,0.0,1298000,640000,658000
SO105846,20240419,12,41,3,1,2,299000,0.0,598000,240000,358000
SO110485,20240419,13,271,2,4,2,89000,0.0,178000,50000,128000
SO111955,20240419,1,92,3,12,5,13999000,0.0,69995000,49000000,20995000
SO106430,20240419,14,207,18,6,5,59000,0.0,295000,60000,235000
SO103045,20240419,20,119,8,6,3,129000,0.05,367600,165000,202600
SO105013,20240419,20,216,2,10,2,129000,0.0,258000,110000,148000
SO106796,20240419,16,75,12,11,1,1599000,0.0,1599000,920000,679000
SO109031,20240419,18,146,1,10,3,649000,0.05,1849600,960000,889600
SO110800,20240419,11,79,8,6,3,199000,0.05,567200,255000,312200
SO111095,20240419,19,275,3,6,3,169000,0.05,481600,225000,256600
SO106018,20240419,15,80,1,9,1,899000,0.0,899000,480000,419000
SO105957,20240419,14,194,14,5,1,59000,0.1,53100,12000,41100
SO104304,20240420,13,256,9,1,4,89000,0.0,356000,100000,256000
SO105683,20240420,20,111,1,12,1,129000,0.0,129000,55000,74000
SO106443,20240420,16,103,8,6,1,1599000,0.0,1599000,920000,679000
SO101802,20240420,19,160,2,7,2,169000,0.0,338000,150000,188000
SO111042,20240420,17,221,3,4,2,329000,0.05,625100,300000,325100
SO106257,20240420,2,276,7,9,1,4499000,0.0,4499000,3100000,1399000
SO107722,20240420,13,202,1,6,3,89000,0.1,240300,75000,165300
SO108643,20240420,16,245,3,12,2,1599000,0.0,3198000,1840000,1358000
SO103138,20240420,19,23,1,7,2,169000,0.1,304200,150000,154200
SO109368,20240420,18,108,4,8,2,649000,0.1,1168200,640000,528200
SO110012,20240421,11,215,14,11,4,199000,0.0,796000,340000,456000
SO106549,20240421,11,125,1,3,5,199000,0.0,995000,425000,570000
SO105677,20240421,13,51,4,9,4,89000,0.0,356000,100000,256000
SO103025,20240421,9,70,8,8,5,349000,0.0,1745000,950000,795000
SO104872,20240421,18,147,12,8,5,649000,0.0,3245000,1600000,1645000
SO100115,20240421,12,41,3,1,4,299000,0.0,1196000,480000,716000
SO104083,20240421,11,156,11,5,4,199000,0.1,716400,340000,376400
SO101214,20240421,18,216,2,11,5,649000,0.0,3245000,1600000,1645000
SO101027,20240421,20,140,3,9,1,129000,0.0,129000,55000,74000
SO104322,20240421,14,270,6,12,5,59000,0.05,280200,60000,220200
SO101691,20240421,14,36,1,2,2,59000,0.0,118000,24000,94000
SO104483,20240421,20,18,18,12,5,129000,0.0,645000,275000,370000
SO100325,20240422,13,17,4,5,1,89000,0.1,80100,25000,55100
SO102815,20240422,14,270,6,10,4,59000,0.0,236000,48000,188000
SO108726,20240422,8,76,9,1,1,799000,0.05,759000,420000,339000
SO101146,20240422,11,7,8,10,5,199000,0.0,995000,425000,570000
SO107891,20240422,7,118,2,2,4,499000,0.0,1996000,1120000,876000
SO105541,20240422,20,283,11,9,3,129000,0.0,387000,165000,222000
SO109971,20240422,14,218,3,9,1,59000,0.05,56000,12000,44000
SO107287,20240422,20,10,2,6,4,129000,0.0,516000,220000,296000
SO111902,20240422,20,144,1,6,5,129000,0.0,645000,275000,370000
SO103814,20240423,13,220,6,4,1,89000,0.0,89000,25000,64000
SO107763,20240423,18,71,9,7,5,649000,0.0,3245000,1600000,1645000
SO106212,20240423,6,21,18,11,1,2199000,0.05,2089000,1350000,739000
SO106928,20240423,11,8,8,5,1,199000,0.05,189000,85000,104000
SO106376,20240423,9,226,11,7,5,349000,0.05,1657800,950000,707800
SO102477,20240423,11,232,5,8,4,199000,0.05,756200,340000,416200
SO105018,20240423,10,222,15,1,1,599000,0.0,599000,310000,289000
SO110998,20240423,19,64,3,8,2,169000,0.0,338000,150000,188000
SO107999,20240423,13,118,2,9,3,89000,0.0,267000,75000,192000
SO104293,20240423,11,90,6,7,4,199000,0.0,796000,340000,456000
SO103780,20240423,11,107,1,5,2,199000,0.0,398000,170000,228000
SO101150,20240424,1,155,8,5,4,13999000,0.0,55996000,39200000,16796000
SO111920,20240424,9,202,1,9,1,349000,0.05,331600,190000,141600
SO105337,20240424,14,81,17,2,4,59000,0.1,212400,48000,164400
SO108959,20240424,18,289,2,3,2,649000,0.1,1168200,640000,528200
SO109232,20240424,15,120,12,7,1,899000,0.1,809100,480000,329100
SO102097,20240424,17,34,1,11,5,329000,0.0,1645000,750000,895000
SO110565,20240424,13,67,3,5,1,89000,0.0,89000,25000,64000
SO110960,20240424,13,232,5,9,4,89000,0.05,338200,100000,238200
SO111046,20240424,12,240,8,6,2,299000,0.0,598000,240000,358000
SO101604,20240424,14,233,7,1,5,59000,0.0,295000,60000,235000
SO104947,20240424,7,83,8,9,4,499000,0.05,1896200,1120000,776200
SO111852,20240425,10,269,15,10,4,599000,0.05,2276200,1240000,1036200
SO109712,20240425,19,85,3,11,5,169000,0.0,845000,375000,470000
SO106236,20240425,17,186,3,7,2,329000,0.0,658000,300000,358000
SO109149,20240425,11,261,2,7,4,199000,0.0,796000,340000,456000
SO107368,20240425,16,191,8,7,3,1599000,0.15,4077400,2760000,1317400
SO105627,20240425,16,157,12,6,2,1599000,0.0,3198000,1840000,1358000
SO102549,20240425,17,212,1,4,4,329000,0.0,1316000,600000,716000
SO105184,20240425,20,232,5,5,3,129000,0.0,387000,165000,222000
SO109836,20240425,13,8,8,1,3,89000,0.1,240300,75000,165300
SO103822,20240425,8,168,4,2,1,799000,0.0,799000,420000,379000
SO100201,20240425,14,59,1,5,5,59000,0.0,295000,60000,235000
SO111894,20240426,12,251,7,12,2,299000,0.0,598000,240000,358000
SO109639,20240426,1,65,8,10,3,13999000,0.05,39897200,29400000,10497200
SO108749,20240426,7,38,2,1,2,499000,0.1,898200,560000,338200
SO102717,20240426,17,251,7,6,2,329000,0.1,592200,300000,292200
SO111451,20240426,20,220,6,4,1,129000,0.0,129000,55000,74000
SO111996,20240426,17,63,1,12,1,329000,0.0,329000,150000,179000
SO108131,20240426,11,154,2,1,5,199000,0.0,995000,425000,570000
SO103042,20240426,14,18,18,6,4,59000,0.05,224200,48000,176200
SO107736,20240426,6,121,13,7,5,2199000,0.0,10995000,6750000,4245000
SO110997,20240426,20,149,2,2,2,129000,0.0,258000,110000,148000
SO106298,20240426,13,241,4,4,2,89000,0.05,169100,50000,119100
SO107873,20240426,12,183,2,11,2,299000,0.0,598000,240000,358000
SO101999,20240426,14,84,12,2,5,59000,0.0,295000,60000,235000
SO100976,20240426,13,176,1,4,3,89000,0.0,267000,75000,192000
SO102488,20240426,7,22,6,1,3,499000,0.0,1497000,840000,657000
SO111087,20240426,7,15,7,10,1,499000,0.0,499000,280000,219000
SO110602,20240426,11,129,1,3,5,199000,0.0,995000,425000,570000
SO100009,20240426,11,35,6,4,4,199000,0.0,796000,340000,456000
SO110916,20240427,14,54,12,4,1,59000,0.05,56000,12000,44000
SO111022,20240427,9,173,15,2,3,349000,0.0,1047000,570000,477000
SO107150,20240427,5,244,7,11,1,3999000,0.1,3599100,2900000,699100
SO107062,20240427,12,101,2,6,1,299000,0.0,299000,120000,179000
SO104542,20240427,17,222,15,5,3,329000,0.05,937600,450000,487600
SO109762,20240427,20,287,6,10,1,129000,0.1,116100,55000,61100
SO100982,20240427,13,141,3,3,3,89000,0.0,267000,75000,192000
SO109246,20240427,10,23,1,5,3,599000,0.1,1617300,930000,687300
SO106434,20240427,14,137,6,8,2,59000,0.0,118000,24000,94000
SO107752,20240427,12,210,3,6,4,299000,0.05,1136200,480000,656200
SO102755,20240427,13,151,1,11,2,89000,0.05,169100,50000,119100
SO105899,20240427,13,12,6,8,2,89000,0.0,178000,50000,128000
SO111399,20240427,9,286,4,12,1,349000,0.0,349000,190000,159000
SO100327,20240427,11,34,1,5,3,199000,0.0,597000,255000,342000
SO100188,20240427,19,98,7,12,2,169000,0.0,338000,150000,188000
SO105074,20240428,20,282,14,1,3,129000,0.0,387000,165000,222000
SO100212,20240428,14,30,6,8,5,59000,0.0,295000,60000,235000
SO105671,20240428,19,52,3,1,2,169000,0.05,321100,150000,171100
SO108197,20240428,15,149,2,2,1,899000,0.0,899000,480000,419000
SO108160,20240428,8,133,1,3,2,799000,0.0,1598000,840000,758000
SO110981,20240428,13,66,12,7,3,89000,0.0,267000,75000,192000
SO102251,20240428,10,58,16,12,3,599000,0.05,1707200,930000,777200
SO106178,20240428,2,79,8,9,5,4499000,0.05,21370200,15500000,5870200
SO107660,20240428,10,194,14,6,4,599000,0.0,2396000,1240000,1156000
SO101064,20240428,19,202,1,4,1,169000,0.05,160600,75000,85600
SO110995,20240428,13,8,8,9,1,89000,0.05,84600,25000,59600
SO108505,20240428,12,109,3,7,2,299000,0.0,598000,240000,358000
SO100447,20240428,18,271,2,10,1,649000,0.0,649000,320000,329000
SO104948,20240428,6,238,3,8,5,2199000,0.0,10995000,6750000,4245000
SO107539,20240428,7,113,15,10,5,499000,0.05,2370200,1400000,970200
SO111501,20240428,12,226,11,12,4,299000,0.15,1016600,480000,536600
SO110828,20240428,17,79,8,2,3,329000,0.0,987000,450000,537000
SO102972,20240428,3,236,3,3,2,1999000,0.0,3998000,2900000,1098000
SO107081,20240428,17,39,6,12,4,329000,0.0,1316000,600000,716000
SO107071,20240428,12,205,7,10,5,299000,0.1,1345500,600000,745500
SO102937,20240428,19,27,6,8,1,169000,0.0,169000,75000,94000
SO107919,20240428,19,47,3,4,1,169000,0.1,152100,75000,77100
SO102400,20240428,11,249,1,4,5,199000,0.0,995000,425000,570000
SO106224,20240428,14,58,16,6,2,59000,0.05,112100,24000,88100
SO101630,20240429,20,297,4,6,4,129000,0.15,438600,220000,218600
SO104839,20240429,14,180,1,7,4,59000,0.0,236000,48000,188000
SO107796,20240429,13,26,5,3,4,89000,0.0,356000,100000,256000
SO101600,20240429,13,162,1,8,1,89000,0.05,84600,25000,59600
SO100093,20240429,20,183,2,7,4,129000,0.0,516000,220000,296000
SO106952,20240429,11,32,7,1,1,199000,0.05,189000,85000,104000
SO101922,20240429,19,104,12,12,2,169000,0.15,287300,150000,137300
SO103790,20240429,6,70,8,9,2,2199000,0.05,4178100,2700000,1478100
SO106627,20240429,14,156,11,8,1,59000,0.0,59000,12000,47000
SO107203,20240429,16,39,6,1,4,1599000,0.0,6396000,3680000,2716000
SO107951,20240429,9,18,18,5,4,349000,0.0,1396000,760000,636000
SO110509,20240429,11,197,3,8,1,199000,0.0,199000,85000,114000
SO107184,20240429,15,177,5,10,1,899000,0.0,899000,480000,419000
SO110401,20240429,15,243,3,3,5,899000,0.05,4270200,2400000,1870200
SO105622,20240429,20,212,1,12,1,129000,0.0,129000,55000,74000
SO103746,20240430,18,195,3,8,2,649000,0.05,1233100,640000,593100
SO100072,20240430,20,191,8,6,2,129000,0.05,245100,110000,135100
SO100927,20240430,12,73,1,10,5,299000,0.0,1495000,600000,895000
SO106211,20240430,15,10,2,10,3,899000,0.0,2697000,1440000,1257000
SO109449,20240430,3,246,3,8,2,1999000,0.1,3598200,2900000,698200
SO107416,20240430,19,231,18,2,3,169000,0.0,507000,225000,282000
SO105678,20240430,8,258,2,12,5,799000,0.0,3995000,2100000,1895000
SO111886,20240430,20,163,14,10,1,129000,0.0,129000,55000,74000
SO105501,20240430,12,276,7,2,1,299000,0.0,299000,120000,179000
SO109458,20240430,14,165,9,5,5,59000,0.0,295000,60000,235000
SO101564,20240430,18,241,4,10,3,649000,0.0,1947000,960000,987000
SO107152,20240430,13,184,6,1,5,89000,0.0,445000,125000,320000
SO106823,20240430,19,28,2,3,4,169000,0.0,676000,300000,376000
SO101558,20240430,20,188,1,6,2,129000,0.0,258000,110000,148000
SO102960,20240501,17,161,2,8,3,329000,0.0,987000,450000,537000
SO100591,20240501,11,145,14,7,4,199000,0.05,756200,340000,416200
SO111873,20240501,11,214,3,7,5,199000,0.0,995000,425000,570000
SO100526,20240501,3,201,9,1,3,1999000,0.0,5997000,4350000,1647000
SO105329,20240501,20,269,15,5,3,129000,0.05,367600,165000,202600
SO102861,20240502,7,205,7,1,2,499000,0.05,948100,560000,388100
SO109360,20240502,2,15,7,4,2,4499000,0.0,8998000,6200000,2798000
SO105865,20240502,9,132,5,4,1,349000,0.0,349000,190000,159000
SO102816,20240502,20,208,2,7,5,129000,0.0,645000,275000,370000
SO111305,20240502,16,61,11,7,5,1599000,0.05,7595200,4600000,2995200
SO100631,20240502,19,229,12,2,4,169000,0.05,642200,300000,342200
SO104217,20240502,19,48,4,5,1,169000,0.05,160600,75000,85600
SO108968,20240502,19,44,5,10,3,169000,0.0,507000,225000,282000
SO104701,20240502,17,34,1,2,4,329000,0.0,1316000,600000,716000
SO101467,20240502,13,213,6,11,5,89000,0.0,445000,125000,320000
SO103065,20240502,7,56,7,10,1,499000,0.1,449100,280000,169100
SO108908,20240502,15,37,12,12,1,899000,0.0,899000,480000,419000
SO105108,20240502,19,172,1,3,1,169000,0.0,169000,75000,94000
SO108561,20240502,19,278,3,2,1,169000,0.1,152100,75000,77100
SO106637,20240503,14,208,2,3,2,59000,0.0,118000,24000,94000
SO101563,20240503,13,237,8,8,2,89000,0.0,178000,50000,128000
SO111777,20240503,19,156,11,5,4,169000,0.05,642200,300000,342200
SO108392,20240503,8,52,3,2,1,799000,0.05,759000,420000,339000
SO107020,20240503,12,90,6,7,3,299000,0.0,897000,360000,537000
SO103221,20240503,11,293,17,11,3,199000,0.1,537300,255000,282300
SO111226,20240503,11,77,1,7,5,199000,0.0,995000,425000,570000
SO109299,20240503,18,39,6,9,2,649000,0.0,1298000,640000,658000
SO100174,20240504,19,138,8,4,1,169000,0.0,169000,75000,94000
SO110087,20240504,11,285,5,11,5,199000,0.0,995000,425000,570000
SO100301,20240504,9,20,1,8,2,349000,0.0,698000,380000,318000
SO103945,20240504,3,101,2,1,1,1999000,0.1,1799100,1450000,349100
SO105784,20240504,12,46,17,11,4,299000,0.0,1196000,480000,716000
SO107108,20240504,20,203,14,10,1,129000,0.1,116100,55000,61100
SO109376,20240504,16,153,3,11,1,1599000,0.0,1599000,920000,679000
SO103673,20240504,20,26,5,9,1,129000,0.0,129000,55000,74000
SO103501,20240504,16,94,3,2,4,1599000,0.0,6396000,3680000,2716000
SO108067,20240504,13,161,2,10,4,89000,0.0,356000,100000,256000
SO103407,20240504,18,97,1,6,3,649000,0.0,1947000,960000,987000
SO110787,20240504,13,216,2,3,1,89000,0.0,89000,25000,64000
SO100088,20240505,9,183,2,12,1,349000,0.05,331600,190000,141600
SO101574,20240505,14,15,7,12,1,59000,0.0,59000,12000,47000
SO107666,20240505,7,182,14,2,5,499000,0.1,2245500,1400000,845500
SO111620,20240505,14,187,5,5,5,59000,0.05,280200,60000,220200
SO107934,20240505,5,106,1,4,4,3999000,0.0,15996000,11600000,4396000
SO106882,20240505,8,109,3,6,3,799000,0.0,2397000,1260000,1137000
SO106625,20240506,12,212,1,4,2,299000,0.0,598000,240000,358000
SO100560,20240506,14,100,15,2,1,59000,0.05,56000,12000,44000
SO107086,20240506,7,34,1,10,3,499000,0.0,1497000,840000,657000
SO110372,20240506,10,236,3,6,4,599000,0.05,2276200,1240000,1036200
SO106022,20240506,11,260,1,5,1,199000,0.0,199000,85000,114000
SO111911,20240507,14,82,3,11,1,59000,0.0,59000,12000,47000
SO107723,20240507,7,159,4,5,2,499000,0.0,998000,560000,438000
SO107475,20240507,18,91,14,7,4,649000,0.0,2596000,1280000,1316000
SO103598,20240507,8,117,2,7,5,799000,0.1,3595500,2100000,1495500
SO103596,20240507,19,99,3,11,3,169000,0.0,507000,225000,282000
SO102799,20240507,8,298,3,2,4,799000,0.05,3036200,1680000,1356200
SO104409,20240507,10,178,1,9,4,599000,0.05,2276200,1240000,1036200
SO108720,20240507,9,251,7,7,1,349000,0.0,349000,190000,159000
SO109875,20240507,7,300,7,8,3,499000,0.05,1422200,840000,582200
SO108248,20240507,14,156,11,11,3,59000,0.0,177000,36000,141000
SO105736,20240508,9,148,1,2,5,349000,0.0,1745000,950000,795000
SO109475,20240508,11,122,18,5,4,199000,0.0,796000,340000,456000
SO111422,20240508,7,15,7,10,3,499000,0.05,1422200,840000,582200
SO107240,20240508,14,131,6,1,1,59000,0.0,59000,12000,47000
SO108084,20240508,17,194,14,10,3,329000,0.0,987000,450000,537000
SO107188,20240509,19,202,1,11,1,169000,0.0,169000,75000,94000
SO108318,20240509,14,15,7,10,5,59000,0.05,280200,60000,220200
SO107647,20240509,20,113,15,9,3,129000,0.0,387000,165000,222000
SO111359,20240509,14,242,13,12,1,59000,0.1,53100,12000,41100
SO100163,20240509,8,127,2,2,2,799000,0.1,1438200,840000,598200
SO102484,20240509,15,154,2,12,1,899000,0.05,854000,480000,374000
SO101779,20240509,13,273,2,4,3,89000,0.0,267000,75000,192000
SO104965,20240509,12,298,3,8,3,299000,0.05,852200,360000,492200
SO100484,20240509,14,52,3,10,3,59000,0.05,168200,36000,132200
SO105372,20240509,13,279,12,5,5,89000,0.0,445000,125000,320000
SO106575,20240509,9,177,5,11,2,349000,0.05,663100,380000,283100
SO111960,20240509,3,107,1,10,5,1999000,0.0,9995000,7250000,2745000
SO109141,20240509,7,203,14,7,5,499000,0.05,2370200,1400000,970200
SO101393,20240510,16,273,2,9,3,1599000,0.0,4797000,2760000,2037000
SO103727,20240510,14,105,2,2,3,59000,0.05,168200,36000,132200
SO108576,20240510,11,98,7,10,4,199000,0.0,796000,340000,456000
SO101491,20240510,13,93,1,9,1,89000,0.0,89000,25000,64000
SO111477,20240510,6,167,4,3,1,2199000,0.1,1979100,1350000,629100
SO100557,20240510,9,103,8,12,2,349000,0.0,698000,380000,318000
SO106107,20240510,18,125,1,4,4,649000,0.05,2466200,1280000,1186200
SO106087,20240511,15,95,3,3,2,899000,0.0,1798000,960000,838000
SO109804,20240511,8,27,6,12,1,799000,0.05,759000,420000,339000
SO103197,20240511,13,33,10,10,2,89000,0.0,178000,50000,128000
SO100495,20240511,7,18,18,2,4,499000,0.1,1796400,1120000,676400
SO102325,20240511,2,143,9,7,3,4499000,0.05,12822200,9300000,3522200
SO106214,20240511,17,259,7,4,4,329000,0.0,1316000,600000,716000
SO103911,20240511,11,246,3,1,4,199000,0.05,756200,340000,416200
SO104963,20240511,1,219,7,2,3,13999000,0.1,37797300,29400000,8397300
SO105230,20240511,10,2,1,7,5,599000,0.0,2995000,1550000,1445000
SO107770,20240512,10,69,8,1,5,599000,0.0,2995000,1550000,1445000
SO101224,20240512,19,131,6,2,3,169000,0.0,507000,225000,282000
SO110212,20240512,7,59,1,7,5,499000,0.0,2495000,1400000,1095000
SO106516,20240512,11,63,1,11,4,199000,0.0,796000,340000,456000
SO100538,20240512,1,138,8,7,1,13999000,0.0,13999000,9800000,4199000
SO108701,20240512,11,159,4,5,4,199000,0.0,796000,340000,456000
SO109919,20240512,14,194,14,3,3,59000,0.1,159300,36000,123300
SO103069,20240513,18,267,5,4,3,649000,0.0,1947000,960000,987000
SO107394,20240513,12,21,18,8,3,299000,0.0,897000,360000,537000
SO108613,20240513,18,299,1,12,5,649000,0.0,3245000,1600000,1645000
SO106500,20240513,14,172,1,8,5,59000,0.0,295000,60000,235000
SO108190,20240513,10,241,4,2,1,599000,0.0,599000,310000,289000
SO108580,20240513,6,210,3,7,3,2199000,0.0,6597000,4050000,2547000
SO101349,20240513,15,65,8,8,4,899000,0.05,3416200,1920000,1496200
SO110582,20240513,20,286,4,2,1,129000,0.0,129000,55000,74000
SO109871,20240513,13,148,1,12,2,89000,0.0,178000,50000,128000
SO103178,20240514,8,203,14,11,4,799000,0.0,3196000,1680000,1516000
SO100274,20240514,3,190,10,10,5,1999000,0.0,9995000,7250000,2745000
SO111661,20240514,15,142,8,6,1,899000,0.05,854000,480000,374000
SO110899,20240514,17,193,1,6,5,329000,0.0,1645000,750000,895000
SO108192,20240514,19,52,3,3,4,169000,0.0,676000,300000,376000
SO110810,20240514,12,122,18,7,2,299000,0.0,598000,240000,358000
SO104116,20240514,9,247,3,10,2,349000,0.05,663100,380000,283100
SO107275,20240514,13,78,1,6,5,89000,0.0,445000,125000,320000
SO104135,20240514,17,29,1,3,4,329000,0.0,1316000,600000,716000
SO110544,20240514,20,240,8,1,3,129000,0.05,367600,165000,202600
SO110422,20240514,14,32,7,3,1,59000,0.15,50200,12000,38200
SO104134,20240515,19,208,2,6,4,169000,0.05,642200,300000,342200
SO107815,20240515,18,266,1,11,2,649000,0.05,1233100,640000,593100
SO108581,20240515,13,157,12,2,3,89000,0.0,267000,75000,192000
SO104220,20240516,12,283,11,11,1,299000,0.1,269100,120000,149100
SO107808,20240516,18,10,2,6,1,649000,0.05,616600,320000,296600
SO102977,20240516,13,173,15,8,3,89000,0.0,267000,75000,192000
SO102228,20240516,10,283,11,2,4,599000,0.0,2396000,1240000,1156000
SO105961,20240516,11,251,7,3,1,199000,0.05,189000,85000,104000
SO107769,20240516,2,151,1,12,5,4499000,0.0,22495000,15500000,6995000
SO111859,20240516,11,113,15,10,4,199000,0.0,796000,340000,456000
SO101499,20240516,10,242,13,10,3,599000,0.1,1617300,930000,687300
SO111650,20240516,13,7,8,8,3,89000,0.05,253600,75000,178600
SO100472,20240517,11,189,18,5,4,199000,0.0,796000,340000,456000
SO108061,20240517,10,263,2,2,2,599000,0.0,1198000,620000,578000
SO109415,20240517,18,85,3,12,4,649000,0.0,2596000,1280000,1316000
SO110180,20240517,19,224,1,12,4,169000,0.05,642200,300000,342200
SO105702,20240517,9,240,8,10,4,349000,0.0,1396000,760000,636000
SO109603,20240517,12,232,5,3,4,299000,0.05,1136200,480000,656200
SO105755,20240518,16,198,9,10,1,1599000,0.05,1519000,920000,599000
SO110092,20240518,12,164,12,6,1,299000,0.05,284000,120000,164000
SO100784,20240518,13,106,1,9,4,89000,0.0,356000,100000,256000
SO106594,20240518,16,245,3,8,3,1599000,0.05,4557200,2760000,1797200
SO103821,20240518,7,201,9,3,3,499000,0.0,1497000,840000,657000
SO107949,20240519,14,266,1,8,3,59000,0.0,177000,36000,141000
SO107701,20240519,11,242,13,2,2,199000,0.0,398000,170000,228000
SO111048,20240519,11,214,3,8,2,199000,0.0,398000,170000,228000
SO103567,20240519,7,79,8,4,5,499000,0.0,2495000,1400000,1095000
SO100183,20240519,1,52,3,9,4,13999000,0.0,55996000,39200000,16796000
SO107280,20240519,14,225,7,9,2,59000,0.0,118000,24000,94000
SO100710,20240519,14,104,12,5,2,59000,0.0,118000,24000,94000
SO103708,20240519,14,34,1,1,2,59000,0.05,112100,24000,88100
SO110703,20240520,2,186,3,11,1,4499000,0.0,4499000,3100000,1399000
SO101968,20240520,19,64,3,10,4,169000,0.0,676000,300000,376000
SO102375,20240520,19,45,8,1,4,169000,0.0,676000,300000,376000
SO111457,20240520,19,105,2,8,4,169000,0.05,642200,300000,342200
SO106943,20240521,7,254,2,3,2,499000,0.0,998000,560000,438000
SO103631,20240521,18,67,3,12,5,649000,0.05,3082800,1600000,1482800
SO101625,20240521,14,232,5,2,5,59000,0.0,295000,60000,235000
SO100531,20240521,13,130,11,9,1,89000,0.05,84600,25000,59600
SO107501,20240521,14,258,2,3,1,59000,0.05,56000,12000,44000
SO107822,20240521,14,92,3,2,1,59000,0.0,59000,12000,47000
SO101768,20240521,13,208,2,9,3,89000,0.05,253600,75000,178600
SO104721,20240521,12,191,8,1,1,299000,0.05,284000,120000,164000
SO105332,20240522,14,201,9,7,1,59000,0.1,53100,12000,41100
SO107530,20240522,17,111,1,6,2,329000,0.05,625100,300000,325100
SO101502,20240522,16,108,4,2,3,1599000,0.05,4557200,2760000,1797200
SO109159,20240522,10,195,3,8,3,599000,0.1,1617300,930000,687300
SO103726,20240522,1,151,1,11,1,13999000,0.0,13999000,9800000,4199000
SO106814,20240522,10,170,3,12,5,599000,0.15,2545800,1550000,995800
SO105518,20240523,2,279,12,9,3,4499000,0.0,13497000,9300000,4197000
SO105016,20240523,9,176,1,8,3,349000,0.0,1047000,570000,477000
SO100537,20240523,9,282,14,4,4,349000,0.05,1326200,760000,566200
SO111108,20240523,13,244,7,5,5,89000,0.05,422800,125000,297800
SO104297,20240523,19,69,8,7,1,169000,0.1,152100,75000,77100
SO103877,20240523,8,213,6,11,4,799000,0.0,3196000,1680000,1516000
SO103408,20240523,11,259,7,6,5,199000,0.05,945200,425000,520200
SO104390,20240523,14,59,1,4,3,59000,0.0,177000,36000,141000
SO111743,20240523,10,112,4,6,1,599000,0.0,599000,310000,289000
SO100750,20240524,19,140,3,12,4,169000,0.1,608400,300000,308400
SO100609,20240524,13,113,15,6,2,89000,0.0,178000,50000,128000
SO106969,20240524,15,58,16,4,5,899000,0.1,4045500,2400000,1645500
SO108819,20240524,14,92,3,5,1,59000,0.1,53100,12000,41100
SO107345,20240524,14,105,2,7,2,59000,0.0,118000,24000,94000
SO103992,20240524,6,197,3,6,4,2199000,0.0,8796000,5400000,3396000
SO102777,20240524,14,222,15,9,4,59000,0.1,212400,48000,164400
SO108955,20240524,10,297,4,1,2,599000,0.05,1138100,620000,518100
SO106695,20240524,6,225,7,9,1,2199000,0.0,2199000,1350000,849000
SO107089,20240525,13,241,4,1,2,89000,0.0,178000,50000,128000
SO110234,20240525,15,256,9,1,4,899000,0.05,3416200,1920000,1496200
SO105660,20240525,10,83,8,5,3,599000,0.0,1797000,930000,867000
SO110646,20240525,13,128,5,2,4,89000,0.0,356000,100000,256000
SO104499,20240525,20,147,12,7,3,129000,0.0,387000,165000,222000
SO106925,20240525,2,147,12,10,4,4499000,0.05,17096200,12400000,4696200
SO101078,20240525,14,121,13,12,4,59000,0.05,224200,48000,176200
SO104667,20240525,11,174,4,4,2,199000,0.05,378100,170000,208100
SO103987,20240525,12,183,2,1,4,299000,0.0,1196000,480000,716000
SO102402,20240526,14,66,12,1,5,59000,0.1,265500,60000,205500
SO104702,20240526,14,164,12,3,2,59000,0.0,118000,24000,94000
SO101060,20240526,17,50,9,1,5,329000,0.05,1562800,750000,812800
SO103423,20240526,8,197,3,9,5,799000,0.0,3995000,2100000,1895000
SO101762,20240526,9,187,5,11,2,349000,0.0,698000,380000,318000
SO107120,20240526,18,76,9,8,3,649000,0.05,1849600,960000,889600
SO111223,20240526,14,93,1,12,3,59000,0.0,177000,36000,141000
SO100844,20240526,16,142,8,1,3,1599000,0.05,4557200,2760000,1797200
SO107653,20240526,20,112,4,9,3,129000,0.0,387000,165000,222000
SO106849,20240526,4,11,12,2,4,8999000,0.0,35996000,24800000,11196000
SO102734,20240526,20,123,17,2,1,129000,0.0,129000,55000,74000
SO103729,20240526,2,110,2,5,4,4499000,0.1,16196400,12400000,3796400
SO100916,20240526,18,69,8,1,1,649000,0.0,649000,320000,329000
SO111341,20240526,5,32,7,5,3,3999000,0.1,10797300,8700000,2097300
SO103363,20240527,19,36,1,12,5,169000,0.0,845000,375000,470000
SO104065,20240527,4,252,7,4,5,8999000,0.0,44995000,31000000,13995000
SO104607,20240527,12,21,18,8,5,299000,0.05,1420200,600000,820200
SO107197,20240527,10,113,15,9,2,599000,0.0,1198000,620000,578000
SO103658,20240527,10,247,3,11,4,599000,0.0,2396000,1240000,1156000
SO101766,20240527,8,127,2,7,3,799000,0.0,2397000,1260000,1137000
SO110235,20240527,13,197,3,2,2,89000,0.1,160200,50000,110200
SO109962,20240527,12,129,1,8,4,299000,0.0,1196000,480000,716000
SO103051,20240528,7,247,3,3,3,499000,0.0,1497000,840000,657000
SO106515,20240528,11,106,1,4,2,199000,0.05,378100,170000,208100
SO102700,20240528,1,167,4,12,3,13999000,0.0,41997000,29400000,12597000
SO107425,20240528,9,54,12,1,1,349000,0.0,349000,190000,159000
SO107466,20240528,19,81,17,5,2,169000,0.05,321100,150000,171100
SO102535,20240528,19,105,2,3,4,169000,0.0,676000,300000,376000
SO111546,20240528,11,152,3,9,1,199000,0.0,199000,85000,114000
SO109483,20240528,19,47,3,1,1,169000,0.0,169000,75000,94000
SO105097,20240528,12,185,3,6,4,299000,0.05,1136200,480000,656200
SO102107,20240529,15,69,8,7,2,899000,0.0,1798000,960000,838000
SO111004,20240529,14,69,8,6,5,59000,0.0,295000,60000,235000
SO103984,20240529,13,96,1,2,3,89000,0.05,253600,75000,178600
SO103556,20240529,6,185,3,8,5,2199000,0.1,9895500,6750000,3145500
SO108109,20240529,15,33,10,11,1,899000,0.05,854000,480000,374000
SO103989,20240529,11,292,11,6,1,199000,0.05,189000,85000,104000
SO101124,20240529,19,268,8,11,4,169000,0.0,676000,300000,376000
SO107374,20240529,11,182,14,1,5,199000,0.1,895500,425000,470500
SO100046,20240529,12,183,2,7,5,299000,0.0,1495000,600000,895000
SO111570,20240529,13,238,3,3,3,89000,0.05,253600,75000,178600
SO104259,20240529,13,65,8,11,2,89000,0.1,160200,50000,110200
SO110496,20240529,18,2,1,6,3,649000,0.0,1947000,960000,987000
SO110307,20240529,12,132,5,5,4,299000,0.05,1136200,480000,656200
SO101314,20240530,6,117,2,2,3,2199000,0.0,6597000,4050000,2547000
SO106526,20240530,1,192,3,6,2,13999000,0.1,25198200,19600000,5598200
SO109050,20240530,14,62,14,4,1,59000,0.1,53100,12000,41100
SO102559,20240530,17,196,1,6,3,329000,0.05,937600,450000,487600
SO109113,20240530,19,279,12,8,5,169000,0.1,760500,375000,385500
SO110563,20240530,17,262,1,11,3,329000,0.0,987000,450000,537000
SO106067,20240530,13,44,5,9,5,89000,0.05,422800,125000,297800
SO100863,20240530,9,63,1,12,5,349000,0.0,1745000,950000,795000
SO109221,20240530,14,123,17,1,1,59000,0.0,59000,12000,47000
SO101072,20240531,19,43,8,1,1,169000,0.0,169000,75000,94000
SO105749,20240531,19,283,11,1,3,169000,0.0,507000,225000,282000
SO111162,20240531,17,167,4,12,1,329000,0.0,329000,150000,179000
SO100250,20240531,14,28,2,2,3,59000,0.0,177000,36000,141000
SO108474,20240531,17,245,3,4,5,329000,0.0,1645000,750000,895000
SO109970,20240531,3,152,3,12,2,1999000,0.1,3598200,2900000,698200
SO111151,20240531,9,12,6,11,1,349000,0.1,314100,190000,124100
SO101269,20240601,20,67,3,1,3,129000,0.0,387000,165000,222000
SO100111,20240601,19,87,6,1,2,169000,0.0,338000,150000,188000
SO108283,20240601,14,147,12,9,2,59000,0.0,118000,24000,94000
SO109955,20240601,19,271,2,9,2,169000,0.1,304200,150000,154200
SO104562,20240601,11,15,7,6,4,199000,0.0,796000,340000,456000
SO106354,20240601,17,56,7,9,2,329000,0.05,625100,300000,325100
SO105624,20240601,18,20,1,10,5,649000,0.0,3245000,1600000,1645000
SO107507,20240601,14,292,11,5,5,59000,0.05,280200,60000,220200
SO101847,20240601,13,50,9,10,2,89000,0.05,169100,50000,119100
SO102781,20240601,17,84,12,3,5,329000,0.0,1645000,750000,895000
SO110253,20240601,7,219,7,5,3,499000,0.05,1422200,840000,582200
SO107028,20240602,10,13,1,9,1,599000,0.0,599000,310000,289000
SO102567,20240602,18,75,12,5,3,649000,0.0,1947000,960000,987000
SO102974,20240602,13,201,9,9,4,89000,0.0,356000,100000,256000
SO101413,20240602,20,161,2,6,2,129000,0.05,245100,110000,135100
SO107037,20240602,9,56,7,2,5,349000,0.05,1657800,950000,707800
SO108034,20240602,11,262,1,7,3,199000,0.0,597000,255000,342000
SO111247,20240602,13,21,18,12,2,89000,0.1,160200,50000,110200
SO109753,20240603,13,28,2,1,1,89000,0.0,89000,25000,64000
SO105824,20240603,19,240,8,12,4,169000,0.0,676000,300000,376000
SO104586,20240603,14,18,18,6,5,59000,0.0,295000,60000,235000
SO101553,20240603,7,127,2,2,5,499000,0.0,2495000,1400000,1095000
SO104534,20240603,8,55,3,3,1,799000,0.05,759000,420000,339000
SO101182,20240603,13,219,7,1,2,89000,0.0,178000,50000,128000
SO105138,20240603,14,58,16,2,2,59000,0.05,112100,24000,88100
SO108238,20240603,13,8,8,11,4,89000,0.0,356000,100000,256000
SO101801,20240603,14,145,14,4,4,59000,0.05,224200,48000,176200
SO107338,20240603,19,270,6,2,2,169000,0.0,338000,150000,188000
SO111468,20240603,14,192,3,3,1,59000,0.0,59000,12000,47000
SO107607,20240603,19,173,15,6,1,169000,0.1,152100,75000,77100
SO109341,20240604,12,35,6,2,3,299000,0.0,897000,360000,537000
SO102189,20240604,8,148,1,10,1,799000,0.0,799000,420000,379000
SO109104,20240604,8,121,13,1,1,799000,0.0,799000,420000,379000
SO107667,20240604,20,267,5,10,5,129000,0.0,645000,275000,370000
SO103362,20240604,10,119,8,10,1,599000,0.0,599000,310000,289000
SO100935,20240604,13,156,11,12,4,89000,0.05,338200,100000,238200
SO103953,20240604,10,274,17,12,3,599000,0.0,1797000,930000,867000
SO109479,20240604,18,166,4,4,5,649000,0.0,3245000,1600000,1645000
SO104532,20240604,14,34,1,6,5,59000,0.0,295000,60000,235000
SO111499,20240605,17,55,3,1,4,329000,0.1,1184400,600000,584400
SO111478,20240605,12,188,1,9,5,299000,0.0,1495000,600000,895000
SO100382,20240605,11,156,11,2,4,199000,0.0,796000,340000,456000
SO101527,20240605,9,214,3,7,5,349000,0.0,1745000,950000,795000
SO106035,20240605,14,34,1,3,5,59000,0.1,265500,60000,205500
SO106042,20240605,16,111,1,1,2,1599000,0.05,3038100,1840000,1198100
SO110552,20240605,1,29,1,7,5,13999000,0.05,66495200,49000000,17495200
SO111283,20240605,6,104,12,12,1,2199000,0.05,2089000,1350000,739000
SO105056,20240605,13,30,6,3,5,89000,0.05,422800,125000,297800
SO107272,20240605,14,63,1,8,5,59000,0.0,295000,60000,235000
SO107178,20240605,11,13,1,9,1,199000,0.1,179100,85000,94100
SO106562,20240606,13,30,6,11,5,89000,0.0,445000,125000,320000
SO110492,20240606,14,266,1,11,2,59000,0.0,118000,24000,94000
SO100139,20240606,15,185,3,3,5,899000,0.0,4495000,2400000,2095000
SO104159,20240606,11,51,4,7,4,199000,0.0,796000,340000,456000
SO107281,20240606,13,256,9,7,3,89000,0.0,267000,75000,192000
SO103168,20240606,14,10,2,4,5,59000,0.0,295000,60000,235000
SO110803,20240606,9,110,2,7,1,349000,0.1,314100,190000,124100
SO100013,20240606,6,109,3,12,4,2199000,0.0,8796000,5400000,3396000
SO102893,20240606,20,115,4,8,2,129000,0.0,258000,110000,148000
SO109674,20240606,10,29,1,9,5,599000,0.0,2995000,1550000,1445000
SO109474,20240606,7,289,2,2,5,499000,0.05,2370200,1400000,970200
SO105626,20240607,6,180,1,4,1,2199000,0.0,2199000,1350000,849000
SO110363,20240607,20,122,18,2,1,129000,0.0,129000,55000,74000
SO106593,20240607,20,220,6,11,3,129000,0.05,367600,165000,202600
SO102752,20240607,11,7,8,2,2,199000,0.0,398000,170000,228000
SO108767,20240607,7,298,3,12,1,499000,0.0,499000,280000,219000
SO106972,20240607,9,106,1,2,3,349000,0.0,1047000,570000,477000
SO100966,20240607,13,22,6,7,5,89000,0.0,445000,125000,320000
SO102597,20240607,17,233,7,9,4,329000,0.1,1184400,600000,584400
SO105561,20240607,13,127,2,2,5,89000,0.1,400500,125000,275500
SO111893,20240607,17,278,3,4,3,329000,0.05,937600,450000,487600
SO100026,20240607,20,102,1,3,5,129000,0.05,612800,275000,337800
SO109324,20240607,9,274,17,10,3,349000,0.0,1047000,570000,477000
SO111003,20240607,11,279,12,12,2,199000,0.0,398000,170000,228000
SO105379,20240607,14,54,12,1,3,59000,0.05,168200,36000,132200
SO109199,20240607,19,240,8,6,5,169000,0.0,845000,375000,470000
SO107991,20240608,13,47,3,9,2,89000,0.0,178000,50000,128000
SO100039,20240608,9,174,4,1,3,349000,0.05,994600,570000,424600
SO105073,20240608,17,96,1,11,3,329000,0.05,937600,450000,487600
SO102277,20240608,11,72,6,9,5,199000,0.0,995000,425000,570000
SO109167,20240608,19,75,12,3,5,169000,0.1,760500,375000,385500
SO110643,20240608,19,72,6,12,2,169000,0.0,338000,150000,188000
SO105710,20240608,19,139,2,12,4,169000,0.0,676000,300000,376000
SO106380,20240608,10,106,1,1,1,599000,0.0,599000,310000,289000
SO106656,20240608,12,128,5,3,2,299000,0.05,568100,240000,328100
SO103743,20240608,12,139,2,10,4,299000,0.0,1196000,480000,716000
SO101065,20240608,16,48,4,9,5,1599000,0.0,7995000,4600000,3395000
SO100405,20240608,9,192,3,2,4,349000,0.05,1326200,760000,566200
SO108599,20240608,9,262,1,5,4,349000,0.0,1396000,760000,636000
SO110015,20240608,11,93,1,6,3,199000,0.0,597000,255000,342000
SO100248,20240608,19,191,8,4,4,169000,0.0,676000,300000,376000
SO109650,20240608,12,65,8,4,5,299000,0.05,1420200,600000,820200
SO104212,20240609,16,289,2,12,4,1599000,0.05,6076200,3680000,2396200
SO102584,20240609,3,224,1,4,5,1999000,0.0,9995000,7250000,2745000
SO105788,20240609,14,288,2,8,1,59000,0.0,59000,12000,47000
SO108558,20240609,7,4,3,8,1,499000,0.05,474000,280000,194000
SO106280,20240609,14,236,3,3,4,59000,0.1,212400,48000,164400
SO101069,20240609,17,118,2,2,4,329000,0.1,1184400,600000,584400
SO102852,20240609,14,254,2,11,4,59000,0.05,224200,48000,176200
SO107561,20240609,15,252,7,5,4,899000,0.0,3596000,1920000,1676000
SO110078,20240609,3,54,12,3,3,1999000,0.0,5997000,4350000,1647000
SO111906,20240609,14,131,6,4,1,59000,0.0,59000,12000,47000
SO106614,20240609,14,216,2,3,1,59000,0.0,59000,12000,47000
SO110250,20240609,5,257,12,2,3,3999000,0.0,11997000,8700000,3297000
SO104941,20240609,14,102,1,3,4,59000,0.0,236000,48000,188000
SO105076,20240609,12,152,3,5,4,299000,0.0,1196000,480000,716000
SO111909,20240609,19,246,3,7,2,169000,0.1,304200,150000,154200
SO109330,20240609,14,44,5,11,5,59000,0.0,295000,60000,235000
SO107500,20240610,17,105,2,2,3,329000,0.0,987000,450000,537000
SO102032,20240610,18,218,3,7,2,649000,0.0,1298000,640000,658000
SO104492,20240610,16,204,3,6,1,1599000,0.1,1439100,920000,519100
SO109818,20240610,19,81,17,1,3,169000,0.0,507000,225000,282000
SO106231,20240610,20,90,6,6,5,129000,0.0,645000,275000,370000
SO110607,20240610,17,241,4,10,5,329000,0.1,1480500,750000,730500
SO101256,20240610,20,104,12,6,1,129000,0.0,129000,55000,74000
SO104335,20240610,11,121,13,7,4,199000,0.1,716400,340000,376400
SO104160,20240610,11,222,15,3,2,199000,0.0,398000,170000,228000
SO111983,20240611,2,116,1,11,5,4499000,0.05,21370200,15500000,5870200
SO103034,20240611,11,252,7,6,4,199000,0.05,756200,340000,416200
SO106677,20240611,8,297,4,1,4,799000,0.0,3196000,1680000,1516000
SO111551,20240611,20,114,7,6,5,129000,0.0,645000,275000,370000
SO111748,20240611,18,10,2,8,2,649000,0.05,1233100,640000,593100
SO108082,20240611,14,31,2,7,1,59000,0.1,53100,12000,41100
SO105970,20240611,19,20,1,6,3,169000,0.0,507000,225000,282000
SO106606,20240611,12,291,14,5,3,299000,0.05,852200,360000,492200
SO102718,20240611,13,199,6,1,2,89000,0.1,160200,50000,110200
SO105238,20240611,11,235,15,3,2,199000,0.1,358200,170000,188200
SO110295,20240612,2,47,3,7,5,4499000,0.0,22495000,15500000,6995000
SO111664,20240612,2,81,17,10,3,4499000,0.1,12147300,9300000,2847300
SO111257,20240612,7,84,12,9,5,499000,0.0,2495000,1400000,1095000
SO103609,20240612,13,16,1,8,2,89000,0.05,169100,50000,119100
SO107221,20240612,8,63,1,7,5,799000,0.0,3995000,2100000,1895000
SO110010,20240612,6,229,12,8,2,2199000,0.0,4398000,2700000,1698000
SO106821,20240612,20,297,4,2,2,129000,0.0,258000,110000,148000
SO103716,20240612,20,236,3,8,1,129000,0.1,116100,55000,61100
SO108949,20240612,10,50,9,11,3,599000,0.1,1617300,930000,687300
SO109581,20240612,15,228,3,5,1,899000,0.0,899000,480000,419000
SO108548,20240612,19,286,4,8,5,169000,0.0,845000,375000,470000
SO109495,20240612,14,221,3,11,5,59000,0.0,295000,60000,235000
SO104268,20240612,19,196,1,3,2,169000,0.0,338000,150000,188000
SO105075,20240612,20,283,11,9,2,129000,0.05,245100,110000,135100
SO110444,20240612,18,4,3,12,1,649000,0.0,649000,320000,329000
SO107896,20240612,12,171,1,6,4,299000,0.05,1136200,480000,656200
SO105525,20240612,14,227,1,2,2,59000,0.05,112100,24000,88100
SO101236,20240612,5,84,12,6,2,3999000,0.0,7998000,5800000,2198000
SO111118,20240612,12,134,2,5,5,299000,0.05,1420200,600000,820200
SO107112,20240612,20,168,4,6,5,129000,0.05,612800,275000,337800
SO100396,20240612,14,247,3,1,4,59000,0.0,236000,48000,188000
SO101537,20240612,14,166,4,4,3,59000,0.0,177000,36000,141000
SO104510,20240613,15,22,6,5,2,899000,0.0,1798000,960000,838000
SO111013,20240613,2,277,1,9,3,4499000,0.05,12822200,9300000,3522200
SO105154,20240613,14,228,3,3,5,59000,0.0,295000,60000,235000
SO105955,20240613,15,120,12,5,4,899000,0.0,3596000,1920000,1676000
SO104424,20240613,14,94,3,12,3,59000,0.1,159300,36000,123300
SO106938,20240613,12,181,1,6,4,299000,0.0,1196000,480000,716000
SO107290,20240613,12,139,2,5,4,299000,0.0,1196000,480000,716000
SO101161,20240613,19,176,1,4,3,169000,0.0,507000,225000,282000
SO103745,20240613,14,250,7,11,4,59000,0.05,224200,48000,176200
SO106229,20240613,1,128,5,8,2,13999000,0.0,27998000,19600000,8398000
SO110662,20240613,14,62,14,10,5,59000,0.05,280200,60000,220200
SO100281,20240613,19,169,5,8,4,169000,0.05,642200,300000,342200
SO102601,20240614,7,228,3,11,5,499000,0.0,2495000,1400000,1095000
SO105006,20240614,9,107,1,8,3,349000,0.0,1047000,570000,477000
SO110978,20240614,15,231,18,5,3,899000,0.0,2697000,1440000,1257000
SO108161,20240614,11,243,3,2,1,199000,0.05,189000,85000,104000
SO109669,20240614,20,245,3,11,1,129000,0.0,129000,55000,74000
SO109725,20240614,20,77,1,1,4,129000,0.0,516000,220000,296000
SO104856,20240614,20,90,6,8,3,129000,0.0,387000,165000,222000
SO100510,20240614,12,172,1,12,5,299000,0.05,1420200,600000,820200
SO109922,20240615,17,86,2,6,3,329000,0.0,987000,450000,537000
SO103678,20240615,15,28,2,11,1,899000,0.0,899000,480000,419000
SO109467,20240615,4,283,11,5,3,8999000,0.05,25647200,18600000,7047200
SO100282,20240615,10,222,15,7,4,599000,0.05,2276200,1240000,1036200
SO110419,20240615,2,239,5,11,5,4499000,0.0,22495000,15500000,6995000
SO102716,20240615,6,160,2,4,5,2199000,0.0,10995000,6750000,4245000
SO110457,20240615,20,213,6,7,1,129000,0.0,129000,55000,74000
SO102821,20240615,19,186,3,3,1,169000,0.0,169000,75000,94000
SO109486,20240615,2,27,6,6,3,4499000,0.0,13497000,9300000,4197000
SO105081,20240615,19,160,2,3,3,169000,0.05,481600,225000,256600
SO101209,20240615,20,227,1,4,2,129000,0.0,258000,110000,148000
SO103418,20240615,14,160,2,8,4,59000,0.0,236000,48000,188000
SO102870,20240616,4,181,1,9,5,8999000,0.0,44995000,31000000,13995000
SO100184,20240616,20,289,2,11,2,129000,0.0,258000,110000,148000
SO110849,20240616,17,197,3,10,5,329000,0.05,1562800,750000,812800
SO107816,20240616,12,258,2,9,5,299000,0.0,1495000,600000,895000
SO110467,20240616,2,26,5,12,4,4499000,0.05,17096200,12400000,4696200
SO104952,20240616,20,248,1,5,3,129000,0.0,387000,165000,222000
SO103271,20240616,10,218,3,1,4,599000,0.0,2396000,1240000,1156000
SO101753,20240616,17,33,10,2,2,329000,0.0,658000,300000,358000
SO101759,20240616,9,152,3,12,2,349000,0.0,698000,380000,318000
SO109969,20240616,10,237,8,7,5,599000,0.0,2995000,1550000,1445000
SO100739,20240616,12,202,1,12,3,299000,0.05,852200,360000,492200
SO104024,20240616,14,22,6,2,3,59000,0.0,177000,36000,141000
SO111446,20240616,14,9,8,10,5,59000,0.0,295000,60000,235000
SO102625,20240616,17,94,3,12,4,329000,0.05,1250200,600000,650200
SO111344,20240616,8,157,12,10,1,799000,0.0,799000,420000,379000
SO109506,20240616,10,161,2,12,2,599000,0.1,1078200,620000,458200
SO100511,20240617,11,105,2,9,4,199000,0.05,756200,340000,416200
SO102377,20240617,14,136,11,3,1,59000,0.1,53100,12000,41100
SO101743,20240617,12,287,6,2,1,299000,0.0,299000,120000,179000
SO105268,20240617,20,43,8,8,5,129000,0.0,645000,275000,370000
SO102427,20240617,15,30,6,11,5,899000,0.0,4495000,2400000,2095000
SO110001,20240617,12,38,2,6,2,299000,0.0,598000,240000,358000
SO110368,20240617,13,69,8,3,4,89000,0.1,320400,100000,220400
SO105476,20240618,14,264,7,7,4,59000,0.1,212400,48000,164400
SO105255,20240618,13,147,12,3,3,89000,0.0,267000,75000,192000
SO104296,20240618,14,54,12,9,2,59000,0.0,118000,24000,94000
SO108016,20240618,14,252,7,3,5,59000,0.0,295000,60000,235000
SO109731,20240618,3,20,1,9,1,1999000,0.0,1999000,1450000,549000
SO109379,20240618,13,221,3,12,3,89000,0.0,267000,75000,192000
SO109427,20240618,14,87,6,10,5,59000,0.0,295000,60000,235000
SO102191,20240618,12,54,12,2,5,299000,0.1,1345500,600000,745500
SO105131,20240618,16,108,4,3,1,1599000,0.0,1599000,920000,679000
SO103772,20240618,20,91,14,5,2,129000,0.0,258000,110000,148000
SO107348,20240619,8,37,12,7,2,799000,0.0,1598000,840000,758000
SO102223,20240619,14,234,2,6,5,59000,0.0,295000,60000,235000
SO103498,20240619,11,43,8,7,3,199000,0.0,597000,255000,342000
SO110273,20240619,13,286,4,5,1,89000,0.05,84600,25000,59600
SO101720,20240619,13,226,11,1,5,89000,0.1,400500,125000,275500
SO101043,20240619,8,72,6,9,2,799000,0.0,1598000,840000,758000
SO104550,20240619,13,112,4,5,1,89000,0.0,89000,25000,64000
SO100368,20240619,9,131,6,3,5,349000,0.1,1570500,950000,620500
SO105314,20240619,20,53,1,1,4,129000,0.0,516000,220000,296000
SO110190,20240619,10,114,7,9,5,599000,0.0,2995000,1550000,1445000
SO106337,20240619,17,22,6,7,5,329000,0.0,1645000,750000,895000
SO105494,20240620,13,144,1,6,3,89000,0.1,240300,75000,165300
SO105575,20240620,14,169,5,12,4,59000,0.0,236000,48000,188000
SO108042,20240620,13,244,7,2,4,89000,0.1,320400,100000,220400
SO106612,20240620,11,100,15,5,1,199000,0.0,199000,85000,114000
SO103928,20240620,20,286,4,7,3,129000,0.0,387000,165000,222000
SO109613,20240620,20,169,5,9,3,129000,0.05,367600,165000,202600
SO107293,20240620,18,216,2,10,1,649000,0.05,616600,320000,296600
SO103050,20240620,10,171,1,2,2,599000,0.0,1198000,620000,578000
SO109269,20240620,5,111,1,5,3,3999000,0.0,11997000,8700000,3297000
SO108413,20240621,14,5,1,1,2,59000,0.05,112100,24000,88100
SO105121,20240621,9,257,12,9,5,349000,0.0,1745000,950000,795000
SO106083,20240621,14,242,13,1,4,59000,0.1,212400,48000,164400
SO100060,20240621,19,192,3,1,1,169000,0.0,169000,75000,94000
SO105578,20240621,14,184,6,10,4,59000,0.0,236000,48000,188000
SO103710,20240621,14,147,12,4,4,59000,0.0,236000,48000,188000
SO111630,20240621,14,98,7,2,3,59000,0.0,177000,36000,141000
SO101206,20240621,20,168,4,9,2,129000,0.05,245100,110000,135100
SO109017,20240621,9,85,3,5,1,349000,0.05,331600,190000,141600
SO110967,20240621,17,153,3,5,4,329000,0.0,1316000,600000,716000
SO100378,20240622,13,18,18,10,4,89000,0.0,356000,100000,256000
SO103702,20240622,13,10,2,6,1,89000,0.0,89000,25000,64000
SO107840,20240622,14,68,4,1,5,59000,0.0,295000,60000,235000
SO105232,20240622,6,51,4,5,1,2199000,0.05,2089000,1350000,739000
SO101340,20240622,12,5,1,4,5,299000,0.0,1495000,600000,895000
SO101443,20240622,20,169,5,5,2,129000,0.05,245100,110000,135100
SO105466,20240623,14,67,3,10,2,59000,0.0,118000,24000,94000
SO109184,20240623,13,273,2,10,2,89000,0.0,178000,50000,128000
SO107489,20240623,14,13,1,8,1,59000,0.0,59000,12000,47000
SO110851,20240623,14,294,8,7,5,59000,0.0,295000,60000,235000
SO105774,20240623,16,185,3,11,3,1599000,0.0,4797000,2760000,2037000
SO108517,20240623,11,270,6,2,4,199000,0.0,796000,340000,456000
SO111389,20240623,14,210,3,10,4,59000,0.0,236000,48000,188000
SO102759,20240623,6,236,3,4,2,2199000,0.0,4398000,2700000,1698000
SO104230,20240623,5,255,1,1,4,3999000,0.05,15196200,11600000,3596200
SO103921,20240623,12,240,8,1,1,299000,0.0,299000,120000,179000
SO104140,20240623,11,24,12,5,3,199000,0.1,537300,255000,282300
SO106633,20240623,9,169,5,12,2,349000,0.0,698000,380000,318000
SO103054,20240623,12,200,8,6,5,299000,0.0,1495000,600000,895000
SO106621,20240623,11,295,8,11,3,199000,0.0,597000,255000,342000
SO100359,20240623,18,260,1,10,5,649000,0.0,3245000,1600000,1645000
SO101744,20240623,11,84,12,7,4,199000,0.1,716400,340000,376400
SO111982,20240623,11,219,7,5,4,199000,0.0,796000,340000,456000
SO102501,20240624,15,61,11,11,4,899000,0.0,3596000,1920000,1676000
SO102610,20240624,11,18,18,3,4,199000,0.1,716400,340000,376400
SO108657,20240624,20,222,15,7,2,129000,0.0,258000,110000,148000
SO109395,20240624,14,293,17,3,2,59000,0.0,118000,24000,94000
SO110955,20240624,7,220,6,5,4,499000,0.0,1996000,1120000,876000
SO103666,20240624,20,21,18,9,3,129000,0.0,387000,165000,222000
SO110138,20240624,18,159,4,10,4,649000,0.0,2596000,1280000,1316000
SO103297,20240624,10,121,13,6,2,599000,0.05,1138100,620000,518100
SO100453,20240624,18,254,2,4,5,649000,0.05,3082800,1600000,1482800
SO105656,20240624,6,188,1,6,2,2199000,0.05,4178100,2700000,1478100
SO102132,20240625,14,88,6,7,3,59000,0.0,177000,36000,141000
SO102737,20240625,17,228,3,9,1,329000,0.1,296100,150000,146100
SO106465,20240625,13,71,9,12,4,89000,0.0,356000,100000,256000
SO106491,20240625,13,224,1,9,3,89000,0.1,240300,75000,165300
SO102372,20240625,9,268,8,5,4,349000,0.0,1396000,760000,636000
SO102290,20240625,14,83,8,6,5,59000,0.0,295000,60000,235000
SO100831,20240625,14,100,15,4,1,59000,0.1,53100,12000,41100
SO100773,20240625,13,8,8,11,2,89000,0.0,178000,50000,128000
SO104028,20240625,11,14,1,2,2,199000,0.0,398000,170000,228000
SO103907,20240625,9,239,5,7,2,349000,0.05,663100,380000,283100
SO111535,20240625,19,71,9,8,5,169000,0.0,845000,375000,470000
SO111078,20240625,8,174,4,2,2,799000,0.05,1518100,840000,678100
SO106829,20240626,14,154,2,4,1,59000,0.05,56000,12000,44000
SO107826,20240626,14,103,8,8,5,59000,0.05,280200,60000,220200
SO107031,20240626,7,93,1,3,2,499000,0.0,998000,560000,438000
SO108329,20240626,18,265,14,3,2,649000,0.15,1103300,640000,463300
SO104518,20240626,20,276,7,3,5,129000,0.05,612800,275000,337800
SO109297,20240626,8,290,14,7,2,799000,0.05,1518100,840000,678100
SO106641,20240626,10,179,2,6,5,599000,0.1,2695500,1550000,1145500
SO106639,20240626,20,45,8,3,3,129000,0.0,387000,165000,222000
SO109523,20240626,1,96,1,11,3,13999000,0.0,41997000,29400000,12597000
SO108710,20240626,14,63,1,4,3,59000,0.0,177000,36000,141000
SO100915,20240627,20,169,5,11,3,129000,0.05,367600,165000,202600
SO102883,20240627,9,72,6,12,4,349000,0.0,1396000,760000,636000
SO100579,20240627,11,255,1,9,3,199000,0.1,537300,255000,282300
SO102641,20240627,13,220,6,12,3,89000,0.05,253600,75000,178600
SO110821,20240627,13,221,3,6,1,89000,0.05,84600,25000,59600
SO102271,20240627,11,291,14,1,4,199000,0.0,796000,340000,456000
SO110572,20240627,9,14,1,10,5,349000,0.0,1745000,950000,795000
SO105333,20240627,14,218,3,10,2,59000,0.0,118000,24000,94000
SO100713,20240627,16,3,1,9,4,1599000,0.0,6396000,3680000,2716000
SO110464,20240627,12,164,12,4,3,299000,0.0,897000,360000,537000
SO110735,20240627,3,185,3,3,5,1999000,0.0,9995000,7250000,2745000
SO101109,20240628,20,88,6,8,4,129000,0.05,490200,220000,270200
SO101963,20240628,20,22,6,11,4,129000,0.0,516000,220000,296000
SO110470,20240628,5,63,1,12,4,3999000,0.0,15996000,11600000,4396000
SO103794,20240628,12,234,2,8,4,299000,0.0,1196000,480000,716000
SO102942,20240628,20,37,12,2,3,129000,0.0,387000,165000,222000
SO105398,20240628,6,203,14,1,2,2199000,0.0,4398000,2700000,1698000
SO103770,20240628,4,298,3,10,3,8999000,0.0,26997000,18600000,8397000
SO104127,20240628,11,45,8,5,5,199000,0.1,895500,425000,470500
SO108444,20240628,2,5,1,10,5,4499000,0.0,22495000,15500000,6995000
SO102382,20240628,6,184,6,7,1,2199000,0.05,2089000,1350000,739000
SO110020,20240629,12,67,3,10,1,299000,0.0,299000,120000,179000
SO104522,20240629,5,51,4,9,1,3999000,0.0,3999000,2900000,1099000
SO103648,20240629,7,58,16,5,5,499000,0.05,2370200,1400000,970200
SO104333,20240629,8,187,5,2,3,799000,0.0,2397000,1260000,1137000
SO107810,20240629,10,76,9,10,1,599000,0.0,599000,310000,289000
SO111923,20240629,13,253,1,10,3,89000,0.0,267000,75000,192000
SO110853,20240629,7,41,3,9,4,499000,0.0,1996000,1120000,876000
SO100808,20240629,12,96,1,8,4,299000,0.0,1196000,480000,716000
SO104098,20240629,14,109,3,3,5,59000,0.05,280200,60000,220200
SO106405,20240630,20,174,4,2,2,129000,0.0,258000,110000,148000
SO106881,20240630,11,108,4,8,2,199000,0.0,398000,170000,228000
SO105478,20240630,14,149,2,5,2,59000,0.0,118000,24000,94000
SO109553,20240630,11,274,17,8,2,199000,0.1,358200,170000,188200
SO104422,20240630,13,266,1,9,1,89000,0.0,89000,25000,64000
SO103603,20240630,6,251,7,2,3,2199000,0.05,6267200,4050000,2217200
SO100948,20240701,20,56,7,10,3,129000,0.0,387000,165000,222000
SO111567,20240701,3,262,1,12,3,1999000,0.1,5397300,4350000,1047300
SO101487,20240701,11,225,7,2,1,199000,0.0,199000,85000,114000
SO105122,20240701,15,10,2,8,1,899000,0.05,854000,480000,374000
SO103198,20240701,8,92,3,3,1,799000,0.0,799000,420000,379000
SO100807,20240701,20,254,2,11,4,129000,0.1,464400,220000,244400
SO104553,20240701,16,296,8,4,1,1599000,0.15,1359200,920000,439200
SO100302,20240701,9,209,1,1,3,349000,0.05,994600,570000,424600
SO101668,20240701,6,10,2,9,3,2199000,0.05,6267200,4050000,2217200
SO105041,20240701,11,13,1,7,1,199000,0.0,199000,85000,114000
SO111177,20240702,16,35,6,4,5,1599000,0.1,7195500,4600000,2595500
SO101967,20240702,14,195,3,11,2,59000,0.0,118000,24000,94000
SO104351,20240702,11,59,1,1,1,199000,0.0,199000,85000,114000
SO100331,20240702,20,282,14,4,1,129000,0.05,122600,55000,67600
SO102475,20240702,17,111,1,10,4,329000,0.05,1250200,600000,650200
SO111843,20240702,13,50,9,5,2,89000,0.0,178000,50000,128000
SO108263,20240703,18,214,3,7,1,649000,0.0,649000,320000,329000
SO100709,20240703,11,136,11,8,3,199000,0.0,597000,255000,342000
SO100903,20240703,16,182,14,5,2,1599000,0.15,2718300,1840000,878300
SO103520,20240703,14,140,3,3,3,59000,0.0,177000,36000,141000
SO108897,20240703,12,192,3,10,5,299000,0.05,1420200,600000,820200
SO108860,20240703,8,256,9,7,5,799000,0.0,3995000,2100000,1895000
SO108104,20240703,18,280,6,3,2,649000,0.05,1233100,640000,593100
SO101372,20240703,11,8,8,1,5,199000,0.0,995000,425000,570000
SO103675,20240703,7,207,18,12,5,499000,0.05,2370200,1400000,970200
SO103622,20240703,9,211,1,5,4,349000,0.0,1396000,760000,636000
SO100791,20240703,8,83,8,4,4,799000,0.0,3196000,1680000,1516000
SO100679,20240704,19,94,3,4,1,169000,0.0,169000,75000,94000
SO108592,20240704,8,113,15,5,3,799000,0.0,2397000,1260000,1137000
SO102373,20240704,12,27,6,4,5,299000,0.0,1495000,600000,895000
SO101573,20240704,9,241,4,12,4,349000,0.05,1326200,760000,566200
SO107294,20240704,7,153,3,12,1,499000,0.0,499000,280000,219000
SO101945,20240704,13,259,7,6,3,89000,0.1,240300,75000,165300
SO103533,20240704,8,153,3,8,2,799000,0.05,1518100,840000,678100
SO111242,20240705,20,36,1,8,5,129000,0.0,645000,275000,370000
SO108725,20240705,12,248,1,8,5,299000,0.05,1420200,600000,820200
SO100973,20240705,15,165,9,4,3,899000,0.05,2562200,1440000,1122200
SO101971,20240705,13,75,12,12,5,89000,0.0,445000,125000,320000
SO106158,20240705,11,140,3,2,5,199000,0.05,945200,425000,520200
SO111331,20240705,18,10,2,8,4,649000,0.1,2336400,1280000,1056400
SO107100,20240705,14,7,8,10,3,59000,0.0,177000,36000,141000
SO107372,20240705,17,202,1,12,3,329000,0.05,937600,450000,487600
SO102955,20240705,16,244,7,9,4,1599000,0.0,6396000,3680000,2716000
SO104193,20240705,9,76,9,12,2,349000,0.0,698000,380000,318000
SO100441,20240705,19,281,3,6,3,169000,0.0,507000,225000,282000
SO107912,20240705,14,291,14,3,5,59000,0.0,295000,60000,235000
SO105436,20240705,11,4,3,2,1,199000,0.0,199000,85000,114000
SO101062,20240705,13,186,3,11,2,89000,0.0,178000,50000,128000
SO107678,20240705,14,56,7,9,4,59000,0.0,236000,48000,188000
SO103110,20240705,14,136,11,10,3,59000,0.0,177000,36000,141000
SO109949,20240705,12,44,5,11,5,299000,0.05,1420200,600000,820200
SO104117,20240705,13,220,6,4,4,89000,0.0,356000,100000,256000
SO107850,20240705,7,174,4,6,5,499000,0.05,2370200,1400000,970200
SO105423,20240705,6,146,1,2,5,2199000,0.1,9895500,6750000,3145500
SO100092,20240705,11,125,1,12,3,199000,0.0,597000,255000,342000
SO111205,20240705,3,160,2,12,3,1999000,0.0,5997000,4350000,1647000
SO111919,20240706,7,271,2,12,2,499000,0.0,998000,560000,438000
SO100651,20240706,14,106,1,8,5,59000,0.0,295000,60000,235000
SO107379,20240706,14,151,1,7,2,59000,0.0,118000,24000,94000
SO110923,20240706,10,46,17,11,5,599000,0.05,2845200,1550000,1295200
SO111351,20240706,20,226,11,2,5,129000,0.0,645000,275000,370000
SO106975,20240706,11,143,9,8,4,199000,0.05,756200,340000,416200
SO105621,20240706,8,122,18,7,3,799000,0.0,2397000,1260000,1137000
SO108009,20240706,13,187,5,7,4,89000,0.05,338200,100000,238200
SO103114,20240706,9,180,1,5,4,349000,0.05,1326200,760000,566200
SO106063,20240706,17,213,6,8,2,329000,0.05,625100,300000,325100
SO105318,20240707,10,37,12,8,5,599000,0.0,2995000,1550000,1445000
SO109020,20240707,19,35,6,1,4,169000,0.0,676000,300000,376000
SO108863,20240707,20,183,2,9,2,129000,0.05,245100,110000,135100
SO106032,20240707,12,84,12,10,2,299000,0.05,568100,240000,328100
SO110009,20240707,6,197,3,5,4,2199000,0.05,8356200,5400000,2956200
SO104007,20240707,13,39,6,10,5,89000,0.05,422800,125000,297800
SO109393,20240707,1,144,1,8,4,13999000,0.05,53196200,39200000,13996200
SO100734,20240707,13,69,8,10,3,89000,0.0,267000,75000,192000
SO102981,20240708,5,40,5,1,3,3999000,0.05,11397200,8700000,2697200
SO109878,20240708,9,266,1,5,2,349000,0.05,663100,380000,283100
SO102524,20240708,11,241,4,3,3,199000,0.0,597000,255000,342000
SO102654,20240708,13,239,5,5,4,89000,0.0,356000,100000,256000
SO110884,20240708,13,231,18,11,3,89000,0.0,267000,75000,192000
SO105592,20240708,10,294,8,7,4,599000,0.0,2396000,1240000,1156000
SO102016,20240708,3,57,1,1,1,1999000,0.0,1999000,1450000,549000
SO104379,20240708,14,155,8,10,4,59000,0.0,236000,48000,188000
SO106567,20240708,11,256,9,11,3,199000,0.0,597000,255000,342000
SO101490,20240708,14,215,14,8,2,59000,0.0,118000,24000,94000
SO105058,20240708,17,176,1,10,4,329000,0.0,1316000,600000,716000
SO102362,20240708,15,263,2,6,2,899000,0.1,1618200,960000,658200
SO104112,20240708,17,191,8,9,3,329000,0.0,987000,450000,537000
SO100190,20240708,14,77,1,11,4,59000,0.0,236000,48000,188000
SO101733,20240708,14,215,14,11,3,59000,0.0,177000,36000,141000
SO103060,20240708,20,163,14,11,5,129000,0.0,645000,275000,370000
SO110583,20240709,2,32,7,2,4,4499000,0.0,17996000,12400000,5596000
SO105130,20240709,2,210,3,5,3,4499000,0.1,12147300,9300000,2847300
SO106584,20240709,14,89,3,7,4,59000,0.0,236000,48000,188000
SO105245,20240709,14,234,2,7,3,59000,0.05,168200,36000,132200
SO107000,20240709,7,44,5,1,3,499000,0.0,1497000,840000,657000
SO108049,20240709,11,265,14,10,1,199000,0.15,169200,85000,84200
SO103974,20240710,2,180,1,5,3,4499000,0.0,13497000,9300000,4197000
SO101123,20240710,11,230,8,2,3,199000,0.1,537300,255000,282300
SO102919,20240710,15,235,15,3,4,899000,0.0,3596000,1920000,1676000
SO100954,20240710,20,58,16,4,4,129000,0.0,516000,220000,296000
SO102899,20240710,11,214,3,12,5,199000,0.0,995000,425000,570000
SO110746,20240710,7,72,6,7,3,499000,0.0,1497000,840000,657000
SO109752,20240710,11,98,7,9,1,199000,0.0,199000,85000,114000
SO111791,20240710,3,103,8,9,4,1999000,0.1,7196400,5800000,1396400
SO106207,20240710,11,36,1,9,3,199000,0.0,597000,255000,342000
SO108666,20240710,17,205,7,11,3,329000,0.0,987000,450000,537000
SO105462,20240710,12,41,3,5,1,299000,0.05,284000,120000,164000
SO103589,20240710,10,77,1,1,5,599000,0.05,2845200,1550000,1295200
SO111912,20240710,9,240,8,3,4,349000,0.0,1396000,760000,636000
SO105688,20240710,15,136,11,9,4,899000,0.0,3596000,1920000,1676000
SO101556,20240710,6,59,1,7,1,2199000,0.05,2089000,1350000,739000
SO104942,20240711,6,278,3,1,5,2199000,0.05,10445200,6750000,3695200
SO101989,20240711,17,264,7,12,2,329000,0.0,658000,300000,358000
SO105166,20240711,13,119,8,8,3,89000,0.0,267000,75000,192000
SO110628,20240711,14,276,7,9,5,59000,0.0,295000,60000,235000
SO110721,20240711,18,41,3,1,3,649000,0.0,1947000,960000,987000
SO102280,20240712,11,15,7,3,5,199000,0.0,995000,425000,570000
SO110843,20240712,19,152,3,8,1,169000,0.15,143600,75000,68600
SO105907,20240712,17,11,12,10,2,329000,0.0,658000,300000,358000
SO109772,20240712,20,142,8,9,4,129000,0.1,464400,220000,244400
SO109845,20240712,14,197,3,4,5,59000,0.05,280200,60000,220200
SO103564,20240712,10,49,1,10,5,599000,0.1,2695500,1550000,1145500
SO102025,20240712,18,79,8,2,2,649000,0.0,1298000,640000,658000
SO111203,20240712,6,156,11,9,5,2199000,0.05,10445200,6750000,3695200
SO100843,20240712,11,50,9,8,1,199000,0.1,179100,85000,94100
SO108335,20240712,10,231,18,10,4,599000,0.1,2156400,1240000,916400
SO110293,20240712,7,283,11,6,3,499000,0.0,1497000,840000,657000
SO104451,20240712,8,291,14,6,5,799000,0.0,3995000,2100000,1895000
SO111012,20240712,11,125,1,1,5,199000,0.0,995000,425000,570000
SO109497,20240713,9,118,2,5,4,349000,0.0,1396000,760000,636000
SO108730,20240713,16,90,6,1,2,1599000,0.0,3198000,1840000,1358000
SO103403,20240713,8,300,7,7,2,799000,0.0,1598000,840000,758000
SO104902,20240713,7,29,1,5,1,499000,0.05,474000,280000,194000
SO111398,20240713,9,25,12,9,3,349000,0.05,994600,570000,424600
SO101113,20240713,13,204,3,11,1,89000,0.0,89000,25000,64000
SO107469,20240713,14,17,4,2,3,59000,0.1,159300,36000,123300
SO105650,20240713,7,262,1,3,2,499000,0.0,998000,560000,438000
SO104290,20240713,14,15,7,2,4,59000,0.0,236000,48000,188000
SO109939,20240713,14,252,7,1,1,59000,0.0,59000,12000,47000
SO106721,20240713,20,273,2,2,5,129000,0.0,645000,275000,370000
SO104853,20240713,17,295,8,2,4,329000,0.0,1316000,600000,716000
SO104060,20240713,20,2,1,7,3,129000,0.1,348300,165000,183300
SO106202,20240714,16,223,3,7,4,1599000,0.05,6076200,3680000,2396200
SO104933,20240714,20,123,17,11,2,129000,0.0,258000,110000,148000
SO109560,20240714,13,17,4,2,5,89000,0.05,422800,125000,297800
SO110570,20240714,14,139,2,12,1,59000,0.0,59000,12000,47000
SO100926,20240714,14,202,1,12,2,59000,0.15,100300,24000,76300
SO100324,20240714,20,58,16,6,2,129000,0.0,258000,110000,148000
SO101504,20240714,14,25,12,7,2,59000,0.0,118000,24000,94000
SO110468,20240714,1,150,11,3,1,13999000,0.0,13999000,9800000,4199000
SO107495,20240714,20,281,3,10,1,129000,0.0,129000,55000,74000
SO101816,20240714,3,237,8,1,3,1999000,0.0,5997000,4350000,1647000
SO105596,20240714,13,162,1,7,3,89000,0.1,240300,75000,165300
SO107568,20240715,20,281,3,5,1,129000,0.1,116100,55000,61100
SO110911,20240715,18,127,2,9,4,649000,0.0,2596000,1280000,1316000
SO105581,20240715,14,50,9,8,5,59000,0.0,295000,60000,235000
SO110804,20240715,9,21,18,8,1,349000,0.05,331600,190000,141600
SO101773,20240716,20,63,1,4,1,129000,0.0,129000,55000,74000
SO106945,20240716,7,184,6,7,4,499000,0.0,1996000,1120000,876000
SO108551,20240716,19,195,3,7,5,169000,0.1,760500,375000,385500
SO106643,20240716,18,142,8,8,1,649000,0.0,649000,320000,329000
SO111666,20240716,12,148,1,8,5,299000,0.0,1495000,600000,895000
SO104854,20240716,6,260,1,1,4,2199000,0.0,8796000,5400000,3396000
SO103347,20240716,14,90,6,2,5,59000,0.0,295000,60000,235000
SO101164,20240716,9,245,3,6,3,349000,0.0,1047000,570000,477000
SO105606,20240716,7,158,3,8,3,499000,0.0,1497000,840000,657000
SO101761,20240716,13,290,14,6,2,89000,0.0,178000,50000,128000
SO107194,20240717,12,256,9,9,3,299000,0.05,852200,360000,492200
SO103382,20240717,18,60,1,4,1,649000,0.0,649000,320000,329000
SO110284,20240717,11,224,1,3,4,199000,0.1,716400,340000,376400
SO111164,20240717,14,200,8,2,3,59000,0.0,177000,36000,141000
SO104105,20240717,8,104,12,5,4,799000,0.1,2876400,1680000,1196400
SO106029,20240717,10,9,8,3,3,599000,0.0,1797000,930000,867000
SO106220,20240717,14,73,1,9,2,59000,0.1,106200,24000,82200
SO107550,20240718,14,29,1,5,5,59000,0.0,295000,60000,235000
SO110263,20240718,20,137,6,3,5,129000,0.1,580500,275000,305500
SO105069,20240718,16,178,1,8,5,1599000,0.0,7995000,4600000,3395000
SO105100,20240718,19,158,3,7,4,169000,0.0,676000,300000,376000
SO101637,20240718,10,167,4,4,5,599000,0.0,2995000,1550000,1445000
SO103071,20240718,20,288,2,8,1,129000,0.0,129000,55000,74000
SO108862,20240718,10,219,7,4,3,599000,0.1,1617300,930000,687300
SO100409,20240718,17,214,3,4,5,329000,0.1,1480500,750000,730500
SO106375,20240719,5,109,3,11,4,3999000,0.0,15996000,11600000,4396000
SO100467,20240719,17,157,12,10,2,329000,0.1,592200,300000,292200
SO104146,20240719,18,19,1,10,5,649000,0.0,3245000,1600000,1645000
SO101948,20240719,6,161,2,1,4,2199000,0.0,8796000,5400000,3396000
SO103405,20240719,17,272,6,10,4,329000,0.0,1316000,600000,716000
SO108058,20240720,10,149,2,2,1,599000,0.0,599000,310000,289000
SO107998,20240720,20,34,1,3,2,129000,0.0,258000,110000,148000
SO100038,20240720,7,254,2,12,4,499000,0.0,1996000,1120000,876000
SO105172,20240720,6,171,1,9,3,2199000,0.0,6597000,4050000,2547000
SO100266,20240720,12,63,1,5,1,299000,0.0,299000,120000,179000
SO111254,20240720,14,121,13,10,1,59000,0.0,59000,12000,47000
SO105977,20240720,1,82,3,10,5,13999000,0.0,69995000,49000000,20995000
SO100192,20240720,17,83,8,11,2,329000,0.0,658000,300000,358000
SO106320,20240720,11,200,8,4,4,199000,0.1,716400,340000,376400
SO104746,20240721,17,48,4,10,3,329000,0.05,937600,450000,487600
SO105281,20240721,19,274,17,10,3,169000,0.0,507000,225000,282000
SO109850,20240721,14,7,8,9,4,59000,0.0,236000,48000,188000
SO106424,20240721,3,29,1,8,4,1999000,0.0,7996000,5800000,2196000
SO101272,20240721,14,120,12,5,4,59000,0.0,236000,48000,188000
SO110152,20240721,11,204,3,2,5,199000,0.0,995000,425000,570000
SO101734,20240721,19,271,2,10,3,169000,0.0,507000,225000,282000
SO110610,20240721,19,104,12,7,4,169000,0.1,608400,300000,308400
SO101412,20240721,20,231,18,2,4,129000,0.0,516000,220000,296000
SO103705,20240721,16,283,11,3,3,1599000,0.0,4797000,2760000,2037000
SO111222,20240721,10,197,3,1,1,599000,0.05,569000,310000,259000
SO110256,20240721,19,85,3,4,1,169000,0.0,169000,75000,94000
SO106990,20240721,12,259,7,12,3,299000,0.1,807300,360000,447300
SO107936,20240721,14,105,2,8,4,59000,0.0,236000,48000,188000
SO104295,20240722,3,207,18,10,3,1999000,0.1,5397300,4350000,1047300
SO100259,20240722,6,210,3,1,3,2199000,0.0,6597000,4050000,2547000
SO102785,20240722,18,13,1,11,1,649000,0.0,649000,320000,329000
SO111587,20240722,14,114,7,2,5,59000,0.05,280200,60000,220200
SO106609,20240722,18,231,18,3,1,649000,0.0,649000,320000,329000
SO104691,20240722,7,300,7,9,4,499000,0.0,1996000,1120000,876000
SO103758,20240722,10,84,12,2,3,599000,0.05,1707200,930000,777200
SO110147,20240722,20,271,2,10,3,129000,0.0,387000,165000,222000
SO103551,20240722,20,161,2,2,3,129000,0.0,387000,165000,222000
SO101460,20240722,8,112,4,3,1,799000,0.0,799000,420000,379000
SO109637,20240722,14,173,15,3,2,59000,0.05,112100,24000,88100
SO107205,20240723,20,60,1,12,2,129000,0.05,245100,110000,135100
SO100547,20240723,18,9,8,7,3,649000,0.05,1849600,960000,889600
SO109795,20240723,14,221,3,6,5,59000,0.0,295000,60000,235000
SO105674,20240723,9,249,1,11,2,349000,0.1,628200,380000,248200
SO101538,20240723,17,283,11,3,5,329000,0.05,1562800,750000,812800
SO100878,20240723,10,61,11,9,5,599000,0.0,2995000,1550000,1445000
SO102656,20240723,13,133,1,2,3,89000,0.0,267000,75000,192000
SO107899,20240723,17,214,3,9,4,329000,0.0,1316000,600000,716000
SO108282,20240723,16,283,11,12,4,1599000,0.1,5756400,3680000,2076400
SO106767,20240723,13,233,7,8,3,89000,0.0,267000,75000,192000
SO108092,20240723,20,215,14,1,2,129000,0.1,232200,110000,122200
SO108305,20240723,13,103,8,1,4,89000,0.05,338200,100000,238200
SO100078,20240723,13,179,2,12,4,89000,0.0,356000,100000,256000
SO111471,20240723,17,208,2,1,4,329000,0.05,1250200,600000,650200
SO103159,20240724,6,223,3,2,3,2199000,0.1,5937300,4050000,1887300
SO106146,20240724,14,83,8,1,3,59000,0.0,177000,36000,141000
SO109682,20240724,9,22,6,10,4,349000,0.0,1396000,760000,636000
SO101728,20240724,19,62,14,7,5,169000,0.0,845000,375000,470000
SO108598,20240724,10,129,1,6,1,599000,0.0,599000,310000,289000
SO101996,20240724,14,281,3,8,5,59000,0.05,280200,60000,220200
SO104806,20240724,17,200,8,10,5,329000,0.0,1645000,750000,895000
SO104684,20240724,10,149,2,9,3,599000,0.0,1797000,930000,867000
SO103878,20240724,3,91,14,3,2,1999000,0.05,3798100,2900000,898100
SO108207,20240724,9,299,1,9,2,349000,0.0,698000,380000,318000
SO105383,20240724,12,155,8,9,3,299000,0.05,852200,360000,492200
SO109657,20240725,14,13,1,1,4,59000,0.0,236000,48000,188000
SO111068,20240725,20,249,1,12,5,129000,0.0,645000,275000,370000
SO103813,20240725,12,49,1,12,4,299000,0.0,1196000,480000,716000
SO100223,20240725,2,154,2,2,2,4499000,0.0,8998000,6200000,2798000
SO104822,20240725,10,124,15,5,4,599000,0.0,2396000,1240000,1156000
SO101571,20240726,9,253,1,3,1,349000,0.1,314100,190000,124100
SO107982,20240726,12,254,2,9,1,299000,0.0,299000,120000,179000
SO105330,20240726,13,153,3,2,1,89000,0.0,89000,25000,64000
SO103515,20240726,14,73,1,11,4,59000,0.0,236000,48000,188000
SO100991,20240726,9,150,11,11,5,349000,0.0,1745000,950000,795000
SO102771,20240726,20,85,3,3,1,129000,0.1,116100,55000,61100
SO102889,20240726,14,151,1,3,4,59000,0.0,236000,48000,188000
SO110713,20240726,18,290,14,6,1,649000,0.05,616600,320000,296600
SO106576,20240727,16,105,2,5,4,1599000,0.0,6396000,3680000,2716000
SO100544,20240727,12,236,3,1,1,299000,0.05,284000,120000,164000
SO109370,20240727,7,218,3,12,1,499000,0.0,499000,280000,219000
SO111220,20240727,16,35,6,8,1,1599000,0.05,1519000,920000,599000
SO111943,20240727,10,143,9,8,4,599000,0.0,2396000,1240000,1156000
SO100681,20240727,14,24,12,9,2,59000,0.05,112100,24000,88100
SO104414,20240727,14,291,14,12,1,59000,0.05,56000,12000,44000
SO100446,20240727,6,196,1,3,1,2199000,0.05,2089000,1350000,739000
SO111676,20240728,18,54,12,11,4,649000,0.0,2596000,1280000,1316000
SO101607,20240728,3,37,12,6,5,1999000,0.05,9495200,7250000,2245200
SO105349,20240728,5,70,8,12,5,3999000,0.0,19995000,14500000,5495000
SO104317,20240728,13,130,11,10,4,89000,0.0,356000,100000,256000
SO100389,20240728,8,105,2,5,3,799000,0.0,2397000,1260000,1137000
SO100732,20240728,9,58,16,8,3,349000,0.0,1047000,570000,477000
SO103306,20240728,13,283,11,8,2,89000,0.0,178000,50000,128000
SO111163,20240728,19,139,2,5,4,169000,0.0,676000,300000,376000
SO111680,20240728,14,284,2,9,5,59000,0.0,295000,60000,235000
SO111481,20240728,18,259,7,11,2,649000,0.0,1298000,640000,658000
SO110879,20240728,7,28,2,4,1,499000,0.1,449100,280000,169100
SO108168,20240729,18,200,8,11,2,649000,0.0,1298000,640000,658000
SO109485,20240729,18,30,6,7,5,649000,0.0,3245000,1600000,1645000
SO109179,20240729,19,253,1,9,2,169000,0.0,338000,150000,188000
SO102762,20240729,12,280,6,11,4,299000,0.0,1196000,480000,716000
SO104666,20240729,7,144,1,2,4,499000,0.0,1996000,1120000,876000
SO108226,20240729,13,204,3,5,1,89000,0.0,89000,25000,64000
SO105235,20240729,20,212,1,11,5,129000,0.0,645000,275000,370000
SO105417,20240729,17,213,6,4,2,329000,0.05,625100,300000,325100
SO101872,20240729,17,225,7,11,1,329000,0.05,312600,150000,162600
SO100128,20240729,14,95,3,6,2,59000,0.0,118000,24000,94000
SO107827,20240729,19,34,1,4,1,169000,0.0,169000,75000,94000
SO109598,20240729,13,22,6,1,5,89000,0.0,445000,125000,320000
SO110728,20240730,14,212,1,6,2,59000,0.0,118000,24000,94000
SO108056,20240730,13,53,1,8,5,89000,0.05,422800,125000,297800
SO102735,20240730,14,257,12,7,1,59000,0.0,59000,12000,47000
SO110404,20240730,1,217,8,4,1,13999000,0.1,12599100,9800000,2799100
SO111489,20240730,4,227,1,1,4,8999000,0.05,34196200,24800000,9396200
SO108148,20240730,20,150,11,6,4,129000,0.0,516000,220000,296000
SO102447,20240731,9,94,3,2,4,349000,0.0,1396000,760000,636000
SO108947,20240731,6,145,14,9,3,2199000,0.0,6597000,4050000,2547000
SO101204,20240731,14,229,12,7,2,59000,0.0,118000,24000,94000
SO103285,20240731,6,150,11,1,1,2199000,0.1,1979100,1350000,629100
SO103202,20240731,9,275,3,3,1,349000,0.05,331600,190000,141600
SO103899,20240731,17,211,1,10,3,329000,0.0,987000,450000,537000
SO109095,20240731,5,299,1,6,5,3999000,0.0,19995000,14500000,5495000
SO103592,20240731,8,237,8,4,2,799000,0.0,1598000,840000,758000
SO111435,20240731,20,246,3,4,4,129000,0.0,516000,220000,296000
SO108739,20240731,19,201,9,4,4,169000,0.05,642200,300000,342200
SO109256,20240731,19,5,1,4,2,169000,0.0,338000,150000,188000
SO109318,20240731,19,228,3,3,4,169000,0.05,642200,300000,342200
SO105261,20240801,7,247,3,11,5,499000,0.1,2245500,1400000,845500
SO107182,20240801,5,43,8,3,3,3999000,0.05,11397200,8700000,2697200
SO105399,20240801,14,39,6,12,1,59000,0.05,56000,12000,44000
SO109499,20240801,20,96,1,4,5,129000,0.0,645000,275000,370000
SO101837,20240801,3,110,2,4,2,1999000,0.0,3998000,2900000,1098000
SO100870,20240801,9,73,1,8,2,349000,0.0,698000,380000,318000
SO101578,20240801,14,96,1,4,5,59000,0.0,295000,60000,235000
SO101575,20240801,13,72,6,10,2,89000,0.0,178000,50000,128000
SO105358,20240801,17,238,3,4,2,329000,0.0,658000,300000,358000
SO100719,20240801,19,45,8,11,1,169000,0.05,160600,75000,85600
SO111557,20240801,14,228,3,7,4,59000,0.0,236000,48000,188000
SO111929,20240802,17,214,3,11,2,329000,0.1,592200,300000,292200
SO101897,20240802,19,16,1,1,3,169000,0.0,507000,225000,282000
SO102151,20240802,7,230,8,4,5,499000,0.1,2245500,1400000,845500
SO106350,20240802,20,288,2,7,1,129000,0.0,129000,55000,74000
SO109168,20240802,17,28,2,11,3,329000,0.0,987000,450000,537000
SO111381,20240802,11,272,6,11,2,199000,0.05,378100,170000,208100
SO107767,20240802,10,231,18,10,3,599000,0.0,1797000,930000,867000
SO111834,20240803,3,200,8,5,3,1999000,0.05,5697200,4350000,1347200
SO104740,20240803,13,237,8,8,3,89000,0.0,267000,75000,192000
SO104054,20240803,14,50,9,7,3,59000,0.0,177000,36000,141000
SO100606,20240803,7,37,12,10,1,499000,0.0,499000,280000,219000
SO103544,20240803,13,105,2,2,5,89000,0.0,445000,125000,320000
SO103055,20240803,13,38,2,3,3,89000,0.0,267000,75000,192000
SO109443,20240803,17,244,7,7,5,329000,0.05,1562800,750000,812800
SO110663,20240803,11,111,1,2,3,199000,0.05,567200,255000,312200
SO102434,20240803,6,138,8,9,5,2199000,0.0,10995000,6750000,4245000
SO103235,20240803,17,69,8,6,3,329000,0.0,987000,450000,537000
SO103046,20240804,16,300,7,10,4,1599000,0.0,6396000,3680000,2716000
SO101924,20240804,17,204,3,1,2,329000,0.1,592200,300000,292200
SO102813,20240804,14,193,1,7,1,59000,0.0,59000,12000,47000
SO110574,20240804,16,67,3,2,3,1599000,0.05,4557200,2760000,1797200
SO107856,20240804,10,294,8,10,5,599000,0.05,2845200,1550000,1295200
SO110156,20240804,7,116,1,2,4,499000,0.0,1996000,1120000,876000
SO111892,20240804,20,178,1,4,1,129000,0.0,129000,55000,74000
SO108015,20240804,14,215,14,4,1,59000,0.0,59000,12000,47000
SO103826,20240804,16,53,1,8,4,1599000,0.0,6396000,3680000,2716000
SO109844,20240804,9,208,2,6,4,349000,0.0,1396000,760000,636000
SO100838,20240805,19,57,1,4,3,169000,0.0,507000,225000,282000
SO105591,20240805,3,221,3,12,5,1999000,0.0,9995000,7250000,2745000
SO100959,20240805,12,198,9,1,4,299000,0.1,1076400,480000,596400
SO102621,20240805,15,206,1,5,5,899000,0.0,4495000,2400000,2095000
SO100391,20240805,20,186,3,5,4,129000,0.0,516000,220000,296000
SO111847,20240805,6,199,6,4,4,2199000,0.0,8796000,5400000,3396000
SO103268,20240805,13,28,2,2,3,89000,0.05,253600,75000,178600
SO100896,20240805,12,135,1,3,1,299000,0.0,299000,120000,179000
SO104501,20240805,13,275,3,6,4,89000,0.0,356000,100000,256000
SO109052,20240806,19,156,11,7,1,169000,0.0,169000,75000,94000
SO108184,20240806,20,67,3,6,1,129000,0.05,122600,55000,67600
SO103144,20240806,19,49,1,7,1,169000,0.05,160600,75000,85600
SO102732,20240806,18,246,3,10,4,649000,0.0,2596000,1280000,1316000
SO100129,20240806,14,260,1,12,4,59000,0.05,224200,48000,176200
SO105669,20240806,19,57,1,9,1,169000,0.05,160600,75000,85600
SO107231,20240806,18,154,2,10,2,649000,0.0,1298000,640000,658000
SO109352,20240806,9,287,6,5,1,349000,0.05,331600,190000,141600
SO100650,20240806,8,175,15,12,2,799000,0.0,1598000,840000,758000
SO110499,20240806,13,295,8,10,1,89000,0.05,84600,25000,59600
SO109805,20240807,18,105,2,10,1,649000,0.0,649000,320000,329000
SO110929,20240807,14,189,18,8,4,59000,0.0,236000,48000,188000
SO106205,20240807,20,150,11,3,1,129000,0.0,129000,55000,74000
SO106249,20240807,4,204,3,7,5,8999000,0.0,44995000,31000000,13995000
SO111519,20240807,14,179,2,10,1,59000,0.15,50200,12000,38200
SO102165,20240807,10,155,8,5,1,599000,0.0,599000,310000,289000
SO109679,20240807,14,177,5,8,4,59000,0.05,224200,48000,176200
SO108857,20240807,14,253,1,9,5,59000,0.05,280200,60000,220200
SO105569,20240807,19,25,12,7,4,169000,0.05,642200,300000,342200
SO105806,20240808,12,192,3,7,1,299000,0.0,299000,120000,179000
SO100470,20240808,12,100,15,5,3,299000,0.15,762400,360000,402400
SO100381,20240808,20,9,8,9,5,129000,0.0,645000,275000,370000
SO105857,20240808,17,146,1,4,5,329000,0.0,1645000,750000,895000
SO100824,20240808,13,290,14,2,5,89000,0.05,422800,125000,297800
SO101264,20240808,20,232,5,2,1,129000,0.05,122600,55000,67600
SO104035,20240808,7,94,3,7,5,499000,0.0,2495000,1400000,1095000
SO107698,20240808,16,180,1,1,2,1599000,0.0,3198000,1840000,1358000
SO107606,20240808,14,7,8,1,4,59000,0.1,212400,48000,164400
SO104777,20240808,6,225,7,2,2,2199000,0.0,4398000,2700000,1698000
SO103599,20240809,9,5,1,5,5,349000,0.0,1745000,950000,795000
SO110239,20240809,4,6,1,7,5,8999000,0.1,40495500,31000000,9495500
SO109561,20240809,18,154,2,12,1,649000,0.05,616600,320000,296600
SO100429,20240809,7,96,1,5,5,499000,0.05,2370200,1400000,970200
SO108286,20240809,12,129,1,12,4,299000,0.05,1136200,480000,656200
SO103173,20240809,20,90,6,3,4,129000,0.0,516000,220000,296000
SO107964,20240809,13,27,6,12,2,89000,0.0,178000,50000,128000
SO103699,20240810,13,181,1,9,2,89000,0.1,160200,50000,110200
SO103398,20240810,16,284,2,2,4,1599000,0.05,6076200,3680000,2396200
SO105486,20240810,13,29,1,5,4,89000,0.05,338200,100000,238200
SO105998,20240810,13,243,3,3,5,89000,0.05,422800,125000,297800
SO104152,20240810,14,148,1,7,2,59000,0.0,118000,24000,94000
SO100532,20240810,8,231,18,10,4,799000,0.1,2876400,1680000,1196400
SO102200,20240810,6,152,3,9,3,2199000,0.0,6597000,4050000,2547000
SO103029,20240810,11,52,3,2,4,199000,0.0,796000,340000,456000
SO110040,20240810,7,71,9,9,3,499000,0.0,1497000,840000,657000
SO107537,20240810,15,290,14,10,3,899000,0.05,2562200,1440000,1122200
SO106899,20240810,19,168,4,12,1,169000,0.0,169000,75000,94000
SO106262,20240810,19,261,2,1,3,169000,0.05,481600,225000,256600
SO106378,20240811,15,297,4,9,1,899000,0.1,809100,480000,329100
SO102930,20240811,14,186,3,4,1,59000,0.0,59000,12000,47000
SO102448,20240811,14,102,1,9,1,59000,0.1,53100,12000,41100
SO100957,20240811,4,226,11,9,5,8999000,0.15,38245800,31000000,7245800
SO105992,20240811,19,68,4,8,4,169000,0.0,676000,300000,376000
SO110125,20240812,17,107,1,11,1,329000,0.0,329000,150000,179000
SO104126,20240812,16,50,9,4,2,1599000,0.0,3198000,1840000,1358000
SO109590,20240812,8,68,4,4,2,799000,0.05,1518100,840000,678100
SO111038,20240812,6,22,6,3,2,2199000,0.0,4398000,2700000,1698000
SO108004,20240812,9,141,3,12,1,349000,0.0,349000,190000,159000
SO108901,20240812,13,33,10,7,1,89000,0.0,89000,25000,64000
SO103797,20240812,17,198,9,6,5,329000,0.0,1645000,750000,895000
SO109425,20240812,8,192,3,3,1,799000,0.0,799000,420000,379000
SO102946,20240812,18,89,3,6,3,649000,0.1,1752300,960000,792300
SO111346,20240812,16,96,1,6,1,1599000,0.0,1599000,920000,679000
SO107635,20240812,18,45,8,5,1,649000,0.05,616600,320000,296600
SO102259,20240812,11,59,1,8,3,199000,0.0,597000,255000,342000
SO103435,20240813,19,56,7,7,5,169000,0.05,802800,375000,427800
SO100437,20240813,13,45,8,10,4,89000,0.0,356000,100000,256000
SO101346,20240813,14,283,11,7,4,59000,0.05,224200,48000,176200
SO100729,20240813,14,49,1,7,3,59000,0.0,177000,36000,141000
SO100244,20240813,5,43,8,4,3,3999000,0.0,11997000,8700000,3297000
SO106140,20240814,12,129,1,7,3,299000,0.0,897000,360000,537000
SO105160,20240814,11,23,1,9,4,199000,0.1,716400,340000,376400
SO101115,20240814,10,233,7,1,2,599000,0.05,1138100,620000,518100
SO110747,20240814,14,282,14,2,3,59000,0.05,168200,36000,132200
SO106362,20240814,6,38,2,8,2,2199000,0.0,4398000,2700000,1698000
SO108624,20240814,11,56,7,6,5,199000,0.05,945200,425000,520200
SO103655,20240814,15,175,15,9,4,899000,0.0,3596000,1920000,1676000
SO105925,20240815,13,137,6,11,3,89000,0.05,253600,75000,178600
SO111905,20240815,13,11,12,7,2,89000,0.05,169100,50000,119100
SO111215,20240815,13,276,7,5,2,89000,0.05,169100,50000,119100
SO111324,20240815,12,40,5,1,2,299000,0.0,598000,240000,358000
SO104049,20240815,12,215,14,2,2,299000,0.0,598000,240000,358000
SO104891,20240815,19,183,2,9,5,169000,0.05,802800,375000,427800
SO102469,20240815,13,155,8,9,4,89000,0.0,356000,100000,256000
SO100323,20240815,18,101,2,6,2,649000,0.0,1298000,640000,658000
SO102131,20240816,17,268,8,7,5,329000,0.0,1645000,750000,895000
SO108963,20240816,11,155,8,12,1,199000,0.0,199000,85000,114000
SO106705,20240816,15,110,2,4,2,899000,0.0,1798000,960000,838000
SO106755,20240816,19,146,1,6,2,169000,0.05,321100,150000,171100
SO109378,20240816,14,159,4,9,4,59000,0.05,224200,48000,176200
SO109034,20240816,13,298,3,3,4,89000,0.0,356000,100000,256000
SO103021,20240816,18,152,3,6,2,649000,0.1,1168200,640000,528200
SO102178,20240816,9,123,17,5,5,349000,0.0,1745000,950000,795000
SO102431,20240817,11,3,1,7,1,199000,0.0,199000,85000,114000
SO103085,20240817,3,203,14,1,3,1999000,0.0,5997000,4350000,1647000
SO102489,20240817,11,96,1,3,3,199000,0.05,567200,255000,312200
SO108497,20240817,11,145,14,11,3,199000,0.05,567200,255000,312200
SO107264,20240817,19,209,1,2,2,169000,0.05,321100,150000,171100
SO109681,20240817,15,267,5,2,5,899000,0.0,4495000,2400000,2095000
SO109258,20240818,15,285,5,12,5,899000,0.05,4270200,2400000,1870200
SO109659,20240818,19,226,11,9,4,169000,0.05,642200,300000,342200
SO109578,20240818,11,27,6,4,3,199000,0.05,567200,255000,312200
SO103829,20240818,10,130,11,4,2,599000,0.0,1198000,620000,578000
SO109327,20240818,19,37,12,11,2,169000,0.05,321100,150000,171100
SO105128,20240818,4,31,2,11,2,8999000,0.0,17998000,12400000,5598000
SO107925,20240818,16,266,1,9,3,1599000,0.0,4797000,2760000,2037000
SO108855,20240819,9,196,1,4,1,349000,0.0,349000,190000,159000
SO103864,20240819,11,243,3,6,3,199000,0.05,567200,255000,312200
SO101205,20240819,10,205,7,4,4,599000,0.0,2396000,1240000,1156000
SO111986,20240819,14,236,3,4,2,59000,0.05,112100,24000,88100
SO109522,20240819,14,39,6,4,4,59000,0.0,236000,48000,188000
SO110716,20240819,13,44,5,9,4,89000,0.0,356000,100000,256000
SO107490,20240819,3,28,2,7,4,1999000,0.05,7596200,5800000,1796200
SO103260,20240819,13,34,1,7,4,89000,0.05,338200,100000,238200
SO100109,20240819,19,145,14,1,5,169000,0.1,760500,375000,385500
SO100380,20240819,17,12,6,4,4,329000,0.1,1184400,600000,584400
SO105095,20240819,12,206,1,11,5,299000,0.0,1495000,600000,895000
SO110792,20240820,13,269,15,11,3,89000,0.0,267000,75000,192000
SO108096,20240820,9,217,8,11,4,349000,0.0,1396000,760000,636000
SO102196,20240820,19,282,14,10,2,169000,0.0,338000,150000,188000
SO103919,20240820,13,10,2,7,1,89000,0.0,89000,25000,64000
SO101316,20240820,6,187,5,4,1,2199000,0.0,2199000,1350000,849000
SO110536,20240820,10,114,7,11,2,599000,0.1,1078200,620000,458200
SO110408,20240820,17,239,5,11,2,329000,0.1,592200,300000,292200
SO104968,20240820,8,265,14,1,2,799000,0.05,1518100,840000,678100
SO102585,20240820,18,266,1,5,5,649000,0.05,3082800,1600000,1482800
SO106927,20240820,11,201,9,10,2,199000,0.0,398000,170000,228000
SO108617,20240821,13,250,7,9,2,89000,0.0,178000,50000,128000
SO109058,20240821,1,54,12,12,4,13999000,0.1,50396400,39200000,11196400
SO107172,20240821,17,168,4,1,2,329000,0.0,658000,300000,358000
SO103978,20240821,5,239,5,3,1,3999000,0.05,3799000,2900000,899000
SO110160,20240821,19,180,1,2,4,169000,0.05,642200,300000,342200
SO108078,20240821,7,55,3,7,1,499000,0.1,449100,280000,169100
SO108186,20240821,17,175,15,6,5,329000,0.0,1645000,750000,895000
SO111394,20240821,13,196,1,12,3,89000,0.0,267000,75000,192000
SO109105,20240822,13,153,3,11,2,89000,0.05,169100,50000,119100
SO106977,20240822,20,220,6,9,3,129000,0.0,387000,165000,222000
SO105220,20240822,11,186,3,3,2,199000,0.0,398000,170000,228000
SO109213,20240822,20,202,1,12,2,129000,0.05,245100,110000,135100
SO106239,20240822,20,113,15,3,2,129000,0.0,258000,110000,148000
SO101258,20240823,7,185,3,9,3,499000,0.0,1497000,840000,657000
SO103349,20240823,7,77,1,9,1,499000,0.0,499000,280000,219000
SO107904,20240823,17,109,3,1,2,329000,0.0,658000,300000,358000
SO104490,20240823,14,168,4,7,5,59000,0.05,280200,60000,220200
SO100908,20240823,19,291,14,3,1,169000,0.0,169000,75000,94000
SO110196,20240823,6,38,2,4,4,2199000,0.0,8796000,5400000,3396000
SO103480,20240823,13,98,7,10,3,89000,0.0,267000,75000,192000
SO111237,20240823,18,210,3,8,4,649000,0.0,2596000,1280000,1316000
SO104323,20240823,14,287,6,6,5,59000,0.0,295000,60000,235000
SO106256,20240823,20,169,5,2,2,129000,0.0,258000,110000,148000
SO106351,20240823,20,218,3,11,5,129000,0.0,645000,275000,370000
SO111866,20240823,16,75,12,3,5,1599000,0.0,7995000,4600000,3395000
SO110698,20240823,14,122,18,3,1,59000,0.05,56000,12000,44000
SO102155,20240823,10,67,3,10,1,599000,0.05,569000,310000,259000
SO110862,20240823,9,105,2,1,2,349000,0.0,698000,380000,318000
SO105133,20240824,11,107,1,1,2,199000,0.0,398000,170000,228000
SO105724,20240824,19,159,4,5,1,169000,0.0,169000,75000,94000
SO107597,20240824,14,140,3,7,4,59000,0.0,236000,48000,188000
SO108308,20240824,13,91,14,8,1,89000,0.0,89000,25000,64000
SO111541,20240824,11,63,1,10,2,199000,0.0,398000,170000,228000
SO103692,20240825,14,166,4,1,5,59000,0.0,295000,60000,235000
SO107781,20240825,9,7,8,5,3,349000,0.05,994600,570000,424600
SO105354,20240825,14,216,2,10,3,59000,0.0,177000,36000,141000
SO107559,20240825,11,136,11,9,3,199000,0.0,597000,255000,342000
SO104171,20240825,17,271,2,8,2,329000,0.0,658000,300000,358000
SO110149,20240825,19,207,18,11,3,169000,0.05,481600,225000,256600
SO100050,20240826,13,266,1,11,4,89000,0.0,356000,100000,256000
SO109860,20240826,12,250,7,8,3,299000,0.05,852200,360000,492200
SO111978,20240826,12,164,12,4,4,299000,0.0,1196000,480000,716000
SO108284,20240826,10,254,2,6,4,599000,0.0,2396000,1240000,1156000
SO102084,20240826,18,232,5,11,5,649000,0.0,3245000,1600000,1645000
SO108066,20240826,8,279,12,11,4,799000,0.0,3196000,1680000,1516000
SO104988,20240826,9,218,3,8,5,349000,0.05,1657800,950000,707800
SO100723,20240826,20,296,8,7,1,129000,0.05,122600,55000,67600
SO102195,20240826,13,107,1,1,4,89000,0.05,338200,100000,238200
SO102677,20240826,19,9,8,1,1,169000,0.0,169000,75000,94000
SO101566,20240826,2,192,3,12,4,4499000,0.0,17996000,12400000,5596000
SO104786,20240827,12,128,5,1,4,299000,0.0,1196000,480000,716000
SO101703,20240827,15,73,1,12,5,899000,0.0,4495000,2400000,2095000
SO109253,20240827,14,120,12,3,2,59000,0.05,112100,24000,88100
SO106939,20240827,12,266,1,5,5,299000,0.1,1345500,600000,745500
SO106095,20240827,19,229,12,7,2,169000,0.1,304200,150000,154200
SO111994,20240827,13,151,1,9,1,89000,0.1,80100,25000,55100
SO109761,20240828,11,24,12,3,1,199000,0.05,189000,85000,104000
SO102880,20240828,6,33,10,7,1,2199000,0.0,2199000,1350000,849000
SO108496,20240828,13,23,1,2,2,89000,0.05,169100,50000,119100
SO105704,20240828,8,223,3,11,2,799000,0.0,1598000,840000,758000
SO107623,20240828,13,10,2,2,5,89000,0.0,445000,125000,320000
SO103091,20240828,8,131,6,2,5,799000,0.0,3995000,2100000,1895000
SO101514,20240828,11,18,18,10,3,199000,0.0,597000,255000,342000
SO104659,20240828,19,82,3,10,3,169000,0.1,456300,225000,231300
SO103445,20240828,19,71,9,8,4,169000,0.0,676000,300000,376000
SO110362,20240828,11,220,6,3,3,199000,0.0,597000,255000,342000
SO100171,20240829,17,89,3,12,2,329000,0.05,625100,300000,325100
SO108435,20240829,11,24,12,3,5,199000,0.05,945200,425000,520200
SO101517,20240829,3,151,1,2,5,1999000,0.1,8995500,7250000,1745500
SO100731,20240829,2,280,6,3,5,4499000,0.1,20245500,15500000,4745500
SO105732,20240829,19,52,3,5,3,169000,0.0,507000,225000,282000
SO105607,20240829,13,136,11,1,5,89000,0.0,445000,125000,320000
SO100822,20240829,17,129,1,1,4,329000,0.1,1184400,600000,584400
SO105843,20240829,7,192,3,5,2,499000,0.0,998000,560000,438000
SO103399,20240829,18,13,1,7,5,649000,0.0,3245000,1600000,1645000
SO109930,20240829,14,193,1,12,5,59000,0.0,295000,60000,235000
SO108143,20240829,14,295,8,2,2,59000,0.0,118000,24000,94000
SO110482,20240830,2,131,6,10,2,4499000,0.0,8998000,6200000,2798000
SO100471,20240830,19,132,5,8,1,169000,0.0,169000,75000,94000
SO105250,20240830,7,113,15,5,5,499000,0.05,2370200,1400000,970200
SO105342,20240830,20,151,1,2,4,129000,0.0,516000,220000,296000
SO100999,20240830,10,265,14,10,4,599000,0.1,2156400,1240000,916400
SO109335,20240830,15,216,2,2,3,899000,0.0,2697000,1440000,1257000
SO110524,20240831,10,1,2,3,2,599000,0.0,1198000,620000,578000
SO103376,20240831,13,212,1,11,1,89000,0.0,89000,25000,64000
SO100626,20240831,19,105,2,1,1,169000,0.0,169000,75000,94000
SO110996,20240831,11,290,14,7,1,199000,0.0,199000,85000,114000
SO108079,20240831,18,267,5,2,3,649000,0.0,1947000,960000,987000
SO111694,20240831,20,240,8,1,5,129000,0.05,612800,275000,337800
SO102256,20240831,6,235,15,1,5,2199000,0.15,9345800,6750000,2595800
SO101957,20240831,19,85,3,9,3,169000,0.05,481600,225000,256600
SO102908,20240831,18,261,2,2,3,649000,0.0,1947000,960000,987000
SO100222,20240901,9,126,1,8,4,349000,0.0,1396000,760000,636000
SO102408,20240901,20,62,14,10,4,129000,0.05,490200,220000,270200
SO101533,20240901,3,112,4,1,4,1999000,0.0,7996000,5800000,2196000
SO108332,20240901,17,251,7,12,2,329000,0.05,625100,300000,325100
SO108729,20240901,1,235,15,2,3,13999000,0.0,41997000,29400000,12597000
SO106325,20240901,20,57,1,11,4,129000,0.0,516000,220000,296000
SO108038,20240901,8,184,6,5,3,799000,0.0,2397000,1260000,1137000
SO100233,20240901,13,36,1,8,2,89000,0.05,169100,50000,119100
SO109779,20240901,8,110,2,1,3,799000,0.05,2277200,1260000,1017200
SO101220,20240901,14,138,8,2,4,59000,0.05,224200,48000,176200
SO102199,20240902,9,79,8,9,3,349000,0.0,1047000,570000,477000
SO106538,20240902,16,122,18,9,5,1599000,0.0,7995000,4600000,3395000
SO109526,20240902,10,77,1,8,5,599000,0.0,2995000,1550000,1445000
SO101650,20240902,20,270,6,12,2,129000,0.1,232200,110000,122200
SO103493,20240902,16,127,2,2,5,1599000,0.0,7995000,4600000,3395000
SO106588,20240902,13,292,11,7,1,89000,0.0,89000,25000,64000
SO109648,20240902,13,87,6,4,3,89000,0.1,240300,75000,165300
SO107282,20240902,14,24,12,11,1,59000,0.05,56000,12000,44000
SO102836,20240902,11,210,3,4,2,199000,0.0,398000,170000,228000
SO108991,20240902,18,262,1,2,1,649000,0.0,649000,320000,329000
SO100459,20240903,20,189,18,12,3,129000,0.05,367600,165000,202600
SO100375,20240903,7,175,15,9,5,499000,0.05,2370200,1400000,970200
SO102840,20240903,17,157,12,1,5,329000,0.05,1562800,750000,812800
SO108547,20240903,13,137,6,6,5,89000,0.05,422800,125000,297800
SO102868,20240903,14,199,6,7,4,59000,0.0,236000,48000,188000
SO101231,20240903,9,221,3,3,3,349000,0.0,1047000,570000,477000
SO109548,20240903,17,267,5,12,2,329000,0.0,658000,300000,358000
SO108014,20240903,11,267,5,6,2,199000,0.05,378100,170000,208100
SO111116,20240903,14,294,8,12,2,59000,0.1,106200,24000,82200
SO104864,20240903,12,163,14,1,4,299000,0.0,1196000,480000,716000
SO109270,20240903,14,273,2,9,3,59000,0.1,159300,36000,123300
SO109614,20240903,6,269,15,9,3,2199000,0.0,6597000,4050000,2547000
SO105103,20240904,11,168,4,9,5,199000,0.0,995000,425000,570000
SO102391,20240904,19,78,1,3,4,169000,0.0,676000,300000,376000
SO104907,20240904,17,91,14,8,4,329000,0.05,1250200,600000,650200
SO110438,20240904,2,57,1,4,4,4499000,0.0,17996000,12400000,5596000
SO111213,20240904,20,26,5,2,5,129000,0.0,645000,275000,370000
SO110017,20240904,20,55,3,4,5,129000,0.0,645000,275000,370000
SO100170,20240904,13,267,5,11,4,89000,0.0,356000,100000,256000
SO103802,20240904,7,58,16,4,3,499000,0.0,1497000,840000,657000
SO102458,20240904,19,278,3,8,5,169000,0.0,845000,375000,470000
SO109582,20240904,15,186,3,7,3,899000,0.0,2697000,1440000,1257000
SO101401,20240904,20,94,3,9,4,129000,0.0,516000,220000,296000
SO108943,20240905,11,179,2,11,4,199000,0.0,796000,340000,456000
SO107786,20240905,14,21,18,2,1,59000,0.0,59000,12000,47000
SO105203,20240905,7,252,7,8,2,499000,0.0,998000,560000,438000
SO100720,20240905,10,251,7,9,4,599000,0.05,2276200,1240000,1036200
SO109190,20240905,3,38,2,5,5,1999000,0.05,9495200,7250000,2245200
SO108834,20240905,17,266,1,6,3,329000,0.0,987000,450000,537000
SO108101,20240905,14,110,2,3,4,59000,0.05,224200,48000,176200
SO101453,20240905,4,64,3,7,4,8999000,0.0,35996000,24800000,11196000
SO111132,20240906,3,157,12,6,2,1999000,0.0,3998000,2900000,1098000
SO100754,20240906,10,182,14,6,4,599000,0.05,2276200,1240000,1036200
SO111879,20240906,7,46,17,6,4,499000,0.0,1996000,1120000,876000
SO108761,20240906,20,59,1,8,5,129000,0.0,645000,275000,370000
SO110992,20240906,9,287,6,2,2,349000,0.0,698000,380000,318000
SO105777,20240906,14,197,3,10,2,59000,0.0,118000,24000,94000
SO104037,20240906,20,77,1,3,2,129000,0.1,232200,110000,122200
SO103015,20240906,20,236,3,1,3,129000,0.1,348300,165000,183300
SO107313,20240906,7,243,3,11,2,499000,0.05,948100,560000,388100
SO106765,20240906,20,92,3,6,2,129000,0.0,258000,110000,148000
SO105257,20240906,1,288,2,11,4,13999000,0.0,55996000,39200000,16796000
SO110202,20240906,12,31,2,4,4,299000,0.0,1196000,480000,716000
SO111740,20240907,14,50,9,6,4,59000,0.1,212400,48000,164400
SO106693,20240907,14,50,9,8,5,59000,0.0,295000,60000,235000
SO110144,20240907,17,294,8,4,1,329000,0.05,312600,150000,162600
SO108549,20240907,4,166,4,9,3,8999000,0.0,26997000,18600000,8397000
SO102504,20240907,15,20,1,10,1,899000,0.1,809100,480000,329100
SO107853,20240907,20,26,5,2,4,129000,0.05,490200,220000,270200
SO107813,20240907,16,268,8,5,1,1599000,0.1,1439100,920000,519100
SO107414,20240907,14,192,3,5,1,59000,0.0,59000,12000,47000
SO103719,20240907,8,178,1,4,5,799000,0.0,3995000,2100000,1895000
SO101259,20240907,20,157,12,10,5,129000,0.0,645000,275000,370000
SO101577,20240907,6,103,8,3,2,2199000,0.0,4398000,2700000,1698000
SO100028,20240907,14,265,14,3,1,59000,0.05,56000,12000,44000
SO104882,20240907,20,171,1,2,1,129000,0.0,129000,55000,74000
SO104474,20240907,14,114,7,12,5,59000,0.05,280200,60000,220200
SO108763,20240907,19,229,12,2,2,169000,0.05,321100,150000,171100
SO110089,20240908,17,146,1,7,1,329000,0.0,329000,150000,179000
SO110184,20240908,14,81,17,7,5,59000,0.0,295000,60000,235000
SO103662,20240908,19,91,14,6,5,169000,0.05,802800,375000,427800
SO108805,20240908,20,235,15,10,3,129000,0.0,387000,165000,222000
SO105469,20240908,10,268,8,3,4,599000,0.0,2396000,1240000,1156000
SO105716,20240908,14,86,2,12,5,59000,0.0,295000,60000,235000
SO106402,20240908,20,111,1,12,5,129000,0.05,612800,275000,337800
SO100968,20240909,20,40,5,9,5,129000,0.0,645000,275000,370000
SO106399,20240909,19,173,15,12,1,169000,0.05,160600,75000,85600
SO104951,20240909,13,162,1,8,1,89000,0.05,84600,25000,59600
SO100588,20240909,13,281,3,8,5,89000,0.1,400500,125000,275500
SO101071,20240909,17,244,7,6,5,329000,0.05,1562800,750000,812800
SO101074,20240909,14,81,17,10,1,59000,0.0,59000,12000,47000
SO106382,20240910,18,9,8,11,4,649000,0.0,2596000,1280000,1316000
SO103971,20240910,8,19,1,5,2,799000,0.0,1598000,840000,758000
SO103038,20240910,19,241,4,1,3,169000,0.1,456300,225000,231300
SO107369,20240910,9,200,8,11,1,349000,0.0,349000,190000,159000
SO101618,20240910,14,263,2,8,3,59000,0.05,168200,36000,132200
SO103436,20240910,11,134,2,7,3,199000,0.0,597000,255000,342000
SO102246,20240910,13,87,6,7,3,89000,0.05,253600,75000,178600
SO110605,20240910,11,87,6,6,2,199000,0.0,398000,170000,228000
SO111253,20240910,12,197,3,11,3,299000,0.05,852200,360000,492200
SO107367,20240911,16,67,3,12,4,1599000,0.05,6076200,3680000,2396200
SO100076,20240911,7,65,8,8,2,499000,0.05,948100,560000,388100
SO107185,20240911,4,203,14,9,2,8999000,0.1,16198200,12400000,3798200
SO102463,20240911,19,142,8,3,3,169000,0.0,507000,225000,282000
SO103663,20240911,17,293,17,3,4,329000,0.15,1118600,600000,518600
SO107447,20240911,13,113,15,10,3,89000,0.0,267000,75000,192000
SO107302,20240911,10,86,2,9,2,599000,0.0,1198000,620000,578000
SO111490,20240911,3,26,5,11,2,1999000,0.1,3598200,2900000,698200
SO104080,20240911,19,150,11,1,4,169000,0.05,642200,300000,342200
SO108793,20240911,18,203,14,2,2,649000,0.05,1233100,640000,593100
SO106072,20240911,17,72,6,11,3,329000,0.0,987000,450000,537000
SO111337,20240911,19,276,7,2,4,169000,0.0,676000,300000,376000
SO109072,20240911,20,130,11,4,2,129000,0.0,258000,110000,148000
SO100964,20240911,17,201,9,11,1,329000,0.0,329000,150000,179000
SO101036,20240911,16,215,14,3,5,1599000,0.0,7995000,4600000,3395000
SO111818,20240911,14,291,14,3,1,59000,0.05,56000,12000,44000
SO100971,20240912,17,36,1,7,1,329000,0.05,312600,150000,162600
SO105188,20240912,13,71,9,6,1,89000,0.0,89000,25000,64000
SO111685,20240912,11,177,5,5,1,199000,0.0,199000,85000,114000
SO110952,20240912,10,153,3,8,3,599000,0.0,1797000,930000,867000
SO101382,20240912,18,69,8,10,3,649000,0.0,1947000,960000,987000
SO106684,20240912,11,32,7,5,2,199000,0.0,398000,170000,228000
SO105687,20240912,8,101,2,6,5,799000,0.05,3795200,2100000,1695200
SO105440,20240913,15,204,3,12,4,899000,0.0,3596000,1920000,1676000
SO107592,20240913,20,162,1,9,5,129000,0.05,612800,275000,337800
SO100407,20240913,14,172,1,3,3,59000,0.0,177000,36000,141000
SO103975,20240913,10,195,3,11,5,599000,0.05,2845200,1550000,1295200
SO103762,20240913,18,122,18,5,4,649000,0.0,2596000,1280000,1316000
SO109304,20240913,15,292,11,12,1,899000,0.1,809100,480000,329100
SO105102,20240913,18,202,1,7,5,649000,0.05,3082800,1600000,1482800
SO105217,20240913,15,215,14,5,2,899000,0.05,1708100,960000,748100
SO101876,20240913,6,287,6,12,3,2199000,0.1,5937300,4050000,1887300
SO107868,20240913,14,86,2,5,1,59000,0.0,59000,12000,47000
SO100782,20240913,15,84,12,6,5,899000,0.0,4495000,2400000,2095000
SO102310,20240913,12,277,1,6,2,299000,0.0,598000,240000,358000
SO103488,20240913,16,26,5,4,5,1599000,0.05,7595200,4600000,2995200
SO110938,20240913,3,154,2,9,5,1999000,0.0,9995000,7250000,2745000
SO100589,20240913,11,41,3,6,2,199000,0.0,398000,170000,228000
SO111455,20240913,8,226,11,11,1,799000,0.1,719100,420000,299100
SO102426,20240913,14,107,1,2,5,59000,0.0,295000,60000,235000
SO109835,20240913,14,182,14,7,4,59000,0.05,224200,48000,176200
SO109751,20240914,14,243,3,4,2,59000,0.0,118000,24000,94000
SO104021,20240914,17,255,1,7,4,329000,0.05,1250200,600000,650200
SO103620,20240914,14,295,8,8,1,59000,0.0,59000,12000,47000
SO109312,20240914,13,193,1,4,5,89000,0.0,445000,125000,320000
SO103799,20240914,20,222,15,1,4,129000,0.05,490200,220000,270200
SO103918,20240914,17,218,3,7,5,329000,0.0,1645000,750000,895000
SO111409,20240914,8,34,1,8,3,799000,0.0,2397000,1260000,1137000
SO102230,20240914,14,255,1,2,5,59000,0.0,295000,60000,235000
SO107626,20240914,14,248,1,1,1,59000,0.05,56000,12000,44000
SO101442,20240915,18,46,17,9,3,649000,0.0,1947000,960000,987000
SO106438,20240915,17,138,8,4,5,329000,0.05,1562800,750000,812800
SO110580,20240915,9,203,14,1,1,349000,0.0,349000,190000,159000
SO103665,20240915,3,141,3,9,3,1999000,0.0,5997000,4350000,1647000
SO105338,20240915,9,78,1,10,3,349000,0.05,994600,570000,424600
SO106748,20240915,19,129,1,11,3,169000,0.0,507000,225000,282000
SO108253,20240915,14,168,4,1,1,59000,0.0,59000,12000,47000
SO111168,20240915,12,167,4,2,5,299000,0.1,1345500,600000,745500
SO108508,20240915,14,276,7,2,1,59000,0.0,59000,12000,47000
SO102081,20240915,9,166,4,9,3,349000,0.0,1047000,570000,477000
SO104403,20240915,20,228,3,3,2,129000,0.1,232200,110000,122200
SO111812,20240915,14,102,1,7,4,59000,0.05,224200,48000,176200
SO102276,20240915,17,211,1,10,4,329000,0.0,1316000,600000,716000
SO110673,20240915,9,72,6,12,3,349000,0.0,1047000,570000,477000
SO106642,20240916,12,16,1,4,3,299000,0.0,897000,360000,537000
SO110240,20240916,17,278,3,6,5,329000,0.0,1645000,750000,895000
SO109618,20240916,14,208,2,12,1,59000,0.0,59000,12000,47000
SO109208,20240916,5,250,7,1,5,3999000,0.05,18995200,14500000,4495200
SO103714,20240916,19,52,3,10,3,169000,0.0,507000,225000,282000
SO100377,20240916,14,204,3,4,1,59000,0.0,59000,12000,47000
SO110077,20240916,20,186,3,7,1,129000,0.05,122600,55000,67600
SO105260,20240916,7,41,3,5,4,499000,0.1,1796400,1120000,676400
SO101169,20240916,19,176,1,2,4,169000,0.0,676000,300000,376000
SO102747,20240916,11,289,2,4,3,199000,0.05,567200,255000,312200
SO110319,20240917,14,28,2,12,2,59000,0.0,118000,24000,94000
SO106810,20240917,20,186,3,12,3,129000,0.0,387000,165000,222000
SO105825,20240917,9,47,3,2,2,349000,0.0,698000,380000,318000
SO109219,20240917,15,107,1,2,5,899000,0.0,4495000,2400000,2095000
SO107532,20240917,11,193,1,3,4,199000,0.0,796000,340000,456000
SO110961,20240917,20,70,8,2,3,129000,0.0,387000,165000,222000
SO103145,20240917,2,178,1,8,1,4499000,0.15,3824200,3100000,724200
SO108428,20240917,13,140,3,12,4,89000,0.05,338200,100000,238200
SO108831,20240917,15,221,3,12,4,899000,0.05,3416200,1920000,1496200
SO104706,20240917,8,200,8,1,5,799000,0.0,3995000,2100000,1895000
SO106532,20240917,17,202,1,7,1,329000,0.1,296100,150000,146100
SO110108,20240917,13,25,12,6,1,89000,0.05,84600,25000,59600
SO106607,20240918,14,79,8,4,3,59000,0.0,177000,36000,141000
SO109431,20240918,9,194,14,5,2,349000,0.05,663100,380000,283100
SO111416,20240918,18,196,1,5,1,649000,0.05,616600,320000,296600
SO103036,20240918,12,8,8,7,4,299000,0.0,1196000,480000,716000
SO111129,20240918,13,280,6,7,4,89000,0.05,338200,100000,238200
SO100871,20240918,18,216,2,9,3,649000,0.0,1947000,960000,987000
SO108913,20240918,13,255,1,12,3,89000,0.0,267000,75000,192000
SO109484,20240918,20,183,2,3,1,129000,0.1,116100,55000,61100
SO101441,20240918,17,33,10,11,3,329000,0.0,987000,450000,537000
SO105234,20240918,11,145,14,1,4,199000,0.1,716400,340000,376400
SO104148,20240918,6,99,3,11,5,2199000,0.1,9895500,6750000,3145500
SO105126,20240918,13,256,9,11,2,89000,0.05,169100,50000,119100
SO105514,20240918,12,169,5,9,4,299000,0.0,1196000,480000,716000
SO107084,20240918,19,32,7,1,4,169000,0.0,676000,300000,376000
SO105574,20240919,10,191,8,5,3,599000,0.0,1797000,930000,867000
SO105950,20240919,11,97,1,10,5,199000,0.0,995000,425000,570000
SO103321,20240919,7,233,7,8,4,499000,0.05,1896200,1120000,776200
SO103035,20240919,9,36,1,3,5,349000,0.1,1570500,950000,620500
SO108642,20240919,13,278,3,11,5,89000,0.0,445000,125000,320000
SO105360,20240919,19,221,3,7,4,169000,0.0,676000,300000,376000
SO104010,20240919,13,132,5,12,5,89000,0.0,445000,125000,320000
SO106868,20240919,15,297,4,6,4,899000,0.05,3416200,1920000,1496200
SO102834,20240919,6,137,6,12,3,2199000,0.1,5937300,4050000,1887300
SO107247,20240919,19,38,2,9,3,169000,0.05,481600,225000,256600
SO109593,20240919,15,127,2,11,1,899000,0.0,899000,480000,419000
SO108425,20240920,20,242,13,5,3,129000,0.0,387000,165000,222000
SO102314,20240920,18,86,2,12,1,649000,0.05,616600,320000,296600
SO108389,20240920,14,269,15,11,1,59000,0.0,59000,12000,47000
SO102812,20240920,20,275,3,10,3,129000,0.05,367600,165000,202600
SO102932,20240920,20,86,2,10,4,129000,0.0,516000,220000,296000
SO102645,20240920,14,35,6,4,3,59000,0.0,177000,36000,141000
SO103240,20240920,13,92,3,7,3,89000,0.1,240300,75000,165300
SO110537,20240920,17,172,1,9,5,329000,0.05,1562800,750000,812800
SO110776,20240920,13,245,3,11,3,89000,0.05,253600,75000,178600
SO101591,20240920,19,241,4,5,3,169000,0.05,481600,225000,256600
SO109108,20240921,12,234,2,5,2,299000,0.0,598000,240000,358000
SO101099,20240921,11,109,3,10,5,199000,0.05,945200,425000,520200
SO103521,20240921,17,287,6,1,4,329000,0.0,1316000,600000,716000
SO110931,20240921,13,162,1,3,4,89000,0.05,338200,100000,238200
SO110224,20240921,3,161,2,2,1,1999000,0.05,1899000,1450000,449000
SO103167,20240921,10,85,3,12,4,599000,0.05,2276200,1240000,1036200
SO101622,20240921,19,23,1,10,2,169000,0.0,338000,150000,188000
SO103274,20240921,19,70,8,6,5,169000,0.0,845000,375000,470000
SO102653,20240921,18,145,14,1,2,649000,0.0,1298000,640000,658000
SO106571,20240921,3,218,3,3,5,1999000,0.05,9495200,7250000,2245200
SO111596,20240922,14,11,12,9,1,59000,0.1,53100,12000,41100
SO106417,20240922,10,286,4,2,4,599000,0.0,2396000,1240000,1156000
SO107052,20240922,13,141,3,11,5,89000,0.0,445000,125000,320000
SO103967,20240922,11,108,4,2,1,199000,0.0,199000,85000,114000
SO106504,20240922,20,238,3,5,1,129000,0.0,129000,55000,74000
SO111418,20240922,20,275,3,6,2,129000,0.05,245100,110000,135100
SO104739,20240922,13,21,18,7,1,89000,0.0,89000,25000,64000
SO110310,20240922,14,110,2,1,3,59000,0.1,159300,36000,123300
SO102668,20240922,1,81,17,6,1,13999000,0.0,13999000,9800000,4199000
SO105430,20240922,14,163,14,11,3,59000,0.05,168200,36000,132200
SO108265,20240922,14,181,1,5,3,59000,0.1,159300,36000,123300
SO106845,20240923,11,298,3,4,5,199000,0.0,995000,425000,570000
SO109868,20240923,13,112,4,7,5,89000,0.05,422800,125000,297800
SO110749,20240923,3,165,9,2,3,1999000,0.0,5997000,4350000,1647000
SO104712,20240923,19,7,8,10,3,169000,0.1,456300,225000,231300
SO111615,20240923,19,1,2,6,1,169000,0.0,169000,75000,94000
SO105491,20240923,1,300,7,7,5,13999000,0.0,69995000,49000000,20995000
SO111144,20240923,10,35,6,8,1,599000,0.0,599000,310000,289000
SO104759,20240923,14,133,1,3,5,59000,0.05,280200,60000,220200
SO109473,20240924,12,253,1,11,1,299000,0.05,284000,120000,164000
SO101679,20240924,10,213,6,10,1,599000,0.0,599000,310000,289000
SO102461,20240924,20,214,3,9,1,129000,0.0,129000,55000,74000
SO110533,20240924,16,226,11,11,3,1599000,0.1,4317300,2760000,1557300
SO110336,20240924,15,134,2,9,3,899000,0.0,2697000,1440000,1257000
SO106153,20240924,10,4,3,11,2,599000,0.0,1198000,620000,578000
SO106112,20240924,17,83,8,11,3,329000,0.0,987000,450000,537000
SO108287,20240924,10,262,1,5,5,599000,0.0,2995000,1550000,1445000
SO111846,20240924,12,69,8,3,2,299000,0.0,598000,240000,358000
SO111239,20240925,14,221,3,12,1,59000,0.0,59000,12000,47000
SO108982,20240925,16,1,2,3,4,1599000,0.1,5756400,3680000,2076400
SO108731,20240925,13,42,7,9,5,89000,0.0,445000,125000,320000
SO100933,20240925,15,120,12,8,3,899000,0.0,2697000,1440000,1257000
SO106305,20240925,14,80,1,5,2,59000,0.05,112100,24000,88100
SO102623,20240925,2,207,18,6,4,4499000,0.05,17096200,12400000,4696200
SO100728,20240926,11,135,1,5,3,199000,0.0,597000,255000,342000
SO100339,20240926,11,213,6,12,2,199000,0.1,358200,170000,188200
SO104576,20240926,16,251,7,2,1,1599000,0.0,1599000,920000,679000
SO111733,20240926,7,246,3,7,5,499000,0.1,2245500,1400000,845500
SO103413,20240926,8,91,14,6,1,799000,0.0,799000,420000,379000
SO111032,20240926,19,29,1,12,4,169000,0.05,642200,300000,342200
SO111123,20240926,16,12,6,4,5,1599000,0.15,6795800,4600000,2195800
SO102794,20240926,11,129,1,2,2,199000,0.0,398000,170000,228000
SO102308,20240926,10,77,1,2,2,599000,0.05,1138100,620000,518100
SO111849,20240926,13,230,8,3,4,89000,0.05,338200,100000,238200
SO109647,20240927,13,219,7,2,4,89000,0.1,320400,100000,220400
SO100033,20240927,18,71,9,11,5,649000,0.0,3245000,1600000,1645000
SO111543,20240927,19,206,1,11,1,169000,0.0,169000,75000,94000
SO110247,20240927,19,238,3,4,2,169000,0.05,321100,150000,171100
SO107533,20240927,14,268,8,6,5,59000,0.0,295000,60000,235000
SO108686,20240927,18,43,8,10,3,649000,0.1,1752300,960000,792300
SO108683,20240927,13,111,1,9,5,89000,0.0,445000,125000,320000
SO101465,20240927,17,293,17,8,3,329000,0.0,987000,450000,537000
SO105676,20240927,14,47,3,9,5,59000,0.0,295000,60000,235000
SO109918,20240927,8,253,1,1,1,799000,0.0,799000,420000,379000
SO110882,20240928,10,170,3,10,2,599000,0.1,1078200,620000,458200
SO105768,20240928,7,202,1,7,3,499000,0.1,1347300,840000,507300
SO103712,20240928,20,227,1,2,4,129000,0.0,516000,220000,296000
SO108340,20240928,10,59,1,4,5,599000,0.1,2695500,1550000,1145500
SO104794,20240928,20,112,4,6,3,129000,0.0,387000,165000,222000
SO109440,20240929,17,287,6,11,1,329000,0.0,329000,150000,179000
SO103011,20240929,19,4,3,6,3,169000,0.0,507000,225000,282000
SO109315,20240929,19,178,1,11,5,169000,0.0,845000,375000,470000
SO105445,20240929,14,191,8,7,1,59000,0.05,56000,12000,44000
SO110902,20240929,17,47,3,11,1,329000,0.0,329000,150000,179000
SO102134,20240929,10,277,1,4,4,599000,0.05,2276200,1240000,1036200
SO109046,20240929,20,248,1,7,4,129000,0.0,516000,220000,296000
SO101856,20240929,16,76,9,12,1,1599000,0.0,1599000,920000,679000
SO104370,20240929,17,258,2,9,3,329000,0.05,937600,450000,487600
SO108760,20240929,12,157,12,4,3,299000,0.05,852200,360000,492200
SO110870,20240929,14,15,7,6,3,59000,0.0,177000,36000,141000
SO110709,20240929,12,186,3,5,2,299000,0.0,598000,240000,358000
SO109938,20240929,20,203,14,5,4,129000,0.05,490200,220000,270200
SO104434,20240930,9,271,2,2,2,349000,0.05,663100,380000,283100
SO104698,20240930,20,262,1,4,5,129000,0.05,612800,275000,337800
SO111293,20240930,7,53,1,5,5,499000,0.05,2370200,1400000,970200
SO109463,20240930,13,244,7,5,5,89000,0.05,422800,125000,297800
SO109632,20240930,7,54,12,7,2,499000,0.05,948100,560000,388100
SO110258,20240930,14,125,1,7,5,59000,0.1,265500,60000,205500
SO103097,20240930,14,47,3,1,5,59000,0.0,295000,60000,235000
SO110402,20240930,12,256,9,12,5,299000,0.0,1495000,600000,895000
SO102818,20240930,18,280,6,9,3,649000,0.0,1947000,960000,987000
SO107097,20240930,16,158,3,6,1,1599000,0.0,1599000,920000,679000
SO103028,20240930,19,3,1,3,5,169000,0.05,802800,375000,427800
SO100523,20240930,14,27,6,2,3,59000,0.0,177000,36000,141000
SO110387,20240930,14,153,3,4,1,59000,0.0,59000,12000,47000
SO105895,20240930,18,195,3,3,1,649000,0.05,616600,320000,296600
SO101012,20240930,20,104,12,3,2,129000,0.05,245100,110000,135100
SO103294,20240930,13,55,3,5,1,89000,0.0,89000,25000,64000
SO103776,20240930,15,115,4,7,1,899000,0.05,854000,480000,374000
SO102455,20240930,14,135,1,12,2,59000,0.0,118000,24000,94000
SO111072,20240930,12,39,6,8,4,299000,0.0,1196000,480000,716000
SO110013,20241001,12,264,7,4,3,299000,0.0,897000,360000,537000
SO103250,20241001,20,88,6,9,3,129000,0.0,387000,165000,222000
SO100376,20241001,13,17,4,9,5,89000,0.05,422800,125000,297800
SO110403,20241001,14,57,1,8,4,59000,0.0,236000,48000,188000
SO105264,20241001,3,250,7,8,1,1999000,0.05,1899000,1450000,449000
SO111037,20241001,13,281,3,9,3,89000,0.0,267000,75000,192000
SO101375,20241001,3,189,18,6,4,1999000,0.0,7996000,5800000,2196000
SO109979,20241001,20,189,18,7,5,129000,0.0,645000,275000,370000
SO111106,20241001,3,282,14,5,4,1999000,0.0,7996000,5800000,2196000
SO111528,20241001,14,86,2,5,4,59000,0.0,236000,48000,188000
SO100901,20241001,13,40,5,2,3,89000,0.0,267000,75000,192000
SO107139,20241001,20,168,4,6,4,129000,0.0,516000,220000,296000
SO102241,20241002,14,278,3,9,2,59000,0.0,118000,24000,94000
SO100258,20241002,9,187,5,6,4,349000,0.0,1396000,760000,636000
SO110608,20241002,9,286,4,11,1,349000,0.05,331600,190000,141600
SO107053,20241002,12,162,1,5,3,299000,0.05,852200,360000,492200
SO108003,20241002,12,93,1,8,4,299000,0.0,1196000,480000,716000
SO108094,20241002,11,136,11,8,3,199000,0.0,597000,255000,342000
SO103212,20241002,16,279,12,12,2,1599000,0.0,3198000,1840000,1358000
SO102422,20241002,6,34,1,11,3,2199000,0.0,6597000,4050000,2547000
SO108228,20241002,14,84,12,9,3,59000,0.0,177000,36000,141000
SO105556,20241002,19,249,1,5,5,169000,0.05,802800,375000,427800
SO105204,20241003,9,164,12,8,2,349000,0.0,698000,380000,318000
SO101536,20241003,8,3,1,9,1,799000,0.0,799000,420000,379000
SO109788,20241003,9,138,8,8,3,349000,0.05,994600,570000,424600
SO108460,20241003,15,6,1,9,3,899000,0.1,2427300,1440000,987300
SO109280,20241003,13,183,2,8,5,89000,0.0,445000,125000,320000
SO101271,20241003,19,25,12,8,2,169000,0.05,321100,150000,171100
SO106377,20241003,19,201,9,9,3,169000,0.05,481600,225000,256600
SO101208,20241003,10,153,3,2,5,599000,0.1,2695500,1550000,1145500
SO111618,20241003,18,277,1,5,5,649000,0.1,2920500,1600000,1320500
SO100917,20241004,12,219,7,9,2,299000,0.1,538200,240000,298200
SO101397,20241004,14,107,1,1,5,59000,0.05,280200,60000,220200
SO108054,20241004,19,237,8,2,5,169000,0.05,802800,375000,427800
SO103282,20241004,20,194,14,7,3,129000,0.0,387000,165000,222000
SO102874,20241004,15,95,3,11,1,899000,0.0,899000,480000,419000
SO107370,20241004,20,100,15,1,5,129000,0.1,580500,275000,305500
SO101157,20241004,20,286,4,1,4,129000,0.0,516000,220000,296000
SO100677,20241004,12,36,1,5,1,299000,0.0,299000,120000,179000
SO105927,20241004,13,169,5,2,5,89000,0.0,445000,125000,320000
SO100267,20241004,10,150,11,11,3,599000,0.05,1707200,930000,777200
SO100117,20241004,9,75,12,5,3,349000,0.05,994600,570000,424600
SO109694,20241005,7,129,1,7,4,499000,0.05,1896200,1120000,776200
SO110513,20241005,9,146,1,1,1,349000,0.0,349000,190000,159000
SO108940,20241005,13,288,2,12,2,89000,0.0,178000,50000,128000
SO111148,20241005,14,67,3,6,4,59000,0.1,212400,48000,164400
SO100597,20241005,11,118,2,8,2,199000,0.0,398000,170000,228000
SO102795,20241005,15,234,2,8,3,899000,0.0,2697000,1440000,1257000
SO107927,20241006,12,49,1,4,3,299000,0.1,807300,360000,447300
SO110850,20241006,3,260,1,2,5,1999000,0.0,9995000,7250000,2745000
SO104716,20241006,19,37,12,10,2,169000,0.05,321100,150000,171100
SO108445,20241006,6,257,12,5,2,2199000,0.05,4178100,2700000,1478100
SO103062,20241006,8,244,7,6,2,799000,0.0,1598000,840000,758000
SO102304,20241006,8,165,9,10,1,799000,0.05,759000,420000,339000
SO110120,20241006,20,73,1,8,5,129000,0.0,645000,275000,370000
SO106124,20241006,11,27,6,4,5,199000,0.0,995000,425000,570000
SO104977,20241006,18,50,9,11,4,649000,0.0,2596000,1280000,1316000
SO107477,20241007,3,209,1,8,1,1999000,0.05,1899000,1450000,449000
SO102686,20241007,13,202,1,10,3,89000,0.05,253600,75000,178600
SO108972,20241007,12,14,1,3,5,299000,0.0,1495000,600000,895000
SO103935,20241007,14,105,2,1,1,59000,0.1,53100,12000,41100
SO107492,20241007,13,265,14,4,5,89000,0.0,445000,125000,320000
SO108659,20241007,13,264,7,6,3,89000,0.0,267000,75000,192000
SO102238,20241007,14,78,1,3,3,59000,0.0,177000,36000,141000
SO111055,20241007,19,164,12,1,3,169000,0.0,507000,225000,282000
SO105305,20241007,4,228,3,8,5,8999000,0.1,40495500,31000000,9495500
SO103392,20241008,13,95,3,5,5,89000,0.05,422800,125000,297800
SO101661,20241008,13,32,7,4,1,89000,0.0,89000,25000,64000
SO103600,20241008,18,257,12,8,5,649000,0.0,3245000,1600000,1645000
SO101763,20241008,15,272,6,3,1,899000,0.05,854000,480000,374000
SO111540,20241008,19,190,10,2,3,169000,0.0,507000,225000,282000
SO110738,20241008,13,280,6,4,3,89000,0.0,267000,75000,192000
SO105555,20241008,9,197,3,10,4,349000,0.0,1396000,760000,636000
SO108304,20241008,14,32,7,2,5,59000,0.1,265500,60000,205500
SO107256,20241008,5,107,1,9,1,3999000,0.0,3999000,2900000,1099000
SO106874,20241008,19,32,7,5,3,169000,0.1,456300,225000,231300
SO104730,20241008,13,66,12,3,5,89000,0.0,445000,125000,320000
SO108450,20241008,12,73,1,3,5,299000,0.0,1495000,600000,895000
SO105708,20241009,18,300,7,1,1,649000,0.0,649000,320000,329000
SO100160,20241009,3,229,12,11,5,1999000,0.0,9995000,7250000,2745000
SO109223,20241009,10,258,2,5,1,599000,0.0,599000,310000,289000
SO105649,20241009,11,238,3,8,5,199000,0.0,995000,425000,570000
SO109729,20241009,6,94,3,1,3,2199000,0.0,6597000,4050000,2547000
SO101086,20241009,20,159,4,11,5,129000,0.0,645000,275000,370000
SO100765,20241010,13,120,12,9,2,89000,0.0,178000,50000,128000
SO109358,20241010,6,142,8,5,1,2199000,0.05,2089000,1350000,739000
SO109822,20241010,20,277,1,8,4,129000,0.0,516000,220000,296000
SO106092,20241010,20,247,3,10,5,129000,0.0,645000,275000,370000
SO107397,20241010,19,156,11,7,5,169000,0.0,845000,375000,470000
SO108349,20241010,14,20,1,6,1,59000,0.0,59000,12000,47000
SO107990,20241010,20,227,1,6,4,129000,0.05,490200,220000,270200
SO104675,20241010,9,217,8,7,3,349000,0.1,942300,570000,372300
SO105803,20241010,10,78,1,2,4,599000,0.0,2396000,1240000,1156000
SO101361,20241011,12,262,1,10,5,299000,0.1,1345500,600000,745500
SO100581,20241011,5,205,7,6,1,3999000,0.0,3999000,2900000,1099000
SO111308,20241011,11,210,3,8,4,199000,0.0,796000,340000,456000
SO105323,20241011,3,243,3,11,1,1999000,0.0,1999000,1450000,549000
SO108320,20241011,12,189,18,1,5,299000,0.05,1420200,600000,820200
SO105083,20241011,11,293,17,4,4,199000,0.05,756200,340000,416200
SO101446,20241011,5,97,1,1,5,3999000,0.0,19995000,14500000,5495000
SO103356,20241011,6,227,1,1,5,2199000,0.0,10995000,6750000,4245000
SO110553,20241011,14,49,1,8,4,59000,0.0,236000,48000,188000
SO101319,20241011,17,282,14,6,3,329000,0.0,987000,450000,537000
SO109132,20241011,17,277,1,12,5,329000,0.0,1645000,750000,895000
SO108509,20241011,20,193,1,7,5,129000,0.05,612800,275000,337800
SO108489,20241011,5,115,4,9,2,3999000,0.05,7598100,5800000,1798100
SO100724,20241012,11,244,7,7,1,199000,0.0,199000,85000,114000
SO105905,20241012,10,115,4,12,2,599000,0.0,1198000,620000,578000
SO105911,20241012,15,208,2,11,5,899000,0.0,4495000,2400000,2095000
SO104564,20241012,7,181,1,2,5,499000,0.1,2245500,1400000,845500
SO106554,20241012,14,94,3,6,4,59000,0.0,236000,48000,188000
SO111356,20241012,16,260,1,7,5,1599000,0.0,7995000,4600000,3395000
SO106577,20241012,8,32,7,1,2,799000,0.0,1598000,840000,758000
SO111150,20241012,14,112,4,11,1,59000,0.0,59000,12000,47000
SO100770,20241012,7,225,7,10,2,499000,0.05,948100,560000,388100
SO106603,20241012,15,142,8,7,4,899000,0.0,3596000,1920000,1676000
SO104081,20241012,3,24,12,7,5,1999000,0.15,8495800,7250000,1245800
SO110151,20241012,19,101,2,2,1,169000,0.05,160600,75000,85600
SO107413,20241012,2,5,1,10,4,4499000,0.0,17996000,12400000,5596000
SO104946,20241012,19,46,17,4,3,169000,0.0,507000,225000,282000
SO102327,20241012,12,196,1,10,3,299000,0.05,852200,360000,492200
SO105766,20241012,17,268,8,1,3,329000,0.0,987000,450000,537000
SO104814,20241013,10,256,9,1,2,599000,0.0,1198000,620000,578000
SO104800,20241013,17,17,4,3,2,329000,0.0,658000,300000,358000
SO106999,20241013,11,118,2,2,5,199000,0.05,945200,425000,520200
SO101780,20241013,7,86,2,9,1,499000,0.05,474000,280000,194000
SO103043,20241013,12,181,1,8,4,299000,0.05,1136200,480000,656200
SO101639,20241013,13,79,8,12,1,89000,0.0,89000,25000,64000
SO100423,20241013,19,290,14,11,3,169000,0.05,481600,225000,256600
SO108502,20241013,12,228,3,6,1,299000,0.1,269100,120000,149100
SO108227,20241014,18,217,8,8,2,649000,0.0,1298000,640000,658000
SO110683,20241014,3,284,2,3,5,1999000,0.05,9495200,7250000,2245200
SO111721,20241014,20,183,2,2,2,129000,0.1,232200,110000,122200
SO105975,20241014,20,154,2,5,1,129000,0.0,129000,55000,74000
SO104357,20241014,20,56,7,6,3,129000,0.05,367600,165000,202600
SO100930,20241014,17,76,9,10,1,329000,0.0,329000,150000,179000
SO102805,20241014,20,244,7,10,2,129000,0.0,258000,110000,148000
SO103653,20241014,13,35,6,11,5,89000,0.0,445000,125000,320000
SO103155,20241015,5,92,3,4,2,3999000,0.05,7598100,5800000,1798100
SO108667,20241015,12,150,11,5,5,299000,0.05,1420200,600000,820200
SO104089,20241015,20,234,2,7,4,129000,0.05,490200,220000,270200
SO109587,20241015,19,290,14,9,1,169000,0.1,152100,75000,77100
SO100977,20241015,12,2,1,12,2,299000,0.05,568100,240000,328100
SO110599,20241015,17,15,7,1,4,329000,0.0,1316000,600000,716000
SO109935,20241015,8,1,2,8,5,799000,0.0,3995000,2100000,1895000
SO107633,20241015,11,26,5,2,2,199000,0.05,378100,170000,208100
SO103846,20241016,20,192,3,11,5,129000,0.0,645000,275000,370000
SO106015,20241016,13,22,6,11,1,89000,0.0,89000,25000,64000
SO106448,20241016,14,219,7,6,1,59000,0.0,59000,12000,47000
SO110939,20241016,18,280,6,6,3,649000,0.05,1849600,960000,889600
SO102832,20241016,14,252,7,7,3,59000,0.0,177000,36000,141000
SO105609,20241016,9,175,15,7,3,349000,0.0,1047000,570000,477000
SO103913,20241016,8,107,1,9,4,799000,0.0,3196000,1680000,1516000
SO107620,20241016,20,110,2,8,2,129000,0.0,258000,110000,148000
SO105218,20241016,2,199,6,9,5,4499000,0.0,22495000,15500000,6995000
SO111180,20241016,20,25,12,7,2,129000,0.0,258000,110000,148000
SO104502,20241016,14,261,2,10,3,59000,0.0,177000,36000,141000
SO106206,20241016,20,13,1,7,3,129000,0.05,367600,165000,202600
SO100640,20241016,20,12,6,12,3,129000,0.1,348300,165000,183300
SO100649,20241016,13,152,3,10,2,89000,0.15,151300,50000,101300
SO111263,20241016,19,118,2,8,3,169000,0.0,507000,225000,282000
SO101037,20241016,13,100,15,1,2,89000,0.05,169100,50000,119100
SO109880,20241016,6,71,9,5,4,2199000,0.0,8796000,5400000,3396000
SO110761,20241017,20,235,15,1,5,129000,0.0,645000,275000,370000
SO108356,20241017,20,192,3,4,1,129000,0.0,129000,55000,74000
SO101603,20241017,14,144,1,7,1,59000,0.0,59000,12000,47000
SO105473,20241017,14,133,1,1,5,59000,0.05,280200,60000,220200
SO106406,20241017,20,43,8,4,4,129000,0.05,490200,220000,270200
SO101410,20241017,14,35,6,8,2,59000,0.1,106200,24000,82200
SO109451,20241017,14,241,4,5,5,59000,0.1,265500,60000,205500
SO107882,20241017,20,105,2,10,4,129000,0.0,516000,220000,296000
SO105118,20241018,15,88,6,1,1,899000,0.05,854000,480000,374000
SO101814,20241018,14,134,2,3,5,59000,0.1,265500,60000,205500
SO106973,20241018,20,220,6,4,2,129000,0.0,258000,110000,148000
SO110400,20241018,13,160,2,4,4,89000,0.0,356000,100000,256000
SO101013,20241018,13,105,2,5,4,89000,0.05,338200,100000,238200
SO102179,20241018,18,36,1,9,1,649000,0.05,616600,320000,296600
SO111219,20241018,5,219,7,3,5,3999000,0.0,19995000,14500000,5495000
SO110285,20241018,1,3,1,7,4,13999000,0.0,55996000,39200000,16796000
SO103200,20241018,9,214,3,2,5,349000,0.0,1745000,950000,795000
SO108871,20241018,8,54,12,7,4,799000,0.0,3196000,1680000,1516000
SO107871,20241019,5,137,6,10,2,3999000,0.0,7998000,5800000,2198000
SO107484,20241019,7,294,8,11,2,499000,0.05,948100,560000,388100
SO105316,20241019,2,172,1,12,2,4499000,0.05,8548100,6200000,2348100
SO108575,20241019,7,264,7,5,4,499000,0.0,1996000,1120000,876000
SO103391,20241019,12,114,7,5,1,299000,0.0,299000,120000,179000
SO101152,20241019,17,25,12,8,3,329000,0.0,987000,450000,537000
SO108724,20241019,8,171,1,6,3,799000,0.05,2277200,1260000,1017200
SO108823,20241019,10,114,7,6,1,599000,0.0,599000,310000,289000
SO100056,20241019,20,8,8,9,4,129000,0.1,464400,220000,244400
SO102541,20241019,12,8,8,10,1,299000,0.05,284000,120000,164000
SO111452,20241019,3,203,14,10,2,1999000,0.0,3998000,2900000,1098000
SO106070,20241020,19,289,2,6,5,169000,0.1,760500,375000,385500
SO100284,20241020,9,55,3,1,4,349000,0.0,1396000,760000,636000
SO110745,20241020,19,56,7,3,1,169000,0.05,160600,75000,85600
SO105030,20241020,20,118,2,12,1,129000,0.0,129000,55000,74000
SO104594,20241020,20,261,2,2,4,129000,0.0,516000,220000,296000
SO100298,20241020,7,195,3,8,1,499000,0.0,499000,280000,219000
SO106152,20241020,13,119,8,5,5,89000,0.0,445000,125000,320000
SO111855,20241020,17,300,7,10,5,329000,0.0,1645000,750000,895000
SO103318,20241020,13,94,3,4,4,89000,0.0,356000,100000,256000
SO104874,20241021,10,65,8,3,3,599000,0.0,1797000,930000,867000
SO111747,20241021,13,202,1,9,3,89000,0.0,267000,75000,192000
SO106792,20241021,14,119,8,5,5,59000,0.0,295000,60000,235000
SO111997,20241021,17,55,3,3,1,329000,0.0,329000,150000,179000
SO107818,20241021,19,2,1,12,3,169000,0.0,507000,225000,282000
SO102828,20241022,18,107,1,2,2,649000,0.1,1168200,640000,528200
SO107502,20241022,14,298,3,8,3,59000,0.05,168200,36000,132200
SO100234,20241022,13,40,5,2,3,89000,0.0,267000,75000,192000
SO104606,20241022,18,200,8,3,1,649000,0.0,649000,320000,329000
SO106274,20241022,17,72,6,11,2,329000,0.0,658000,300000,358000
SO111602,20241022,10,86,2,7,4,599000,0.1,2156400,1240000,916400
SO103378,20241022,19,80,1,9,1,169000,0.05,160600,75000,85600
SO109866,20241022,11,144,1,10,3,199000,0.1,537300,255000,282300
SO103070,20241022,10,264,7,3,4,599000,0.0,2396000,1240000,1156000
SO108941,20241022,20,261,2,11,4,129000,0.0,516000,220000,296000
SO104350,20241023,14,162,1,4,1,59000,0.1,53100,12000,41100
SO111100,20241023,2,38,2,11,2,4499000,0.0,8998000,6200000,2798000
SO101141,20241023,2,254,2,10,4,4499000,0.0,17996000,12400000,5596000
SO101315,20241023,17,252,7,10,4,329000,0.0,1316000,600000,716000
SO106302,20241023,14,245,3,9,1,59000,0.05,56000,12000,44000
SO104413,20241023,9,24,12,5,1,349000,0.15,296600,190000,106600
SO107638,20241023,15,235,15,2,3,899000,0.1,2427300,1440000,987300
SO100349,20241023,7,235,15,12,1,499000,0.1,449100,280000,169100
SO101357,20241023,9,246,3,3,2,349000,0.1,628200,380000,248200
SO107540,20241023,8,125,1,12,2,799000,0.0,1598000,840000,758000
SO106247,20241023,13,77,1,6,1,89000,0.0,89000,25000,64000
SO103140,20241023,7,32,7,9,1,499000,0.0,499000,280000,219000
SO104999,20241023,14,269,15,3,5,59000,0.0,295000,60000,235000
SO106156,20241024,9,292,11,7,1,349000,0.0,349000,190000,159000
SO102724,20241024,13,261,2,5,5,89000,0.0,445000,125000,320000
SO103053,20241024,7,70,8,12,1,499000,0.0,499000,280000,219000
SO105868,20241024,17,157,12,10,5,329000,0.0,1645000,750000,895000
SO100069,20241025,11,93,1,6,2,199000,0.0,398000,170000,228000
SO101689,20241025,19,91,14,1,1,169000,0.1,152100,75000,77100
SO106357,20241025,19,205,7,8,5,169000,0.0,845000,375000,470000
SO102906,20241025,7,284,2,12,3,499000,0.1,1347300,840000,507300
SO104883,20241026,14,20,1,1,4,59000,0.0,236000,48000,188000
SO110337,20241026,7,91,14,10,4,499000,0.1,1796400,1120000,676400
SO106618,20241026,19,171,1,4,1,169000,0.0,169000,75000,94000
SO108158,20241026,4,20,1,10,1,8999000,0.05,8549000,6200000,2349000
SO110842,20241026,14,263,2,9,5,59000,0.1,265500,60000,205500
SO107075,20241026,13,265,14,10,4,89000,0.15,302600,100000,202600
SO109065,20241026,16,74,13,11,3,1599000,0.0,4797000,2760000,2037000
SO102988,20241026,11,188,1,11,2,199000,0.05,378100,170000,208100
SO101345,20241026,8,206,1,1,5,799000,0.0,3995000,2100000,1895000
SO110950,20241026,11,104,12,1,3,199000,0.0,597000,255000,342000
SO111601,20241026,16,261,2,11,4,1599000,0.0,6396000,3680000,2716000
SO107080,20241026,11,270,6,5,1,199000,0.0,199000,85000,114000
SO100363,20241027,13,224,1,1,2,89000,0.05,169100,50000,119100
SO106690,20241027,17,96,1,2,4,329000,0.0,1316000,600000,716000
SO109263,20241027,19,95,3,9,3,169000,0.0,507000,225000,282000
SO107297,20241027,20,284,2,6,1,129000,0.0,129000,55000,74000
SO102986,20241027,17,40,5,4,5,329000,0.0,1645000,750000,895000
SO103720,20241027,19,140,3,6,1,169000,0.05,160600,75000,85600
SO108432,20241028,20,6,1,5,2,129000,0.05,245100,110000,135100
SO107993,20241028,20,227,1,7,3,129000,0.0,387000,165000,222000
SO106648,20241028,14,23,1,10,5,59000,0.15,250800,60000,190800
SO108501,20241028,19,91,14,2,1,169000,0.0,169000,75000,94000
SO111270,20241029,20,13,1,4,3,129000,0.1,348300,165000,183300
SO106776,20241029,7,58,16,10,5,499000,0.1,2245500,1400000,845500
SO102028,20241029,19,224,1,6,5,169000,0.05,802800,375000,427800
SO106306,20241029,14,155,8,4,1,59000,0.0,59000,12000,47000
SO111439,20241029,13,99,3,11,1,89000,0.05,84600,25000,59600
SO111051,20241029,14,105,2,12,4,59000,0.05,224200,48000,176200
SO103263,20241029,11,84,12,12,1,199000,0.0,199000,85000,114000
SO102595,20241030,18,167,4,7,4,649000,0.0,2596000,1280000,1316000
SO103623,20241030,14,252,7,12,3,59000,0.0,177000,36000,141000
SO104101,20241030,19,297,4,2,2,169000,0.0,338000,150000,188000
SO101867,20241030,17,88,6,7,4,329000,0.05,1250200,600000,650200
SO109900,20241030,13,152,3,9,1,89000,0.0,89000,25000,64000
SO105633,20241030,7,154,2,6,1,499000,0.0,499000,280000,219000
SO108348,20241030,8,167,4,9,4,799000,0.05,3036200,1680000,1356200
SO109019,20241030,20,1,2,4,5,129000,0.0,645000,275000,370000
SO102420,20241031,9,166,4,7,3,349000,0.05,994600,570000,424600
SO108796,20241031,20,153,3,5,1,129000,0.0,129000,55000,74000
SO106108,20241031,1,39,6,5,4,13999000,0.0,55996000,39200000,16796000
SO100319,20241031,12,13,1,9,2,299000,0.1,538200,240000,298200
SO101452,20241031,11,102,1,10,1,199000,0.0,199000,85000,114000
SO110463,20241031,18,235,15,4,4,649000,0.0,2596000,1280000,1316000
SO110164,20241031,13,264,7,12,4,89000,0.0,356000,100000,256000
SO110351,20241031,14,161,2,3,1,59000,0.05,56000,12000,44000
SO107223,20241101,19,190,10,11,3,169000,0.0,507000,225000,282000
SO103657,20241101,13,176,1,4,5,89000,0.05,422800,125000,297800
SO101476,20241101,13,167,4,3,4,89000,0.0,356000,100000,256000
SO102727,20241101,14,151,1,11,5,59000,0.0,295000,60000,235000
SO111901,20241101,14,261,2,1,2,59000,0.05,112100,24000,88100
SO102443,20241101,13,56,7,6,5,89000,0.1,400500,125000,275500
SO104953,20241101,10,165,9,7,3,599000,0.05,1707200,930000,777200
SO108675,20241101,9,299,1,8,3,349000,0.0,1047000,570000,477000
SO109346,20241101,13,281,3,10,3,89000,0.05,253600,75000,178600
SO111340,20241101,16,166,4,6,2,1599000,0.0,3198000,1840000,1358000
SO102819,20241101,9,122,18,8,2,349000,0.0,698000,380000,318000
SO109248,20241101,16,90,6,6,2,1599000,0.05,3038100,1840000,1198100
SO106413,20241101,11,172,1,9,5,199000,0.05,945200,425000,520200
SO106964,20241101,1,295,8,6,2,13999000,0.0,27998000,19600000,8398000
SO106908,20241102,14,166,4,1,2,59000,0.0,118000,24000,94000
SO111445,20241102,13,281,3,6,2,89000,0.1,160200,50000,110200
SO104858,20241102,15,151,1,12,4,899000,0.1,3236400,1920000,1316400
SO100318,20241102,19,142,8,5,5,169000,0.0,845000,375000,470000
SO106073,20241102,16,269,15,7,3,1599000,0.0,4797000,2760000,2037000
SO107651,20241102,17,52,3,5,4,329000,0.0,1316000,600000,716000
SO110759,20241102,13,6,1,1,4,89000,0.05,338200,100000,238200
SO102214,20241102,12,214,3,6,2,299000,0.1,538200,240000,298200
SO100717,20241102,20,245,3,12,5,129000,0.0,645000,275000,370000
SO102935,20241102,11,70,8,1,4,199000,0.1,716400,340000,376400
SO109766,20241102,12,59,1,5,4,299000,0.0,1196000,480000,716000
SO104592,20241102,1,138,8,8,5,13999000,0.05,66495200,49000000,17495200
SO108378,20241103,17,71,9,10,4,329000,0.05,1250200,600000,650200
SO101990,20241103,9,168,4,9,2,349000,0.0,698000,380000,318000
SO106242,20241103,14,86,2,10,3,59000,0.0,177000,36000,141000
SO107298,20241103,2,76,9,4,2,4499000,0.0,8998000,6200000,2798000
SO102810,20241103,12,143,9,7,4,299000,0.05,1136200,480000,656200
SO102954,20241103,20,142,8,5,4,129000,0.05,490200,220000,270200
SO100780,20241103,17,44,5,5,4,329000,0.05,1250200,600000,650200
SO107756,20241103,15,66,12,12,4,899000,0.0,3596000,1920000,1676000
SO109540,20241103,12,145,14,10,4,299000,0.0,1196000,480000,716000
SO100949,20241103,20,46,17,8,1,129000,0.0,129000,55000,74000
SO108808,20241103,8,45,8,12,4,799000,0.0,3196000,1680000,1516000
SO106164,20241103,14,176,1,1,3,59000,0.0,177000,36000,141000
SO111188,20241103,11,163,14,11,1,199000,0.0,199000,85000,114000
SO106752,20241103,14,193,1,11,2,59000,0.0,118000,24000,94000
SO107217,20241103,13,241,4,1,1,89000,0.0,89000,25000,64000
SO101420,20241104,6,70,8,3,1,2199000,0.0,2199000,1350000,849000
SO107909,20241104,20,7,8,1,5,129000,0.0,645000,275000,370000
SO101895,20241104,11,163,14,7,4,199000,0.05,756200,340000,416200
SO102288,20241104,9,225,7,3,5,349000,0.05,1657800,950000,707800
SO105844,20241104,11,137,6,2,4,199000,0.0,796000,340000,456000
SO101889,20241104,11,250,7,11,1,199000,0.0,199000,85000,114000
SO102917,20241104,9,150,11,5,5,349000,0.1,1570500,950000,620500
SO101786,20241104,17,129,1,5,5,329000,0.1,1480500,750000,730500
SO106276,20241104,13,121,13,4,3,89000,0.0,267000,75000,192000
SO105679,20241104,10,130,11,7,5,599000,0.05,2845200,1550000,1295200
SO104679,20241104,11,131,6,2,3,199000,0.0,597000,255000,342000
SO107273,20241104,7,231,18,11,4,499000,0.0,1996000,1120000,876000
SO101255,20241104,6,23,1,7,4,2199000,0.0,8796000,5400000,3396000
SO104506,20241104,5,78,1,11,5,3999000,0.1,17995500,14500000,3495500
SO110623,20241104,20,53,1,8,1,129000,0.0,129000,55000,74000
SO108851,20241104,18,97,1,2,1,649000,0.0,649000,320000,329000
SO108239,20241104,13,41,3,4,2,89000,0.05,169100,50000,119100
SO109412,20241105,13,271,2,11,4,89000,0.0,356000,100000,256000
SO109706,20241105,9,102,1,5,4,349000,0.0,1396000,760000,636000
SO101784,20241105,6,300,7,11,4,2199000,0.05,8356200,5400000,2956200
SO100434,20241105,9,242,13,11,3,349000,0.05,994600,570000,424600
SO106288,20241105,14,257,12,5,3,59000,0.0,177000,36000,141000
SO105859,20241105,2,31,2,6,2,4499000,0.0,8998000,6200000,2798000
SO107707,20241105,20,128,5,11,5,129000,0.05,612800,275000,337800
SO104443,20241105,8,90,6,5,2,799000,0.05,1518100,840000,678100
SO108596,20241105,13,68,4,4,5,89000,0.05,422800,125000,297800
SO106384,20241105,20,204,3,11,1,129000,0.0,129000,55000,74000
SO103959,20241105,20,156,11,11,4,129000,0.05,490200,220000,270200
SO103958,20241105,19,2,1,5,1,169000,0.0,169000,75000,94000
SO107603,20241105,20,201,9,5,1,129000,0.0,129000,55000,74000
SO104575,20241105,10,39,6,7,5,599000,0.0,2995000,1550000,1445000
SO103519,20241105,19,71,9,11,1,169000,0.0,169000,75000,94000
SO104736,20241105,14,215,14,9,4,59000,0.05,224200,48000,176200
SO100858,20241105,9,201,9,6,4,349000,0.0,1396000,760000,636000
SO100815,20241105,7,35,6,10,5,499000,0.0,2495000,1400000,1095000
SO106950,20241105,7,233,7,9,3,499000,0.05,1422200,840000,582200
SO109205,20241105,13,252,7,7,1,89000,0.0,89000,25000,64000
SO107772,20241105,11,128,5,2,5,199000,0.0,995000,425000,570000
SO109609,20241105,10,47,3,2,5,599000,0.0,2995000,1550000,1445000
SO111672,20241105,20,198,9,11,2,129000,0.0,258000,110000,148000
SO100103,20241106,1,88,6,6,4,13999000,0.0,55996000,39200000,16796000
SO107449,20241106,13,292,11,8,1,89000,0.0,89000,25000,64000
SO103431,20241106,3,7,8,2,4,1999000,0.05,7596200,5800000,1796200
SO111423,20241106,11,167,4,12,5,199000,0.0,995000,425000,570000
SO107385,20241106,12,244,7,4,3,299000,0.0,897000,360000,537000
SO107361,20241106,19,3,1,5,4,169000,0.05,642200,300000,342200
SO107420,20241106,20,294,8,5,4,129000,0.05,490200,220000,270200
SO109872,20241106,3,64,3,1,2,1999000,0.0,3998000,2900000,1098000
SO103223,20241106,14,224,1,3,3,59000,0.05,168200,36000,132200
SO104613,20241106,13,59,1,1,2,89000,0.05,169100,50000,119100
SO107327,20241106,14,177,5,8,4,59000,0.0,236000,48000,188000
SO111961,20241106,8,208,2,11,2,799000,0.0,1598000,840000,758000
SO111832,20241106,20,78,1,10,4,129000,0.0,516000,220000,296000
SO110195,20241106,11,281,3,4,1,199000,0.0,199000,85000,114000
SO106561,20241106,7,99,3,1,2,499000,0.05,948100,560000,388100
SO106446,20241106,8,13,1,12,3,799000,0.0,2397000,1260000,1137000
SO110023,20241106,11,292,11,11,3,199000,0.1,537300,255000,282300
SO103227,20241106,13,242,13,9,5,89000,0.0,445000,125000,320000
SO104446,20241106,14,159,4,9,3,59000,0.0,177000,36000,141000
SO102374,20241107,14,137,6,5,1,59000,0.15,50200,12000,38200
SO108294,20241107,8,268,8,12,2,799000,0.0,1598000,840000,758000
SO104306,20241107,11,188,1,8,4,199000,0.0,796000,340000,456000
SO101398,20241107,20,145,14,7,5,129000,0.0,645000,275000,370000
SO111443,20241107,13,259,7,4,3,89000,0.0,267000,75000,192000
SO102376,20241107,13,253,1,6,4,89000,0.0,356000,100000,256000
SO109992,20241107,17,71,9,3,1,329000,0.05,312600,150000,162600
SO104837,20241107,13,120,12,9,1,89000,0.0,89000,25000,64000
SO100474,20241107,20,239,5,6,1,129000,0.0,129000,55000,74000
SO104026,20241107,11,166,4,2,1,199000,0.05,189000,85000,104000
SO106604,20241107,14,300,7,10,1,59000,0.0,59000,12000,47000
SO103721,20241107,14,261,2,5,4,59000,0.0,236000,48000,188000
SO103094,20241107,20,37,12,12,5,129000,0.0,645000,275000,370000
SO109940,20241107,5,37,12,12,3,3999000,0.0,11997000,8700000,3297000
SO105002,20241107,12,201,9,4,1,299000,0.0,299000,120000,179000
SO111974,20241107,7,173,15,7,5,499000,0.0,2495000,1400000,1095000
SO100027,20241107,9,97,1,2,1,349000,0.1,314100,190000,124100
SO103470,20241108,19,257,12,5,3,169000,0.05,481600,225000,256600
SO107063,20241108,4,191,8,3,3,8999000,0.15,22947400,18600000,4347400
SO104202,20241108,10,101,2,7,1,599000,0.05,569000,310000,259000
SO106094,20241108,12,100,15,9,5,299000,0.05,1420200,600000,820200
SO105921,20241108,9,206,1,9,4,349000,0.1,1256400,760000,496400
SO102094,20241108,11,180,1,1,1,199000,0.0,199000,85000,114000
SO105270,20241108,3,230,8,10,2,1999000,0.0,3998000,2900000,1098000
SO108747,20241108,17,65,8,8,3,329000,0.0,987000,450000,537000
SO107038,20241108,1,119,8,3,3,13999000,0.05,39897200,29400000,10497200
SO107266,20241108,11,228,3,9,1,199000,0.05,189000,85000,104000
SO102453,20241108,12,237,8,3,3,299000,0.0,897000,360000,537000
SO103208,20241108,13,85,3,8,1,89000,0.0,89000,25000,64000
SO102153,20241108,8,213,6,3,4,799000,0.0,3196000,1680000,1516000
SO106716,20241108,16,45,8,3,2,1599000,0.0,3198000,1840000,1358000
SO106718,20241108,11,162,1,4,3,199000,0.0,597000,255000,342000
SO100794,20241108,19,293,17,12,1,169000,0.15,143600,75000,68600
SO104760,20241109,6,12,6,9,4,2199000,0.0,8796000,5400000,3396000
SO101301,20241109,16,59,1,8,5,1599000,0.0,7995000,4600000,3395000
SO110315,20241109,12,283,11,2,5,299000,0.0,1495000,600000,895000
SO104025,20241109,20,260,1,12,2,129000,0.05,245100,110000,135100
SO106486,20241109,11,157,12,2,5,199000,0.0,995000,425000,570000
SO100700,20241109,8,99,3,10,3,799000,0.0,2397000,1260000,1137000
SO108477,20241109,10,32,7,10,3,599000,0.0,1797000,930000,867000
SO111075,20241109,7,121,13,1,1,499000,0.0,499000,280000,219000
SO101634,20241109,7,37,12,7,3,499000,0.0,1497000,840000,657000
SO103350,20241109,7,78,1,7,1,499000,0.05,474000,280000,194000
SO110481,20241109,13,232,5,3,1,89000,0.05,84600,25000,59600
SO109859,20241109,9,189,18,7,1,349000,0.0,349000,190000,159000
SO100194,20241109,14,269,15,5,3,59000,0.0,177000,36000,141000
SO103777,20241109,4,22,6,12,5,8999000,0.0,44995000,31000000,13995000
SO102098,20241109,20,228,3,5,4,129000,0.05,490200,220000,270200
SO104189,20241109,15,212,1,3,4,899000,0.05,3416200,1920000,1496200
SO102147,20241110,20,198,9,5,2,129000,0.05,245100,110000,135100
SO107733,20241110,7,211,1,10,3,499000,0.0,1497000,840000,657000
SO110976,20241110,5,236,3,11,2,3999000,0.05,7598100,5800000,1798100
SO101621,20241110,11,55,3,4,1,199000,0.0,199000,85000,114000
SO108370,20241110,19,252,7,11,5,169000,0.05,802800,375000,427800
SO108000,20241110,19,95,3,2,3,169000,0.0,507000,225000,282000
SO105700,20241110,20,183,2,9,2,129000,0.05,245100,110000,135100
SO101308,20241110,11,276,7,9,3,199000,0.0,597000,255000,342000
SO105366,20241110,17,133,1,3,5,329000,0.0,1645000,750000,895000
SO105697,20241110,20,210,3,9,4,129000,0.0,516000,220000,296000
SO103130,20241110,10,177,5,9,4,599000,0.0,2396000,1240000,1156000
SO101178,20241110,15,192,3,11,1,899000,0.0,899000,480000,419000
SO107400,20241110,9,69,8,12,5,349000,0.0,1745000,950000,795000
SO111822,20241110,1,249,1,6,2,13999000,0.05,26598100,19600000,6998100
SO108337,20241110,19,90,6,1,4,169000,0.0,676000,300000,376000
SO109450,20241110,19,92,3,5,1,169000,0.1,152100,75000,77100
SO109234,20241110,14,300,7,12,4,59000,0.0,236000,48000,188000
SO108467,20241110,14,178,1,11,1,59000,0.1,53100,12000,41100
SO103997,20241110,17,186,3,5,2,329000,0.0,658000,300000,358000
SO103077,20241110,17,241,4,11,4,329000,0.0,1316000,600000,716000
SO104507,20241110,13,46,17,10,1,89000,0.0,89000,25000,64000
SO105601,20241110,13,182,14,2,1,89000,0.05,84600,25000,59600
SO100489,20241111,17,10,2,5,5,329000,0.0,1645000,750000,895000
SO110957,20241111,10,158,3,6,3,599000,0.0,1797000,930000,867000
SO109036,20241111,9,255,1,5,2,349000,0.0,698000,380000,318000
SO107865,20241111,7,109,3,2,1,499000,0.0,499000,280000,219000
SO106833,20241111,13,137,6,5,4,89000,0.05,338200,100000,238200
SO103427,20241111,13,168,4,6,3,89000,0.05,253600,75000,178600
SO102333,20241111,14,112,4,3,4,59000,0.1,212400,48000,164400
SO101473,20241111,11,201,9,7,1,199000,0.0,199000,85000,114000
SO101769,20241111,1,265,14,7,4,13999000,0.0,55996000,39200000,16796000
SO108978,20241111,19,248,1,6,4,169000,0.0,676000,300000,376000
SO111564,20241111,13,165,9,8,4,89000,0.0,356000,100000,256000
SO105590,20241111,13,233,7,10,1,89000,0.1,80100,25000,55100
SO105300,20241111,19,118,2,12,4,169000,0.0,676000,300000,376000
SO102285,20241111,19,144,1,2,4,169000,0.05,642200,300000,342200
SO109828,20241111,6,164,12,5,2,2199000,0.0,4398000,2700000,1698000
SO111518,20241111,14,52,3,2,4,59000,0.0,236000,48000,188000
SO111433,20241112,12,288,2,4,4,299000,0.0,1196000,480000,716000
SO106052,20241112,12,129,1,10,2,299000,0.05,568100,240000,328100
SO103954,20241112,15,276,7,2,4,899000,0.0,3596000,1920000,1676000
SO109697,20241112,3,244,7,1,1,1999000,0.0,1999000,1450000,549000
SO111700,20241112,9,280,6,10,4,349000,0.05,1326200,760000,566200
SO102353,20241112,14,250,7,9,5,59000,0.0,295000,60000,235000
SO105727,20241112,14,271,2,3,3,59000,0.0,177000,36000,141000
SO101717,20241112,13,197,3,3,5,89000,0.0,445000,125000,320000
SO105104,20241112,11,121,13,3,5,199000,0.0,995000,425000,570000
SO105449,20241113,18,258,2,11,1,649000,0.0,649000,320000,329000
SO101528,20241113,17,109,3,3,3,329000,0.0,987000,450000,537000
SO108213,20241113,19,239,5,1,2,169000,0.0,338000,150000,188000
SO102827,20241113,19,148,1,12,4,169000,0.0,676000,300000,376000
SO108189,20241113,14,203,14,4,2,59000,0.0,118000,24000,94000
SO107696,20241113,6,188,1,3,3,2199000,0.0,6597000,4050000,2547000
SO106902,20241113,17,194,14,4,1,329000,0.05,312600,150000,162600
SO109254,20241113,11,175,15,12,4,199000,0.05,756200,340000,416200
SO103004,20241113,11,156,11,3,1,199000,0.05,189000,85000,104000
SO105063,20241114,17,87,6,2,4,329000,0.0,1316000,600000,716000
SO102527,20241114,14,144,1,10,3,59000,0.0,177000,36000,141000
SO108317,20241114,14,46,17,8,3,59000,0.0,177000,36000,141000
SO109894,20241114,18,39,6,9,1,649000,0.0,649000,320000,329000
SO100114,20241114,13,46,17,12,1,89000,0.05,84600,25000,59600
SO105876,20241114,14,219,7,1,4,59000,0.1,212400,48000,164400
SO106892,20241114,14,275,3,8,3,59000,0.1,159300,36000,123300
SO109063,20241114,14,253,1,11,2,59000,0.05,112100,24000,88100
SO105187,20241114,13,270,6,5,2,89000,0.0,178000,50000,128000
SO100781,20241114,11,92,3,9,5,199000,0.0,995000,425000,570000
SO110168,20241114,13,109,3,8,3,89000,0.0,267000,75000,192000
SO110162,20241114,18,175,15,11,4,649000,0.0,2596000,1280000,1316000
SO111231,20241114,14,150,11,11,3,59000,0.05,168200,36000,132200
SO109607,20241114,20,220,6,9,3,129000,0.1,348300,165000,183300
SO107939,20241114,17,242,13,6,1,329000,0.0,329000,150000,179000
SO111147,20241114,14,67,3,10,2,59000,0.05,112100,24000,88100
SO104123,20241114,11,130,11,2,4,199000,0.1,716400,340000,376400
SO110214,20241114,9,82,3,8,2,349000,0.05,663100,380000,283100
SO102258,20241114,1,300,7,2,3,13999000,0.05,39897200,29400000,10497200
SO104826,20241114,20,212,1,8,5,129000,0.0,645000,275000,370000
SO102337,20241115,12,259,7,7,4,299000,0.0,1196000,480000,716000
SO102332,20241115,18,37,12,2,5,649000,0.0,3245000,1600000,1645000
SO104292,20241115,14,191,8,3,5,59000,0.0,295000,60000,235000
SO104043,20241115,4,222,15,9,3,8999000,0.0,26997000,18600000,8397000
SO110554,20241115,19,259,7,1,3,169000,0.1,456300,225000,231300
SO108342,20241115,3,27,6,2,2,1999000,0.0,3998000,2900000,1098000
SO110555,20241115,14,93,1,8,3,59000,0.0,177000,36000,141000
SO100203,20241115,19,42,7,7,5,169000,0.1,760500,375000,385500
SO104541,20241115,19,168,4,5,3,169000,0.0,507000,225000,282000
SO102696,20241115,12,71,9,11,4,299000,0.0,1196000,480000,716000
SO109117,20241115,14,222,15,3,3,59000,0.0,177000,36000,141000
SO100218,20241115,11,153,3,9,2,199000,0.05,378100,170000,208100
SO101896,20241115,17,221,3,4,5,329000,0.1,1480500,750000,730500
SO101166,20241115,15,96,1,6,5,899000,0.1,4045500,2400000,1645500
SO102385,20241115,7,126,1,1,3,499000,0.0,1497000,840000,657000
SO106166,20241115,7,152,3,10,2,499000,0.1,898200,560000,338200
SO102143,20241115,18,222,15,5,1,649000,0.05,616600,320000,296600
SO107417,20241115,11,19,1,10,3,199000,0.0,597000,255000,342000
SO101834,20241115,19,195,3,6,3,169000,0.0,507000,225000,282000
SO107560,20241116,6,290,14,5,4,2199000,0.05,8356200,5400000,2956200
SO100245,20241116,4,159,4,6,2,8999000,0.0,17998000,12400000,5598000
SO102714,20241116,11,10,2,8,5,199000,0.0,995000,425000,570000
SO108818,20241116,13,37,12,4,4,89000,0.05,338200,100000,238200
SO109777,20241116,18,69,8,6,4,649000,0.0,2596000,1280000,1316000
SO100625,20241116,17,131,6,8,4,329000,0.05,1250200,600000,650200
SO105771,20241116,7,273,2,11,3,499000,0.0,1497000,840000,657000
SO102768,20241116,13,281,3,2,2,89000,0.0,178000,50000,128000
SO102381,20241116,11,261,2,3,3,199000,0.05,567200,255000,312200
SO101423,20241116,11,163,14,12,1,199000,0.0,199000,85000,114000
SO104705,20241116,17,227,1,10,5,329000,0.1,1480500,750000,730500
SO105839,20241116,19,19,1,2,1,169000,0.0,169000,75000,94000
SO109621,20241116,13,27,6,12,1,89000,0.0,89000,25000,64000
SO100119,20241116,14,19,1,6,3,59000,0.05,168200,36000,132200
SO104002,20241116,10,166,4,1,4,599000,0.0,2396000,1240000,1156000
SO101093,20241116,18,137,6,7,5,649000,0.0,3245000,1600000,1645000
SO105867,20241117,20,45,8,1,3,129000,0.0,387000,165000,222000
SO105124,20241117,7,245,3,3,2,499000,0.0,998000,560000,438000
SO109115,20241117,18,202,1,11,5,649000,0.1,2920500,1600000,1320500
SO111663,20241117,20,223,3,11,4,129000,0.05,490200,220000,270200
SO106934,20241117,17,77,1,5,1,329000,0.1,296100,150000,146100
SO108298,20241117,6,118,2,10,1,2199000,0.05,2089000,1350000,739000
SO102160,20241117,9,109,3,7,2,349000,0.0,698000,380000,318000
SO106661,20241117,14,223,3,9,3,59000,0.0,177000,36000,141000
SO104141,20241117,2,189,18,7,1,4499000,0.0,4499000,3100000,1399000
SO102916,20241117,13,61,11,1,4,89000,0.05,338200,100000,238200
SO111286,20241117,15,59,1,6,3,899000,0.0,2697000,1440000,1257000
SO107670,20241117,6,83,8,5,4,2199000,0.0,8796000,5400000,3396000
SO108098,20241117,10,253,1,11,3,599000,0.1,1617300,930000,687300
SO109912,20241117,9,160,2,3,2,349000,0.0,698000,380000,318000
SO101559,20241117,11,31,2,12,2,199000,0.05,378100,170000,208100
SO109278,20241117,12,140,3,7,3,299000,0.05,852200,360000,492200
SO109249,20241117,20,24,12,4,1,129000,0.1,116100,55000,61100
SO100229,20241117,10,119,8,10,4,599000,0.0,2396000,1240000,1156000
SO111762,20241117,14,116,1,8,4,59000,0.0,236000,48000,188000
SO105141,20241118,3,187,5,9,3,1999000,0.0,5997000,4350000,1647000
SO111959,20241118,18,221,3,3,3,649000,0.1,1752300,960000,792300
SO107243,20241118,18,125,1,2,4,649000,0.0,2596000,1280000,1316000
SO107283,20241118,17,37,12,4,4,329000,0.0,1316000,600000,716000
SO111742,20241118,13,300,7,10,3,89000,0.05,253600,75000,178600
SO103616,20241118,7,221,3,4,5,499000,0.05,2370200,1400000,970200
SO101077,20241118,13,156,11,3,5,89000,0.0,445000,125000,320000
SO107291,20241118,13,67,3,7,2,89000,0.0,178000,50000,128000
SO100102,20241118,19,258,2,2,4,169000,0.0,676000,300000,376000
SO101811,20241119,14,228,3,12,5,59000,0.0,295000,60000,235000
SO107229,20241119,14,185,3,6,1,59000,0.0,59000,12000,47000
SO107646,20241119,7,299,1,7,4,499000,0.05,1896200,1120000,776200
SO107161,20241119,20,180,1,1,2,129000,0.0,258000,110000,148000
SO100473,20241119,5,258,2,9,2,3999000,0.05,7598100,5800000,1798100
SO106009,20241119,14,280,6,12,1,59000,0.0,59000,12000,47000
SO108019,20241119,11,122,18,8,1,199000,0.1,179100,85000,94100
SO103116,20241119,16,201,9,5,2,1599000,0.05,3038100,1840000,1198100
SO104745,20241119,14,47,3,5,2,59000,0.0,118000,24000,94000
SO101240,20241119,11,262,1,4,4,199000,0.0,796000,340000,456000
SO105871,20241119,8,279,12,1,5,799000,0.0,3995000,2100000,1895000
SO109295,20241119,8,147,12,5,4,799000,0.0,3196000,1680000,1516000
SO105773,20241119,1,147,12,9,4,13999000,0.0,55996000,39200000,16796000
SO102407,20241119,18,12,6,1,2,649000,0.05,1233100,640000,593100
SO107735,20241119,13,269,15,6,2,89000,0.0,178000,50000,128000
SO100191,20241119,20,245,3,12,2,129000,0.05,245100,110000,135100
SO103337,20241119,16,200,8,4,2,1599000,0.05,3038100,1840000,1198100
SO102712,20241119,14,209,1,1,5,59000,0.0,295000,60000,235000
SO100300,20241119,14,30,6,7,3,59000,0.0,177000,36000,141000
SO111761,20241119,9,150,11,3,2,349000,0.0,698000,380000,318000
SO110655,20241119,13,68,4,4,2,89000,0.0,178000,50000,128000
SO109472,20241120,13,87,6,7,2,89000,0.0,178000,50000,128000
SO106142,20241120,16,142,8,11,3,1599000,0.0,4797000,2760000,2037000
SO105375,20241120,13,225,7,6,3,89000,0.0,267000,75000,192000
SO111542,20241120,11,279,12,6,2,199000,0.0,398000,170000,228000
SO100347,20241120,11,90,6,7,3,199000,0.0,597000,255000,342000
SO109107,20241120,18,260,1,1,4,649000,0.0,2596000,1280000,1316000
SO107883,20241120,17,123,17,7,1,329000,0.0,329000,150000,179000
SO104488,20241120,19,178,1,7,5,169000,0.0,845000,375000,470000
SO107408,20241120,8,106,1,9,2,799000,0.0,1598000,840000,758000
SO100698,20241120,4,290,14,7,5,8999000,0.0,44995000,31000000,13995000
SO108324,20241120,9,138,8,11,1,349000,0.0,349000,190000,159000
SO103244,20241120,11,62,14,9,4,199000,0.05,756200,340000,416200
SO111379,20241120,17,258,2,10,2,329000,0.05,625100,300000,325100
SO104904,20241120,20,59,1,4,4,129000,0.05,490200,220000,270200
SO110421,20241121,14,41,3,2,2,59000,0.0,118000,24000,94000
SO106064,20241121,11,105,2,4,4,199000,0.1,716400,340000,376400
SO108408,20241121,11,172,1,7,3,199000,0.0,597000,255000,342000
SO104496,20241121,20,268,8,2,5,129000,0.1,580500,275000,305500
SO104421,20241121,18,63,1,12,1,649000,0.0,649000,320000,329000
SO105065,20241121,17,95,3,11,2,329000,0.05,625100,300000,325100
SO104959,20241121,13,85,3,6,1,89000,0.0,89000,25000,64000
SO108205,20241121,20,143,9,6,4,129000,0.1,464400,220000,244400
SO100743,20241121,14,238,3,10,2,59000,0.0,118000,24000,94000
SO101925,20241121,15,138,8,8,5,899000,0.0,4495000,2400000,2095000
SO103669,20241121,15,255,1,4,4,899000,0.05,3416200,1920000,1496200
SO102403,20241121,20,8,8,2,2,129000,0.05,245100,110000,135100
SO104896,20241122,7,122,18,5,3,499000,0.0,1497000,840000,657000
SO102579,20241122,2,290,14,9,1,4499000,0.0,4499000,3100000,1399000
SO100994,20241122,20,267,5,2,5,129000,0.0,645000,275000,370000
SO109917,20241122,13,281,3,5,5,89000,0.0,445000,125000,320000
SO101526,20241122,20,300,7,1,3,129000,0.0,387000,165000,222000
SO107518,20241122,13,278,3,11,1,89000,0.05,84600,25000,59600
SO106004,20241122,14,159,4,12,5,59000,0.0,295000,60000,235000
SO101347,20241122,11,241,4,1,2,199000,0.1,358200,170000,188200
SO107079,20241122,18,73,1,1,2,649000,0.05,1233100,640000,593100
SO108538,20241122,7,101,2,10,3,499000,0.05,1422200,840000,582200
SO100864,20241122,19,1,2,1,4,169000,0.0,676000,300000,376000
SO100519,20241122,20,142,8,4,3,129000,0.0,387000,165000,222000
SO108215,20241122,3,46,17,2,1,1999000,0.0,1999000,1450000,549000
SO106540,20241123,12,13,1,11,2,299000,0.0,598000,240000,358000
SO110303,20241123,19,162,1,10,3,169000,0.1,456300,225000,231300
SO109373,20241123,11,235,15,11,4,199000,0.15,676600,340000,336600
SO104091,20241123,7,130,11,8,5,499000,0.05,2370200,1400000,970200
SO109214,20241123,14,278,3,10,5,59000,0.0,295000,60000,235000
SO109203,20241123,6,74,13,7,4,2199000,0.0,8796000,5400000,3396000
SO106363,20241123,18,299,1,8,4,649000,0.05,2466200,1280000,1186200
SO103807,20241123,9,109,3,5,4,349000,0.05,1326200,760000,566200
SO111833,20241123,13,168,4,8,3,89000,0.1,240300,75000,165300
SO111581,20241123,20,264,7,8,5,129000,0.1,580500,275000,305500
SO108845,20241123,14,162,1,3,5,59000,0.0,295000,60000,235000
SO108966,20241123,17,125,1,5,1,329000,0.1,296100,150000,146100
SO104984,20241123,20,186,3,5,4,129000,0.0,516000,220000,296000
SO104380,20241123,14,240,8,12,1,59000,0.0,59000,12000,47000
SO108582,20241123,10,52,3,3,3,599000,0.0,1797000,930000,867000
SO109577,20241124,11,24,12,9,2,199000,0.1,358200,170000,188200
SO103560,20241124,14,250,7,9,1,59000,0.0,59000,12000,47000
SO101870,20241124,18,93,1,12,5,649000,0.05,3082800,1600000,1482800
SO108427,20241124,14,9,8,7,1,59000,0.0,59000,12000,47000
SO107119,20241124,16,159,4,11,5,1599000,0.0,7995000,4600000,3395000
SO102979,20241124,11,43,8,4,5,199000,0.0,995000,425000,570000
SO107054,20241124,19,295,8,5,4,169000,0.05,642200,300000,342200
SO106505,20241124,14,140,3,9,4,59000,0.0,236000,48000,188000
SO109491,20241124,13,277,1,3,4,89000,0.0,356000,100000,256000
SO111654,20241124,17,293,17,7,4,329000,0.1,1184400,600000,584400
SO106190,20241124,10,284,2,6,5,599000,0.0,2995000,1550000,1445000
SO102634,20241124,8,248,1,8,2,799000,0.0,1598000,840000,758000
SO102604,20241124,11,130,11,9,4,199000,0.05,756200,340000,416200
SO108276,20241124,12,150,11,10,2,299000,0.0,598000,240000,358000
SO105726,20241124,9,76,9,8,5,349000,0.0,1745000,950000,795000
SO104500,20241124,7,176,1,2,5,499000,0.05,2370200,1400000,970200
SO101230,20241124,20,266,1,4,2,129000,0.1,232200,110000,122200
SO105834,20241124,14,104,12,10,4,59000,0.05,224200,48000,176200
SO105993,20241124,14,112,4,7,5,59000,0.0,295000,60000,235000
SO104353,20241124,2,221,3,7,3,4499000,0.0,13497000,9300000,4197000
SO101544,20241125,14,252,7,7,5,59000,0.0,295000,60000,235000
SO106825,20241125,14,179,2,12,4,59000,0.0,236000,48000,188000
SO101570,20241125,7,276,7,5,2,499000,0.0,998000,560000,438000
SO105468,20241125,14,78,1,12,2,59000,0.0,118000,24000,94000
SO105341,20241125,8,16,1,3,4,799000,0.0,3196000,1680000,1516000
SO108792,20241125,7,94,3,2,4,499000,0.0,1996000,1120000,876000
SO103471,20241125,4,9,8,8,3,8999000,0.0,26997000,18600000,8397000
SO111593,20241125,9,237,8,8,3,349000,0.0,1047000,570000,477000
SO101641,20241125,18,263,2,6,5,649000,0.0,3245000,1600000,1645000
SO103336,20241125,8,125,1,6,4,799000,0.0,3196000,1680000,1516000
SO105411,20241125,20,145,14,5,1,129000,0.05,122600,55000,67600
SO102571,20241125,11,277,1,2,2,199000,0.0,398000,170000,228000
SO106309,20241125,8,56,7,2,5,799000,0.0,3995000,2100000,1895000
SO106255,20241125,9,141,3,4,5,349000,0.05,1657800,950000,707800
SO105864,20241126,17,95,3,7,4,329000,0.0,1316000,600000,716000
SO108644,20241126,1,101,2,12,1,13999000,0.05,13299000,9800000,3499000
SO108247,20241126,13,300,7,8,3,89000,0.0,267000,75000,192000
SO100166,20241126,9,115,4,10,5,349000,0.0,1745000,950000,795000
SO109294,20241126,14,138,8,8,3,59000,0.0,177000,36000,141000
SO110454,20241126,7,280,6,9,2,499000,0.1,898200,560000,338200
SO106535,20241126,8,172,1,12,1,799000,0.0,799000,420000,379000
SO111406,20241126,12,279,12,12,1,299000,0.05,284000,120000,164000
SO106958,20241126,19,273,2,3,4,169000,0.05,642200,300000,342200
SO107277,20241126,11,137,6,8,3,199000,0.05,567200,255000,312200
SO108932,20241126,17,290,14,1,1,329000,0.0,329000,150000,179000
SO109963,20241126,14,51,4,7,4,59000,0.0,236000,48000,188000
SO109525,20241127,2,6,1,5,4,4499000,0.1,16196400,12400000,3796400
SO108065,20241127,6,166,4,5,3,2199000,0.0,6597000,4050000,2547000
SO106055,20241127,14,246,3,5,5,59000,0.0,295000,60000,235000
SO104178,20241127,20,292,11,9,1,129000,0.0,129000,55000,74000
SO105631,20241127,14,217,8,11,5,59000,0.0,295000,60000,235000
SO110620,20241127,10,68,4,1,2,599000,0.0,1198000,620000,578000
SO111907,20241127,13,202,1,4,2,89000,0.05,169100,50000,119100
SO109881,20241127,2,111,1,7,1,4499000,0.0,4499000,3100000,1399000
SO110432,20241127,15,3,1,2,3,899000,0.05,2562200,1440000,1122200
SO110684,20241127,9,61,11,1,1,349000,0.0,349000,190000,159000
SO110941,20241127,10,230,8,6,1,599000,0.0,599000,310000,289000
SO110207,20241127,17,144,1,2,3,329000,0.0,987000,450000,537000
SO106723,20241127,8,74,13,9,4,799000,0.0,3196000,1680000,1516000
SO106601,20241127,14,199,6,9,5,59000,0.0,295000,60000,235000
SO106985,20241127,9,159,4,7,5,349000,0.0,1745000,950000,795000
SO108240,20241127,18,252,7,2,3,649000,0.05,1849600,960000,889600
SO104579,20241127,14,137,6,12,4,59000,0.0,236000,48000,188000
SO105535,20241128,3,85,3,1,5,1999000,0.05,9495200,7250000,2245200
SO102194,20241128,16,222,15,2,1,1599000,0.0,1599000,920000,679000
SO102635,20241128,15,275,3,7,3,899000,0.0,2697000,1440000,1257000
SO103566,20241128,15,128,5,4,1,899000,0.0,899000,480000,419000
SO109088,20241128,11,76,9,11,2,199000,0.0,398000,170000,228000
SO100214,20241128,2,205,7,1,2,4499000,0.05,8548100,6200000,2348100
SO107023,20241128,11,254,2,2,2,199000,0.0,398000,170000,228000
SO100657,20241128,19,193,1,12,2,169000,0.0,338000,150000,188000
SO101697,20241128,14,96,1,7,1,59000,0.0,59000,12000,47000
SO110767,20241128,16,80,1,6,3,1599000,0.05,4557200,2760000,1797200
SO110642,20241128,19,96,1,6,5,169000,0.0,845000,375000,470000
SO103711,20241128,12,13,1,10,5,299000,0.0,1495000,600000,895000
SO105229,20241128,14,255,1,5,2,59000,0.0,118000,24000,94000
SO105404,20241128,16,13,1,8,5,1599000,0.0,7995000,4600000,3395000
SO108406,20241128,12,118,2,3,2,299000,0.05,568100,240000,328100
SO109225,20241129,5,192,3,11,1,3999000,0.0,3999000,2900000,1099000
SO104548,20241129,13,262,1,7,5,89000,0.05,422800,125000,297800
SO111645,20241129,14,118,2,1,3,59000,0.0,177000,36000,141000
SO110076,20241129,14,149,2,11,2,59000,0.0,118000,24000,94000
SO103056,20241129,13,244,7,5,3,89000,0.05,253600,75000,178600
SO107953,20241129,9,251,7,9,4,349000,0.05,1326200,760000,566200
SO104898,20241129,14,188,1,4,1,59000,0.0,59000,12000,47000
SO100672,20241129,20,156,11,8,5,129000,0.0,645000,275000,370000
SO110734,20241129,10,150,11,6,3,599000,0.0,1797000,930000,867000
SO101232,20241129,9,282,14,2,5,349000,0.0,1745000,950000,795000
SO106754,20241130,12,215,14,1,2,299000,0.0,598000,240000,358000
SO104245,20241130,14,5,1,11,5,59000,0.0,295000,60000,235000
SO107018,20241130,12,36,1,7,1,299000,0.05,284000,120000,164000
SO105695,20241130,20,271,2,12,1,129000,0.0,129000,55000,74000
SO102884,20241130,16,114,7,4,5,1599000,0.05,7595200,4600000,2995200
SO104758,20241130,17,82,3,11,1,329000,0.05,312600,150000,162600
SO103876,20241130,20,18,18,11,2,129000,0.0,258000,110000,148000
SO103291,20241130,13,164,12,12,1,89000,0.0,89000,25000,64000
SO103983,20241130,12,178,1,8,4,299000,0.0,1196000,480000,716000
SO100802,20241130,11,196,1,11,5,199000,0.05,945200,425000,520200
SO110661,20241130,18,243,3,10,2,649000,0.05,1233100,640000,593100
SO101576,20241130,20,46,17,3,1,129000,0.05,122600,55000,67600
SO111868,20241201,3,191,8,11,5,1999000,0.1,8995500,7250000,1745500
SO105673,20241201,13,227,1,7,3,89000,0.0,267000,75000,192000
SO109408,20241201,13,74,13,5,3,89000,0.0,267000,75000,192000
SO106411,20241201,14,13,1,5,1,59000,0.0,59000,12000,47000
SO107289,20241201,3,29,1,7,3,1999000,0.0,5997000,4350000,1647000
SO106647,20241201,14,70,8,1,4,59000,0.05,224200,48000,176200
SO100590,20241201,12,272,6,4,2,299000,0.0,598000,240000,358000
SO110548,20241201,10,60,1,12,1,599000,0.0,599000,310000,289000
SO101350,20241201,14,62,14,6,4,59000,0.0,236000,48000,188000
SO104197,20241201,20,142,8,7,4,129000,0.05,490200,220000,270200
SO107047,20241201,17,84,12,7,4,329000,0.0,1316000,600000,716000
SO109200,20241201,9,87,6,7,4,349000,0.0,1396000,760000,636000
SO100762,20241201,13,102,1,9,5,89000,0.05,422800,125000,297800
SO101585,20241201,16,277,1,5,1,1599000,0.0,1599000,920000,679000
SO105529,20241201,9,189,18,1,3,349000,0.05,994600,570000,424600
SO110414,20241202,13,234,2,1,3,89000,0.0,267000,75000,192000
SO104585,20241202,19,238,3,4,3,169000,0.1,456300,225000,231300
SO101089,20241202,13,40,5,11,4,89000,0.0,356000,100000,256000
SO103775,20241202,20,57,1,5,3,129000,0.0,387000,165000,222000
SO106798,20241202,15,52,3,9,2,899000,0.0,1798000,960000,838000
SO106013,20241202,12,57,1,6,1,299000,0.0,299000,120000,179000
SO100175,20241202,9,243,3,9,4,349000,0.0,1396000,760000,636000
SO107482,20241202,7,255,1,6,5,499000,0.0,2495000,1400000,1095000
SO107235,20241202,10,88,6,7,2,599000,0.05,1138100,620000,518100
SO109707,20241202,11,20,1,9,5,199000,0.0,995000,425000,570000
SO103359,20241202,19,58,16,7,5,169000,0.0,845000,375000,470000
SO111799,20241202,20,142,8,7,5,129000,0.0,645000,275000,370000
SO106597,20241202,10,37,12,9,3,599000,0.0,1797000,930000,867000
SO111386,20241202,12,207,18,10,3,299000,0.0,897000,360000,537000
SO111684,20241202,13,214,3,11,1,89000,0.0,89000,25000,64000
SO111527,20241202,7,148,1,7,1,499000,0.0,499000,280000,219000
SO110920,20241202,10,216,2,5,4,599000,0.05,2276200,1240000,1036200
SO109516,20241202,17,195,3,7,5,329000,0.0,1645000,750000,895000
SO104494,20241202,7,29,1,2,3,499000,0.0,1497000,840000,657000
SO109305,20241202,14,287,6,8,3,59000,0.05,168200,36000,132200
SO111525,20241202,14,11,12,2,1,59000,0.1,53100,12000,41100
SO105960,20241202,11,154,2,6,4,199000,0.0,796000,340000,456000
SO103685,20241203,8,47,3,11,5,799000,0.0,3995000,2100000,1895000
SO102965,20241203,12,276,7,9,5,299000,0.0,1495000,600000,895000
SO101351,20241203,17,23,1,7,2,329000,0.05,625100,300000,325100
SO102264,20241203,15,291,14,8,5,899000,0.0,4495000,2400000,2095000
SO109675,20241203,2,206,1,9,4,4499000,0.0,17996000,12400000,5596000
SO109713,20241203,15,272,6,6,5,899000,0.05,4270200,2400000,1870200
SO110213,20241203,16,107,1,10,5,1599000,0.05,7595200,4600000,2995200
SO111908,20241203,8,300,7,8,2,799000,0.0,1598000,840000,758000
SO101334,20241203,18,247,3,3,2,649000,0.0,1298000,640000,658000
SO108334,20241203,7,96,1,8,2,499000,0.0,998000,560000,438000
SO101437,20241203,14,122,18,2,1,59000,0.0,59000,12000,47000
SO111289,20241203,14,233,7,9,3,59000,0.0,177000,36000,141000
SO102833,20241203,13,273,2,4,3,89000,0.0,267000,75000,192000
SO100133,20241203,14,270,6,1,1,59000,0.05,56000,12000,44000
SO104163,20241203,11,122,18,3,3,199000,0.0,597000,255000,342000
SO106062,20241204,14,191,8,9,2,59000,0.0,118000,24000,94000
SO101338,20241204,8,19,1,10,1,799000,0.0,799000,420000,379000
SO105439,20241204,18,3,1,7,1,649000,0.0,649000,320000,329000
SO107714,20241204,8,125,1,6,2,799000,0.0,1598000,840000,758000
SO108360,20241204,15,198,9,12,2,899000,0.05,1708100,960000,748100
SO108035,20241204,14,267,5,12,2,59000,0.0,118000,24000,94000
SO105401,20241204,14,177,5,1,5,59000,0.0,295000,60000,235000
SO101155,20241204,2,148,1,8,4,4499000,0.05,17096200,12400000,4696200
SO109448,20241204,11,260,1,10,2,199000,0.1,358200,170000,188200
SO105410,20241205,12,186,3,8,4,299000,0.0,1196000,480000,716000
SO103269,20241205,13,83,8,6,3,89000,0.0,267000,75000,192000
SO104793,20241205,12,177,5,6,4,299000,0.05,1136200,480000,656200
SO106911,20241205,5,211,1,1,3,3999000,0.0,11997000,8700000,3297000
SO106957,20241205,3,170,3,5,2,1999000,0.05,3798100,2900000,898100
SO101747,20241205,8,76,9,10,3,799000,0.0,2397000,1260000,1137000
SO106770,20241205,20,221,3,8,5,129000,0.0,645000,275000,370000
SO102392,20241205,16,220,6,11,2,1599000,0.0,3198000,1840000,1358000
SO101107,20241205,7,239,5,10,4,499000,0.0,1996000,1120000,876000
SO107304,20241205,3,132,5,8,3,1999000,0.05,5697200,4350000,1347200
SO106713,20241205,20,40,5,2,2,129000,0.0,258000,110000,148000
SO110067,20241205,10,92,3,8,5,599000,0.0,2995000,1550000,1445000
SO111228,20241205,8,64,3,10,5,799000,0.0,3995000,2100000,1895000
SO101829,20241205,18,252,7,3,3,649000,0.0,1947000,960000,987000
SO103195,20241206,14,283,11,8,1,59000,0.05,56000,12000,44000
SO103199,20241206,20,163,14,9,1,129000,0.0,129000,55000,74000
SO106310,20241206,14,168,4,7,1,59000,0.0,59000,12000,47000
SO109991,20241206,9,138,8,12,5,349000,0.1,1570500,950000,620500
SO101827,20241206,15,96,1,5,1,899000,0.05,854000,480000,374000
SO100181,20241206,14,278,3,8,4,59000,0.05,224200,48000,176200
SO103412,20241206,10,110,2,11,3,599000,0.0,1797000,930000,867000
SO110668,20241206,12,1,2,9,4,299000,0.0,1196000,480000,716000
SO101908,20241206,11,85,3,5,5,199000,0.0,995000,425000,570000
SO102536,20241206,17,259,7,9,5,329000,0.0,1645000,750000,895000
SO102249,20241206,13,133,1,5,3,89000,0.0,267000,75000,192000
SO108637,20241206,14,237,8,1,3,59000,0.0,177000,36000,141000
SO110448,20241206,7,247,3,7,5,499000,0.05,2370200,1400000,970200
SO104059,20241206,20,59,1,5,2,129000,0.0,258000,110000,148000
SO103018,20241206,9,73,1,8,2,349000,0.0,698000,380000,318000
SO105663,20241207,2,158,3,2,4,4499000,0.1,16196400,12400000,3796400
SO110546,20241207,13,286,4,7,3,89000,0.0,267000,75000,192000
SO108578,20241207,18,176,1,8,4,649000,0.05,2466200,1280000,1186200
SO102998,20241207,12,99,3,8,5,299000,0.0,1495000,600000,895000
SO111797,20241207,14,61,11,12,3,59000,0.0,177000,36000,141000
SO102115,20241207,15,172,1,8,2,899000,0.05,1708100,960000,748100
SO108395,20241207,20,10,2,2,1,129000,0.0,129000,55000,74000
SO106932,20241207,8,100,15,11,2,799000,0.1,1438200,840000,598200
SO104554,20241207,6,132,5,9,4,2199000,0.1,7916400,5400000,2516400
SO111964,20241207,4,248,1,8,4,8999000,0.0,35996000,24800000,11196000
SO101370,20241207,11,191,8,8,3,199000,0.05,567200,255000,312200
SO103276,20241207,14,226,11,4,5,59000,0.05,280200,60000,220200
SO108412,20241207,20,158,3,8,4,129000,0.05,490200,220000,270200
SO109989,20241207,16,38,2,7,2,1599000,0.0,3198000,1840000,1358000
SO103619,20241207,10,33,10,8,4,599000,0.0,2396000,1240000,1156000
SO107074,20241208,14,155,8,1,5,59000,0.05,280200,60000,220200
SO107697,20241208,11,33,10,8,2,199000,0.0,398000,170000,228000
SO102439,20241208,3,70,8,2,1,1999000,0.0,1999000,1450000,549000
SO110095,20241208,13,268,8,6,5,89000,0.0,445000,125000,320000
SO107749,20241208,14,194,14,6,2,59000,0.05,112100,24000,88100
SO101292,20241208,15,181,1,1,1,899000,0.0,899000,480000,419000
SO110137,20241208,3,8,8,11,2,1999000,0.1,3598200,2900000,698200
SO111301,20241208,16,297,4,8,3,1599000,0.05,4557200,2760000,1797200
SO104411,20241208,6,140,3,12,2,2199000,0.05,4178100,2700000,1478100
SO103326,20241208,16,262,1,12,2,1599000,0.05,3038100,1840000,1198100
SO101365,20241208,10,234,2,11,2,599000,0.0,1198000,620000,578000
SO101865,20241208,20,179,2,1,5,129000,0.15,548200,275000,273200
SO103930,20241208,14,70,8,1,4,59000,0.05,224200,48000,176200
SO110624,20241208,11,67,3,3,4,199000,0.0,796000,340000,456000
SO110784,20241208,7,106,1,4,5,499000,0.05,2370200,1400000,970200
SO106931,20241208,10,28,2,1,3,599000,0.0,1797000,930000,867000
SO107331,20241208,3,254,2,7,3,1999000,0.0,5997000,4350000,1647000
SO110782,20241208,12,127,2,12,3,299000,0.05,852200,360000,492200
SO111311,20241208,19,140,3,8,5,169000,0.05,802800,375000,427800
SO110461,20241209,11,128,5,9,4,199000,0.1,716400,340000,376400
SO105174,20241209,7,146,1,3,1,499000,0.0,499000,280000,219000
SO101369,20241209,9,27,6,6,5,349000,0.0,1745000,950000,795000
SO107105,20241209,19,267,5,12,2,169000,0.05,321100,150000,171100
SO108147,20241209,17,26,5,6,3,329000,0.0,987000,450000,537000
SO105584,20241209,2,110,2,2,1,4499000,0.05,4274000,3100000,1174000
SO102857,20241209,19,69,8,1,1,169000,0.0,169000,75000,94000
SO107183,20241209,14,209,1,8,4,59000,0.05,224200,48000,176200
SO110471,20241209,8,230,8,1,1,799000,0.05,759000,420000,339000
SO100384,20241209,10,230,8,5,5,599000,0.0,2995000,1550000,1445000
SO100931,20241209,17,103,8,5,5,329000,0.0,1645000,750000,895000
SO103732,20241209,10,187,5,11,5,599000,0.0,2995000,1550000,1445000
SO109704,20241210,11,47,3,11,2,199000,0.0,398000,170000,228000
SO104843,20241210,7,249,1,8,4,499000,0.05,1896200,1120000,776200
SO108742,20241210,16,150,11,8,5,1599000,0.0,7995000,4600000,3395000
SO106315,20241210,13,274,17,7,4,89000,0.05,338200,100000,238200
SO108520,20241210,14,143,9,1,2,59000,0.0,118000,24000,94000
SO101296,20241210,17,250,7,8,1,329000,0.0,329000,150000,179000
SO105821,20241210,13,206,1,4,4,89000,0.0,356000,100000,256000
SO103844,20241210,9,178,1,6,4,349000,0.05,1326200,760000,566200
SO101832,20241210,11,205,7,3,2,199000,0.0,398000,170000,228000
SO102173,20241210,17,80,1,6,2,329000,0.0,658000,300000,358000
SO103848,20241210,20,8,8,6,2,129000,0.05,245100,110000,135100
SO109420,20241210,10,230,8,12,3,599000,0.05,1707200,930000,777200
SO101903,20241210,7,144,1,6,1,499000,0.1,449100,280000,169100
SO108824,20241210,18,79,8,9,5,649000,0.05,3082800,1600000,1482800
SO100239,20241210,19,184,6,9,5,169000,0.05,802800,375000,427800
SO103709,20241210,4,237,8,8,3,8999000,0.0,26997000,18600000,8397000
SO104817,20241210,13,215,14,9,4,89000,0.0,356000,100000,256000
SO101302,20241211,7,60,1,1,3,499000,0.0,1497000,840000,657000
SO102341,20241211,14,251,7,1,3,59000,0.0,177000,36000,141000
SO105845,20241211,14,245,3,4,1,59000,0.05,56000,12000,44000
SO105852,20241211,19,14,1,2,4,169000,0.0,676000,300000,376000
SO107969,20241211,8,8,8,8,1,799000,0.0,799000,420000,379000
SO104258,20241211,14,216,2,2,4,59000,0.05,224200,48000,176200
SO103307,20241211,11,243,3,11,5,199000,0.0,995000,425000,570000
SO107662,20241211,7,17,4,10,3,499000,0.0,1497000,840000,657000
SO110833,20241211,13,181,1,7,5,89000,0.05,422800,125000,297800
SO101705,20241211,5,134,2,3,5,3999000,0.0,19995000,14500000,5495000
SO102265,20241211,19,61,11,2,1,169000,0.05,160600,75000,85600
SO107765,20241211,7,127,2,5,1,499000,0.05,474000,280000,194000
SO109813,20241211,12,34,1,5,4,299000,0.0,1196000,480000,716000
SO103896,20241211,10,277,1,10,1,599000,0.0,599000,310000,289000
SO107682,20241211,15,43,8,7,3,899000,0.0,2697000,1440000,1257000
SO110590,20241211,20,219,7,5,1,129000,0.1,116100,55000,61100
SO111831,20241212,7,55,3,9,5,499000,0.05,2370200,1400000,970200
SO106846,20241212,4,240,8,11,1,8999000,0.0,8999000,6200000,2799000
SO108446,20241212,9,245,3,12,4,349000,0.1,1256400,760000,496400
SO100208,20241212,20,246,3,3,2,129000,0.0,258000,110000,148000
SO101096,20241212,19,51,4,8,2,169000,0.0,338000,150000,188000
SO105226,20241212,11,282,14,4,1,199000,0.0,199000,85000,114000
SO101719,20241212,20,206,1,6,5,129000,0.0,645000,275000,370000
SO107886,20241212,12,223,3,8,4,299000,0.05,1136200,480000,656200
SO108134,20241212,11,134,2,7,3,199000,0.0,597000,255000,342000
SO107570,20241212,11,279,12,9,3,199000,0.05,567200,255000,312200
SO105888,20241212,5,265,14,3,5,3999000,0.15,16995800,14500000,2495800
SO110280,20241212,11,163,14,4,4,199000,0.05,756200,340000,416200
SO105870,20241212,13,211,1,9,4,89000,0.0,356000,100000,256000
SO103783,20241212,3,160,2,6,1,1999000,0.05,1899000,1450000,449000
SO111376,20241212,14,227,1,4,1,59000,0.0,59000,12000,47000
SO105639,20241212,15,18,18,9,5,899000,0.1,4045500,2400000,1645500
SO107747,20241212,15,283,11,12,2,899000,0.0,1798000,960000,838000
SO101962,20241212,11,214,3,6,2,199000,0.1,358200,170000,188200
SO104275,20241212,13,217,8,8,1,89000,0.1,80100,25000,55100
SO107755,20241212,14,204,3,10,5,59000,0.0,295000,60000,235000
SO105115,20241213,9,105,2,2,2,349000,0.0,698000,380000,318000
SO105642,20241213,17,134,2,7,2,329000,0.0,658000,300000,358000
SO107405,20241213,20,107,1,11,3,129000,0.05,367600,165000,202600
SO101210,20241213,13,103,8,1,4,89000,0.1,320400,100000,220400
SO105904,20241213,20,69,8,3,5,129000,0.0,645000,275000,370000
SO108885,20241213,18,235,15,10,1,649000,0.05,616600,320000,296600
SO107745,20241213,14,240,8,12,3,59000,0.0,177000,36000,141000
SO107789,20241213,11,137,6,1,4,199000,0.0,796000,340000,456000
SO108806,20241213,9,22,6,3,5,349000,0.0,1745000,950000,795000
SO106371,20241213,11,60,1,9,2,199000,0.0,398000,170000,228000
SO104444,20241213,11,295,8,11,4,199000,0.1,716400,340000,376400
SO102534,20241213,7,288,2,1,1,499000,0.0,499000,280000,219000
SO102053,20241213,20,218,3,11,2,129000,0.0,258000,110000,148000
SO110794,20241213,13,124,15,4,2,89000,0.0,178000,50000,128000
SO105336,20241213,19,233,7,12,3,169000,0.0,507000,225000,282000
SO104509,20241213,7,46,17,1,1,499000,0.05,474000,280000,194000
SO106501,20241214,13,104,12,2,5,89000,0.0,445000,125000,320000
SO102210,20241214,14,281,3,10,5,59000,0.0,295000,60000,235000
SO107997,20241214,6,20,1,7,4,2199000,0.0,8796000,5400000,3396000
SO111686,20241214,14,229,12,6,1,59000,0.05,56000,12000,44000
SO104445,20241214,11,251,7,12,2,199000,0.0,398000,170000,228000
SO106330,20241214,12,103,8,4,4,299000,0.0,1196000,480000,716000
SO106745,20241214,14,84,12,7,3,59000,0.0,177000,36000,141000
SO105928,20241214,6,31,2,3,4,2199000,0.0,8796000,5400000,3396000
SO105221,20241214,1,70,8,2,2,13999000,0.0,27998000,19600000,8398000
SO100820,20241214,11,111,1,1,2,199000,0.05,378100,170000,208100
SO102593,20241214,8,223,3,11,2,799000,0.0,1598000,840000,758000
SO107699,20241214,8,113,15,3,5,799000,0.0,3995000,2100000,1895000
SO110557,20241214,5,204,3,8,4,3999000,0.05,15196200,11600000,3596200
SO106630,20241214,2,68,4,3,3,4499000,0.0,13497000,9300000,4197000
SO110081,20241214,19,143,9,11,5,169000,0.0,845000,375000,470000
SO105558,20241214,18,140,3,7,5,649000,0.0,3245000,1600000,1645000
SO105011,20241214,19,104,12,4,2,169000,0.1,304200,150000,154200
SO106115,20241215,13,258,2,10,4,89000,0.0,356000,100000,256000
SO100108,20241215,12,184,6,11,4,299000,0.05,1136200,480000,656200
SO105746,20241215,11,173,15,4,4,199000,0.0,796000,340000,456000
SO106051,20241215,8,185,3,2,2,799000,0.0,1598000,840000,758000
SO100940,20241215,19,264,7,1,3,169000,0.0,507000,225000,282000
SO109289,20241215,14,189,18,8,1,59000,0.05,56000,12000,44000
SO107010,20241215,15,151,1,7,4,899000,0.0,3596000,1920000,1676000
SO111005,20241215,12,27,6,4,3,299000,0.0,897000,360000,537000
SO104762,20241215,19,289,2,8,1,169000,0.0,169000,75000,94000
SO102066,20241215,13,139,2,9,3,89000,0.0,267000,75000,192000
SO104331,20241215,11,66,12,1,5,199000,0.05,945200,425000,520200
SO105296,20241215,11,80,1,2,3,199000,0.0,597000,255000,342000
SO103920,20241215,14,128,5,2,3,59000,0.05,168200,36000,132200
SO107523,20241215,14,172,1,1,2,59000,0.0,118000,24000,94000
SO108176,20241215,12,39,6,2,1,299000,0.0,299000,120000,179000
SO104018,20241215,13,138,8,12,4,89000,0.05,338200,100000,238200
SO108231,20241215,12,115,4,1,1,299000,0.1,269100,120000,149100
SO106151,20241215,7,119,8,1,3,499000,0.05,1422200,840000,582200
SO105483,20241215,17,39,6,3,1,329000,0.05,312600,150000,162600
SO101056,20241216,12,31,2,12,2,299000,0.0,598000,240000,358000
SO105813,20241216,11,291,14,6,5,199000,0.0,995000,425000,570000
SO105800,20241216,20,163,14,7,4,129000,0.05,490200,220000,270200
SO110431,20241216,13,197,3,9,5,89000,0.05,422800,125000,297800
SO102516,20241216,14,181,1,6,3,59000,0.1,159300,36000,123300
SO111670,20241216,14,124,15,8,5,59000,0.0,295000,60000,235000
SO107011,20241216,2,42,7,2,1,4499000,0.05,4274000,3100000,1174000
SO104228,20241216,19,294,8,9,3,169000,0.1,456300,225000,231300
SO105068,20241216,20,66,12,6,2,129000,0.0,258000,110000,148000
SO101930,20241216,14,224,1,5,1,59000,0.05,56000,12000,44000
SO101279,20241216,14,145,14,6,4,59000,0.0,236000,48000,188000
SO104158,20241216,13,54,12,4,5,89000,0.0,445000,125000,320000
SO109870,20241216,2,278,3,1,5,4499000,0.1,20245500,15500000,4745500
SO103784,20241216,14,220,6,5,5,59000,0.05,280200,60000,220200
SO100725,20241216,19,81,17,5,4,169000,0.05,642200,300000,342200
SO103960,20241216,12,115,4,7,2,299000,0.0,598000,240000,358000
SO100839,20241217,11,297,4,6,3,199000,0.1,537300,255000,282300
SO108326,20241217,11,44,5,9,2,199000,0.0,398000,170000,228000
SO107967,20241217,16,148,1,4,5,1599000,0.05,7595200,4600000,2995200
SO106736,20241217,18,204,3,9,2,649000,0.0,1298000,640000,658000
SO103128,20241217,20,230,8,2,5,129000,0.0,645000,275000,370000
SO102226,20241217,20,71,9,5,2,129000,0.0,258000,110000,148000
SO102071,20241217,15,222,15,2,4,899000,0.05,3416200,1920000,1496200
SO102756,20241217,20,297,4,7,2,129000,0.0,258000,110000,148000
SO106412,20241217,11,284,2,12,2,199000,0.1,358200,170000,188200
SO106355,20241217,8,139,2,5,5,799000,0.0,3995000,2100000,1895000
SO111484,20241217,16,67,3,6,2,1599000,0.1,2878200,1840000,1038200
SO108656,20241217,14,256,9,2,1,59000,0.0,59000,12000,47000
SO109174,20241217,11,278,3,6,1,199000,0.0,199000,85000,114000
SO110183,20241217,12,289,2,8,1,299000,0.0,299000,120000,179000
SO101466,20241217,17,185,3,7,2,329000,0.0,658000,300000,358000
SO109238,20241217,11,54,12,2,1,199000,0.1,179100,85000,94100
SO109599,20241218,4,231,18,11,4,8999000,0.0,35996000,24800000,11196000
SO107046,20241218,5,238,3,10,1,3999000,0.0,3999000,2900000,1099000
SO110948,20241218,20,128,5,3,2,129000,0.05,245100,110000,135100
SO107396,20241218,10,159,4,1,5,599000,0.0,2995000,1550000,1445000
SO103630,20241218,19,63,1,3,3,169000,0.0,507000,225000,282000
SO103191,20241218,13,229,12,7,3,89000,0.0,267000,75000,192000
SO104520,20241218,20,28,2,2,4,129000,0.05,490200,220000,270200
SO109207,20241218,11,153,3,11,5,199000,0.1,895500,425000,470500
SO104703,20241218,19,210,3,6,4,169000,0.0,676000,300000,376000
SO111913,20241218,8,197,3,4,2,799000,0.05,1518100,840000,678100
SO101358,20241219,10,156,11,5,1,599000,0.05,569000,310000,259000
SO106106,20241219,12,211,1,11,4,299000,0.0,1196000,480000,716000
SO101885,20241219,14,50,9,1,5,59000,0.0,295000,60000,235000
SO111575,20241219,20,173,15,12,2,129000,0.0,258000,110000,148000
SO106136,20241219,20,166,4,7,5,129000,0.05,612800,275000,337800
SO100486,20241219,13,201,9,6,1,89000,0.0,89000,25000,64000
SO111460,20241219,20,86,2,2,4,129000,0.05,490200,220000,270200
SO110811,20241219,19,76,9,6,1,169000,0.05,160600,75000,85600
SO108260,20241219,7,190,10,9,4,499000,0.0,1996000,1120000,876000
SO100619,20241219,10,279,12,2,4,599000,0.0,2396000,1240000,1156000
SO104995,20241219,12,80,1,10,1,299000,0.1,269100,120000,149100
SO105610,20241219,19,129,1,11,5,169000,0.05,802800,375000,427800
SO104439,20241219,9,268,8,11,2,349000,0.0,698000,380000,318000
SO100806,20241219,4,199,6,2,5,8999000,0.0,44995000,31000000,13995000
SO105475,20241219,15,45,8,6,5,899000,0.0,4495000,2400000,2095000
SO101006,20241219,19,177,5,1,2,169000,0.05,321100,150000,171100
SO109754,20241219,13,278,3,11,1,89000,0.05,84600,25000,59600
SO111349,20241219,20,24,12,10,2,129000,0.15,219300,110000,109300
SO108626,20241219,10,209,1,9,4,599000,0.0,2396000,1240000,1156000
SO109531,20241220,9,139,2,11,2,349000,0.1,628200,380000,248200
SO104778,20241220,5,16,1,5,1,3999000,0.0,3999000,2900000,1099000
SO108630,20241220,15,21,18,6,1,899000,0.05,854000,480000,374000
SO107945,20241220,8,280,6,10,3,799000,0.0,2397000,1260000,1137000
SO107135,20241220,14,178,1,7,1,59000,0.1,53100,12000,41100
SO100247,20241220,19,131,6,11,2,169000,0.0,338000,150000,188000
SO108703,20241220,17,235,15,9,2,329000,0.0,658000,300000,358000
SO105373,20241220,17,80,1,4,5,329000,0.0,1645000,750000,895000
SO108697,20241220,8,163,14,4,2,799000,0.0,1598000,840000,758000
SO107115,20241220,20,5,1,2,1,129000,0.05,122600,55000,67600
SO102845,20241220,16,221,3,11,4,1599000,0.0,6396000,3680000,2716000
SO111476,20241220,9,219,7,7,4,349000,0.0,1396000,760000,636000
SO111885,20241220,13,137,6,2,3,89000,0.05,253600,75000,178600
SO111924,20241220,18,85,3,6,5,649000,0.0,3245000,1600000,1645000
SO108089,20241220,19,210,3,11,2,169000,0.0,338000,150000,188000
SO108886,20241220,6,248,1,8,3,2199000,0.1,5937300,4050000,1887300
SO102745,20241220,6,31,2,10,3,2199000,0.0,6597000,4050000,2547000
SO110232,20241220,7,186,3,4,4,499000,0.0,1996000,1120000,876000
SO111844,20241220,10,288,2,3,5,599000,0.0,2995000,1550000,1445000
SO104527,20241220,16,97,1,6,1,1599000,0.1,1439100,920000,519100
SO107583,20241220,17,115,4,9,3,329000,0.0,987000,450000,537000
SO109876,20241220,20,196,1,1,2,129000,0.1,232200,110000,122200
SO111001,20241221,20,202,1,5,5,129000,0.0,645000,275000,370000
SO101391,20241221,6,22,6,5,3,2199000,0.0,6597000,4050000,2547000
SO104191,20241221,14,58,16,1,1,59000,0.0,59000,12000,47000
SO104092,20241221,14,18,18,1,4,59000,0.05,224200,48000,176200
SO110545,20241221,2,208,2,6,5,4499000,0.0,22495000,15500000,6995000
SO105790,20241221,15,33,10,7,5,899000,0.0,4495000,2400000,2095000
SO108022,20241221,2,57,1,12,3,4499000,0.0,13497000,9300000,4197000
SO107030,20241221,3,98,7,8,4,1999000,0.05,7596200,5800000,1796200
SO111006,20241221,17,256,9,4,1,329000,0.0,329000,150000,179000
SO109488,20241221,19,240,8,1,3,169000,0.1,456300,225000,231300
SO102418,20241221,14,278,3,3,3,59000,0.0,177000,36000,141000
SO111131,20241221,16,186,3,11,4,1599000,0.1,5756400,3680000,2076400
SO103927,20241221,2,226,11,11,3,4499000,0.0,13497000,9300000,4197000
SO109892,20241221,13,231,18,4,3,89000,0.05,253600,75000,178600
SO101980,20241221,14,268,8,9,2,59000,0.1,106200,24000,82200
SO110773,20241221,17,89,3,11,4,329000,0.0,1316000,600000,716000
SO107452,20241221,6,70,8,3,5,2199000,0.0,10995000,6750000,4245000
SO104657,20241221,17,37,12,3,3,329000,0.0,987000,450000,537000
SO102573,20241222,5,190,10,12,2,3999000,0.0,7998000,5800000,2198000
SO110708,20241222,18,96,1,4,5,649000,0.0,3245000,1600000,1645000
SO109331,20241222,19,26,5,2,2,169000,0.05,321100,150000,171100
SO101795,20241222,19,4,3,7,3,169000,0.1,456300,225000,231300
SO101891,20241222,19,278,3,12,5,169000,0.0,845000,375000,470000
SO107832,20241222,18,242,13,5,2,649000,0.0,1298000,640000,658000
SO100833,20241222,14,59,1,5,5,59000,0.0,295000,60000,235000
SO108029,20241222,13,261,2,1,1,89000,0.0,89000,25000,64000
SO106155,20241222,12,7,8,6,3,299000,0.05,852200,360000,492200
SO100702,20241222,11,106,1,2,4,199000,0.0,796000,340000,456000
SO111949,20241222,11,21,18,5,2,199000,0.05,378100,170000,208100
SO108307,20241222,3,145,14,7,5,1999000,0.0,9995000,7250000,2745000
SO105648,20241222,12,114,7,12,2,299000,0.0,598000,240000,358000
SO102395,20241222,12,215,14,1,5,299000,0.0,1495000,600000,895000
SO101194,20241222,14,76,9,7,3,59000,0.0,177000,36000,141000
SO110097,20241222,5,229,12,9,2,3999000,0.0,7998000,5800000,2198000
SO108540,20241222,19,204,3,7,1,169000,0.05,160600,75000,85600
SO100148,20241222,20,193,1,12,2,129000,0.0,258000,110000,148000
SO109083,20241222,14,77,1,1,5,59000,0.0,295000,60000,235000
SO106180,20241223,14,86,2,11,3,59000,0.0,177000,36000,141000
SO103614,20241223,13,82,3,9,3,89000,0.0,267000,75000,192000
SO105046,20241223,18,135,1,8,3,649000,0.05,1849600,960000,889600
SO108068,20241223,9,44,5,9,4,349000,0.0,1396000,760000,636000
SO105930,20241223,2,31,2,1,3,4499000,0.05,12822200,9300000,3522200
SO109629,20241223,20,75,12,6,2,129000,0.0,258000,110000,148000
SO105091,20241223,19,256,9,2,5,169000,0.0,845000,375000,470000
SO103078,20241223,15,174,4,2,1,899000,0.05,854000,480000,374000
SO109730,20241223,13,90,6,12,1,89000,0.0,89000,25000,64000
SO109946,20241223,16,158,3,8,4,1599000,0.1,5756400,3680000,2076400
SO109204,20241223,7,1,2,11,4,499000,0.0,1996000,1120000,876000
SO104013,20241223,17,71,9,2,5,329000,0.0,1645000,750000,895000
SO101979,20241223,16,60,1,7,2,1599000,0.0,3198000,1840000,1358000
SO101173,20241224,18,68,4,5,3,649000,0.0,1947000,960000,987000
SO100333,20241224,13,123,17,6,2,89000,0.0,178000,50000,128000
SO104203,20241224,12,63,1,4,3,299000,0.05,852200,360000,492200
SO108611,20241224,18,281,3,5,2,649000,0.0,1298000,640000,658000
SO111071,20241224,14,111,1,2,5,59000,0.0,295000,60000,235000
SO110005,20241224,17,186,3,8,4,329000,0.0,1316000,600000,716000
SO101015,20241224,9,123,17,8,1,349000,0.0,349000,190000,159000
SO110927,20241224,12,214,3,5,2,299000,0.05,568100,240000,328100
SO102911,20241224,16,134,2,3,3,1599000,0.0,4797000,2760000,2037000
SO108759,20241224,8,14,1,4,1,799000,0.0,799000,420000,379000
SO103625,20241224,8,173,15,8,2,799000,0.0,1598000,840000,758000
SO110405,20241224,12,289,2,3,2,299000,0.05,568100,240000,328100
SO104638,20241224,7,97,1,10,4,499000,0.0,1996000,1120000,876000
SO106762,20241224,4,69,8,3,3,8999000,0.0,26997000,18600000,8397000
SO108235,20241224,20,244,7,1,3,129000,0.0,387000,165000,222000
SO110242,20241224,16,74,13,1,1,1599000,0.05,1519000,920000,599000
SO104491,20241225,8,271,2,9,1,799000,0.1,719100,420000,299100
SO104005,20241225,20,48,4,3,5,129000,0.05,612800,275000,337800
SO101882,20241225,3,183,2,12,3,1999000,0.0,5997000,4350000,1647000
SO109616,20241225,15,41,3,9,3,899000,0.1,2427300,1440000,987300
SO103105,20241225,17,104,12,8,1,329000,0.15,279600,150000,129600
SO104525,20241225,15,212,1,4,2,899000,0.0,1798000,960000,838000
SO111863,20241225,12,159,4,12,1,299000,0.0,299000,120000,179000
SO101508,20241225,9,276,7,4,2,349000,0.0,698000,380000,318000
SO110612,20241225,17,226,11,3,3,329000,0.1,888300,450000,438300
SO100920,20241225,12,156,11,1,2,299000,0.05,568100,240000,328100
SO110991,20241225,7,28,2,6,3,499000,0.0,1497000,840000,657000
SO101956,20241225,19,192,3,10,3,169000,0.1,456300,225000,231300
SO100861,20241225,8,66,12,3,4,799000,0.1,2876400,1680000,1196400
SO100862,20241225,20,233,7,7,4,129000,0.05,490200,220000,270200
SO103324,20241225,14,201,9,5,1,59000,0.0,59000,12000,47000
SO109283,20241225,10,137,6,9,5,599000,0.1,2695500,1550000,1145500
SO110306,20241225,12,245,3,2,5,299000,0.1,1345500,600000,745500
SO100463,20241225,5,213,6,6,2,3999000,0.0,7998000,5800000,2198000
SO111766,20241225,12,295,8,10,1,299000,0.1,269100,120000,149100
SO101572,20241225,13,61,11,11,1,89000,0.0,89000,25000,64000
SO106853,20241225,14,74,13,10,5,59000,0.05,280200,60000,220200
SO103901,20241226,14,296,8,5,5,59000,0.1,265500,60000,205500
SO102514,20241226,13,16,1,3,4,89000,0.0,356000,100000,256000
SO102590,20241226,10,69,8,2,5,599000,0.0,2995000,1550000,1445000
SO104572,20241226,14,199,6,11,5,59000,0.1,265500,60000,205500
SO103936,20241226,11,38,2,10,2,199000,0.05,378100,170000,208100
SO104611,20241226,16,214,3,10,4,1599000,0.0,6396000,3680000,2716000
SO103184,20241226,11,146,1,4,3,199000,0.0,597000,255000,342000
SO107688,20241226,10,46,17,6,4,599000,0.0,2396000,1240000,1156000
SO106983,20241226,14,260,1,2,5,59000,0.05,280200,60000,220200
SO105150,20241227,20,6,1,1,5,129000,0.1,580500,275000,305500
SO101958,20241227,18,2,1,5,4,649000,0.05,2466200,1280000,1186200
SO105684,20241227,8,225,7,7,4,799000,0.05,3036200,1680000,1356200
SO109326,20241227,18,67,3,7,4,649000,0.05,2466200,1280000,1186200
SO105470,20241227,18,13,1,10,3,649000,0.0,1947000,960000,987000
SO110901,20241227,13,241,4,10,4,89000,0.0,356000,100000,256000
SO109819,20241227,8,206,1,7,5,799000,0.05,3795200,2100000,1695200
SO103649,20241227,20,91,14,9,5,129000,0.0,645000,275000,370000
SO110112,20241227,12,173,15,1,2,299000,0.0,598000,240000,358000
SO109405,20241227,17,130,11,3,1,329000,0.0,329000,150000,179000
SO106496,20241227,14,68,4,5,1,59000,0.0,59000,12000,47000
SO102989,20241227,1,270,6,8,2,13999000,0.05,26598100,19600000,6998100
SO104669,20241227,14,138,8,8,1,59000,0.0,59000,12000,47000
SO110760,20241227,16,22,6,12,3,1599000,0.0,4797000,2760000,2037000
SO104994,20241227,11,81,17,7,2,199000,0.0,398000,170000,228000
SO102215,20241227,17,71,9,3,2,329000,0.0,658000,300000,358000
SO109494,20241227,3,104,12,2,2,1999000,0.0,3998000,2900000,1098000
SO100886,20241228,20,212,1,7,4,129000,0.0,516000,220000,296000
SO106215,20241228,14,126,1,5,2,59000,0.05,112100,24000,88100
SO101938,20241228,19,82,3,12,2,169000,0.0,338000,150000,188000
SO109839,20241228,5,15,7,7,2,3999000,0.05,7598100,5800000,1798100
SO111751,20241228,9,152,3,11,2,349000,0.05,663100,380000,283100
SO110808,20241228,17,151,1,9,3,329000,0.0,987000,450000,537000
SO108020,20241228,10,234,2,7,5,599000,0.05,2845200,1550000,1295200
SO103224,20241228,9,123,17,4,1,349000,0.1,314100,190000,124100
SO107861,20241228,19,115,4,3,4,169000,0.0,676000,300000,376000
SO106490,20241228,11,8,8,9,1,199000,0.1,179100,85000,94100
SO103404,20241228,7,26,5,5,2,499000,0.1,898200,560000,338200
SO101794,20241228,8,4,3,12,1,799000,0.0,799000,420000,379000
SO107422,20241228,20,85,3,1,4,129000,0.0,516000,220000,296000
SO105733,20241228,18,30,6,7,2,649000,0.0,1298000,640000,658000
SO101462,20241228,13,107,1,7,5,89000,0.0,445000,125000,320000
SO100353,20241228,14,47,3,5,2,59000,0.0,118000,24000,94000
SO111255,20241229,14,145,14,3,3,59000,0.0,177000,36000,141000
SO100264,20241229,11,114,7,5,4,199000,0.1,716400,340000,376400
SO102368,20241229,19,38,2,4,3,169000,0.0,507000,225000,282000
SO100721,20241229,18,170,3,2,3,649000,0.0,1947000,960000,987000
SO103217,20241229,20,138,8,2,1,129000,0.0,129000,55000,74000
SO106808,20241229,14,261,2,12,4,59000,0.1,212400,48000,164400
SO100155,20241229,10,178,1,5,2,599000,0.1,1078200,620000,458200
SO100014,20241229,4,142,8,8,2,8999000,0.0,17998000,12400000,5598000
SO105730,20241229,15,194,14,4,3,899000,0.1,2427300,1440000,987300
SO101477,20241229,9,158,3,4,2,349000,0.05,663100,380000,283100
SO110084,20241229,11,51,4,4,1,199000,0.05,189000,85000,104000
SO100573,20241229,20,203,14,3,3,129000,0.0,387000,165000,222000
SO109345,20241229,19,243,3,8,4,169000,0.1,608400,300000,308400
SO102733,20241230,11,198,9,10,2,199000,0.0,398000,170000,228000
SO104870,20241230,11,129,1,2,5,199000,0.05,945200,425000,520200
SO102770,20241230,12,182,14,7,3,299000,0.1,807300,360000,447300
SO110781,20241230,20,139,2,9,3,129000,0.0,387000,165000,222000
SO108369,20241230,19,105,2,8,1,169000,0.05,160600,75000,85600
SO102318,20241230,13,252,7,11,2,89000,0.0,178000,50000,128000
SO102797,20241230,19,256,9,10,3,169000,0.0,507000,225000,282000
SO101432,20241230,9,286,4,7,5,349000,0.0,1745000,950000,795000
SO111241,20241230,13,33,10,4,4,89000,0.0,356000,100000,256000
SO107814,20241230,13,49,1,7,2,89000,0.0,178000,50000,128000
SO108869,20241230,9,140,3,11,1,349000,0.0,349000,190000,159000
SO103871,20241230,14,299,1,10,3,59000,0.05,168200,36000,132200
SO105792,20241231,5,240,8,7,2,3999000,0.05,7598100,5800000,1798100
SO108939,20241231,19,290,14,9,1,169000,0.0,169000,75000,94000
SO108175,20241231,11,63,1,10,1,199000,0.05,189000,85000,104000
SO111265,20241231,2,147,12,4,5,4499000,0.0,22495000,15500000,6995000
SO101772,20241231,14,179,2,10,4,59000,0.15,200600,48000,152600
SO108640,20241231,3,68,4,11,1,1999000,0.0,1999000,1450000,549000
SO109683,20241231,1,75,12,10,2,13999000,0.0,27998000,19600000,8398000
SO104449,20241231,17,219,7,6,1,329000,0.1,296100,150000,146100
SO106410,20241231,9,30,6,4,4,349000,0.0,1396000,760000,636000
SO104042,20241231,19,266,1,3,5,169000,0.1,760500,375000,385500
SO107480,20241231,6,143,9,8,4,2199000,0.1,7916400,5400000,2516400
SO111939,20241231,19,275,3,10,5,169000,0.0,845000,375000,470000
SO100701,20241231,14,84,12,6,5,59000,0.0,295000,60000,235000
SO102999,20241231,6,102,1,7,4,2199000,0.05,8356200,5400000,2956200
SO102522,20241231,19,94,3,4,3,169000,0.0,507000,225000,282000
SO110654,20241231,20,193,1,5,3,129000,0.0,387000,165000,222000
SO106836,20250101,16,149,2,3,2,1599000,0.0,3198000,1840000,1358000
SO105603,20250101,15,48,4,12,4,899000,0.05,3416200,1920000,1496200
SO106111,20250101,20,15,7,3,4,129000,0.0,516000,220000,296000
SO103527,20250101,15,258,2,6,2,899000,0.0,1798000,960000,838000
SO103502,20250101,11,201,9,7,2,199000,0.0,398000,170000,228000
SO104022,20250101,11,273,2,10,4,199000,0.05,756200,340000,416200
SO105090,20250101,14,167,4,12,4,59000,0.0,236000,48000,188000
SO102460,20250101,4,128,5,1,4,8999000,0.0,35996000,24800000,11196000
SO106841,20250101,12,288,2,10,5,299000,0.0,1495000,600000,895000
SO101800,20250101,3,205,7,9,4,1999000,0.0,7996000,5800000,2196000
SO104546,20250101,8,98,7,5,2,799000,0.05,1518100,840000,678100
SO109567,20250101,19,2,1,3,4,169000,0.0,676000,300000,376000
SO107056,20250102,17,56,7,2,1,329000,0.0,329000,150000,179000
SO108150,20250102,10,60,1,3,2,599000,0.05,1138100,620000,518100
SO103968,20250102,11,193,1,6,4,199000,0.05,756200,340000,416200
SO111948,20250102,7,299,1,5,2,499000,0.0,998000,560000,438000
SO100703,20250102,17,162,1,9,4,329000,0.05,1250200,600000,650200
SO110382,20250102,6,19,1,6,2,2199000,0.0,4398000,2700000,1698000
SO110383,20250102,19,5,1,9,3,169000,0.0,507000,225000,282000
SO111086,20250102,5,249,1,5,5,3999000,0.0,19995000,14500000,5495000
SO108232,20250102,17,280,6,9,1,329000,0.0,329000,150000,179000
SO107090,20250102,15,244,7,7,5,899000,0.05,4270200,2400000,1870200
SO106803,20250102,12,183,2,2,4,299000,0.0,1196000,480000,716000
SO104809,20250102,14,137,6,6,4,59000,0.05,224200,48000,176200
SO108944,20250102,11,112,4,10,5,199000,0.0,995000,425000,570000
SO107098,20250103,12,141,3,2,4,299000,0.05,1136200,480000,656200
SO102731,20250103,7,299,1,5,5,499000,0.0,2495000,1400000,1095000
SO101356,20250103,17,220,6,2,2,329000,0.0,658000,300000,358000
SO111796,20250103,11,27,6,2,4,199000,0.0,796000,340000,456000
SO105477,20250103,13,288,2,1,1,89000,0.0,89000,25000,64000
SO107078,20250104,15,258,2,11,4,899000,0.0,3596000,1920000,1676000
SO108465,20250104,11,110,2,3,5,199000,0.1,895500,425000,470500
SO107881,20250104,18,37,12,4,1,649000,0.0,649000,320000,329000
SO104978,20250104,13,237,8,8,2,89000,0.05,169100,50000,119100
SO108108,20250104,9,74,13,7,2,349000,0.0,698000,380000,318000
SO110933,20250104,11,149,2,1,3,199000,0.0,597000,255000,342000
SO108407,20250104,7,7,8,8,3,499000,0.0,1497000,840000,657000
SO104697,20250104,13,148,1,7,2,89000,0.0,178000,50000,128000
SO105620,20250104,8,80,1,10,2,799000,0.0,1598000,840000,758000
SO106921,20250104,14,269,15,4,2,59000,0.0,118000,24000,94000
SO108039,20250104,20,35,6,1,4,129000,0.05,490200,220000,270200
SO110693,20250104,1,274,17,5,5,13999000,0.0,69995000,49000000,20995000
SO111971,20250104,8,35,6,8,5,799000,0.0,3995000,2100000,1895000
SO111985,20250104,17,161,2,1,2,329000,0.0,658000,300000,358000
SO104073,20250104,16,199,6,8,5,1599000,0.0,7995000,4600000,3395000
SO103872,20250105,17,117,2,12,2,329000,0.0,658000,300000,358000
SO100350,20250105,19,147,12,4,5,169000,0.0,845000,375000,470000
SO104405,20250105,14,137,6,12,5,59000,0.05,280200,60000,220200
SO105293,20250105,9,253,1,5,1,349000,0.05,331600,190000,141600
SO106139,20250105,9,126,1,4,4,349000,0.0,1396000,760000,636000
SO100747,20250105,7,147,12,12,2,499000,0.05,948100,560000,388100
SO105937,20250105,14,97,1,5,3,59000,0.05,168200,36000,132200
SO104915,20250105,5,122,18,7,4,3999000,0.0,15996000,11600000,4396000
SO109333,20250105,19,190,10,4,5,169000,0.0,845000,375000,470000
SO101425,20250105,18,3,1,3,2,649000,0.0,1298000,640000,658000
SO109361,20250105,20,131,6,7,2,129000,0.0,258000,110000,148000
SO101698,20250106,13,267,5,11,5,89000,0.05,422800,125000,297800
SO103033,20250106,19,133,1,4,5,169000,0.0,845000,375000,470000
SO105616,20250106,14,27,6,1,5,59000,0.05,280200,60000,220200
SO103211,20250106,20,107,1,9,5,129000,0.0,645000,275000,370000
SO100414,20250106,17,183,2,10,2,329000,0.05,625100,300000,325100
SO104137,20250106,5,110,2,4,3,3999000,0.0,11997000,8700000,3297000
SO107248,20250106,14,288,2,10,4,59000,0.0,236000,48000,188000
SO101149,20250106,12,18,18,3,3,299000,0.05,852200,360000,492200
SO104516,20250106,11,269,15,5,2,199000,0.0,398000,170000,228000
SO108423,20250107,20,48,4,10,2,129000,0.0,258000,110000,148000
SO111890,20250107,7,67,3,5,4,499000,0.0,1996000,1120000,876000
SO110266,20250107,17,284,2,7,4,329000,0.05,1250200,600000,650200
SO105791,20250107,17,280,6,9,5,329000,0.0,1645000,750000,895000
SO102723,20250107,11,233,7,7,1,199000,0.15,169200,85000,84200
SO111104,20250107,13,48,4,12,3,89000,0.0,267000,75000,192000
SO107472,20250107,13,125,1,8,1,89000,0.1,80100,25000,55100
SO105546,20250107,14,166,4,6,5,59000,0.0,295000,60000,235000
SO111186,20250107,9,138,8,8,4,349000,0.0,1396000,760000,636000
SO111454,20250108,20,61,11,9,4,129000,0.0,516000,220000,296000
SO110988,20250108,11,264,7,8,5,199000,0.1,895500,425000,470500
SO106169,20250108,13,87,6,12,5,89000,0.05,422800,125000,297800
SO111474,20250108,20,12,6,8,4,129000,0.0,516000,220000,296000
SO101172,20250108,20,107,1,2,5,129000,0.0,645000,275000,370000
SO102188,20250108,20,222,15,9,2,129000,0.0,258000,110000,148000
SO109100,20250108,6,168,4,7,2,2199000,0.0,4398000,2700000,1698000
SO111063,20250108,11,204,3,12,3,199000,0.05,567200,255000,312200
SO111195,20250108,11,58,16,7,3,199000,0.05,567200,255000,312200
SO109466,20250108,14,66,12,4,1,59000,0.0,59000,12000,47000
SO103925,20250109,18,239,5,2,4,649000,0.0,2596000,1280000,1316000
SO108292,20250109,11,91,14,1,5,199000,0.05,945200,425000,520200
SO108454,20250109,20,208,2,1,5,129000,0.0,645000,275000,370000
SO105887,20250109,13,262,1,11,2,89000,0.1,160200,50000,110200
SO102709,20250109,2,72,6,1,1,4499000,0.0,4499000,3100000,1399000
SO108714,20250109,17,106,1,2,5,329000,0.0,1645000,750000,895000
SO103833,20250109,7,223,3,2,1,499000,0.0,499000,280000,219000
SO108246,20250110,19,89,3,1,3,169000,0.05,481600,225000,256600
SO101535,20250110,18,275,3,4,3,649000,0.0,1947000,960000,987000
SO108264,20250110,16,253,1,9,2,1599000,0.0,3198000,1840000,1358000
SO111757,20250110,19,65,8,3,1,169000,0.05,160600,75000,85600
SO103759,20250110,17,193,1,1,2,329000,0.0,658000,300000,358000
SO105615,20250110,14,30,6,9,2,59000,0.05,112100,24000,88100
SO102671,20250110,16,263,2,6,2,1599000,0.0,3198000,1840000,1358000
SO111316,20250110,18,3,1,12,5,649000,0.0,3245000,1600000,1645000
SO100399,20250111,13,15,7,9,3,89000,0.05,253600,75000,178600
SO111508,20250111,18,2,1,6,5,649000,0.0,3245000,1600000,1645000
SO101431,20250111,8,239,5,10,4,799000,0.0,3196000,1680000,1516000
SO103836,20250111,14,279,12,9,4,59000,0.05,224200,48000,176200
SO100674,20250111,14,32,7,8,5,59000,0.1,265500,60000,205500
SO111016,20250111,6,54,12,11,3,2199000,0.0,6597000,4050000,2547000
SO110847,20250111,7,243,3,6,3,499000,0.05,1422200,840000,582200
SO109758,20250111,7,226,11,12,1,499000,0.0,499000,280000,219000
SO108404,20250111,15,107,1,6,2,899000,0.1,1618200,960000,658200
SO111085,20250111,19,279,12,7,5,169000,0.0,845000,375000,470000
SO110270,20250111,19,258,2,4,5,169000,0.0,845000,375000,470000
SO105696,20250112,10,56,7,5,2,599000,0.1,1078200,620000,458200
SO100944,20250112,16,267,5,5,4,1599000,0.0,6396000,3680000,2716000
SO108471,20250112,19,222,15,12,4,169000,0.0,676000,300000,376000
SO101330,20250112,12,90,6,1,4,299000,0.0,1196000,480000,716000
SO111496,20250112,18,296,8,10,2,649000,0.0,1298000,640000,658000
SO104207,20250112,20,233,7,6,3,129000,0.0,387000,165000,222000
SO111697,20250112,14,183,2,7,3,59000,0.05,168200,36000,132200
SO105855,20250112,3,189,18,4,1,1999000,0.0,1999000,1450000,549000
SO108850,20250112,12,104,12,6,5,299000,0.0,1495000,600000,895000
SO103840,20250112,19,280,6,3,5,169000,0.05,802800,375000,427800
SO110688,20250112,13,188,1,2,2,89000,0.0,178000,50000,128000
SO100185,20250113,10,39,6,8,5,599000,0.0,2995000,1550000,1445000
SO104372,20250113,20,90,6,11,5,129000,0.0,645000,275000,370000
SO102017,20250113,14,116,1,3,1,59000,0.05,56000,12000,44000
SO103888,20250113,7,136,11,4,1,499000,0.0,499000,280000,219000
SO106570,20250113,17,171,1,8,2,329000,0.0,658000,300000,358000
SO108514,20250113,14,99,3,5,1,59000,0.0,59000,12000,47000
SO105986,20250113,19,256,9,6,2,169000,0.0,338000,150000,188000
SO106469,20250114,8,285,5,9,5,799000,0.0,3995000,2100000,1895000
SO108813,20250114,14,52,3,5,3,59000,0.0,177000,36000,141000
SO111107,20250114,20,220,6,12,5,129000,0.0,645000,275000,370000
SO107517,20250114,9,123,17,1,1,349000,0.0,349000,190000,159000
SO108995,20250114,12,187,5,1,2,299000,0.05,568100,240000,328100
SO104497,20250114,11,279,12,6,4,199000,0.0,796000,340000,456000
SO111821,20250114,6,271,2,9,3,2199000,0.0,6597000,4050000,2547000
SO104223,20250115,16,137,6,6,5,1599000,0.0,7995000,4600000,3395000
SO111828,20250115,1,183,2,4,1,13999000,0.05,13299000,9800000,3499000
SO100280,20250115,18,285,5,7,2,649000,0.0,1298000,640000,658000
SO107784,20250115,18,31,2,2,2,649000,0.05,1233100,640000,593100
SO106696,20250115,19,109,3,5,1,169000,0.0,169000,75000,94000
SO109535,20250115,11,219,7,5,2,199000,0.1,358200,170000,188200
SO105718,20250115,16,179,2,3,5,1599000,0.05,7595200,4600000,2995200
SO106666,20250115,13,41,3,8,5,89000,0.05,422800,125000,297800
SO110835,20250116,15,198,9,9,2,899000,0.0,1798000,960000,838000
SO100647,20250116,19,222,15,11,5,169000,0.0,845000,375000,470000
SO108918,20250116,5,75,12,11,4,3999000,0.05,15196200,11600000,3596200
SO101941,20250116,18,74,13,3,1,649000,0.0,649000,320000,329000
SO104808,20250116,14,186,3,3,3,59000,0.0,177000,36000,141000
SO109288,20250116,14,238,3,10,2,59000,0.0,118000,24000,94000
SO109743,20250116,19,120,12,11,1,169000,0.05,160600,75000,85600
SO104962,20250116,17,178,1,2,1,329000,0.15,279600,150000,129600
SO103771,20250116,14,125,1,10,5,59000,0.05,280200,60000,220200
SO110740,20250116,14,221,3,6,1,59000,0.0,59000,12000,47000
SO109387,20250116,9,73,1,8,4,349000,0.05,1326200,760000,566200
SO110744,20250116,13,278,3,9,5,89000,0.0,445000,125000,320000
SO103926,20250116,7,129,1,1,4,499000,0.0,1996000,1120000,876000
SO109536,20250117,14,238,3,2,4,59000,0.0,236000,48000,188000
SO109666,20250117,11,19,1,4,1,199000,0.05,189000,85000,104000
SO109391,20250117,17,210,3,4,4,329000,0.0,1316000,600000,716000
SO111486,20250117,13,66,12,6,3,89000,0.0,267000,75000,192000
SO105739,20250117,13,41,3,4,1,89000,0.0,89000,25000,64000
SO107276,20250117,15,203,14,11,4,899000,0.0,3596000,1920000,1676000
SO111706,20250117,1,61,11,6,1,13999000,0.0,13999000,9800000,4199000
SO108948,20250117,11,259,7,3,5,199000,0.0,995000,425000,570000
SO103383,20250117,18,139,2,11,2,649000,0.0,1298000,640000,658000
SO108403,20250118,12,248,1,11,5,299000,0.0,1495000,600000,895000
SO107958,20250118,19,266,1,12,2,169000,0.0,338000,150000,188000
SO108495,20250118,13,212,1,8,1,89000,0.0,89000,25000,64000
SO104772,20250118,20,10,2,9,2,129000,0.1,232200,110000,122200
SO107535,20250118,20,186,3,1,1,129000,0.0,129000,55000,74000
SO106872,20250118,19,152,3,4,2,169000,0.0,338000,150000,188000
SO107314,20250118,13,196,1,5,5,89000,0.0,445000,125000,320000
SO111701,20250118,6,272,6,1,1,2199000,0.0,2199000,1350000,849000
SO109546,20250118,13,24,12,9,2,89000,0.1,160200,50000,110200
SO100783,20250118,9,170,3,12,3,349000,0.0,1047000,570000,477000
SO105247,20250119,10,186,3,5,5,599000,0.0,2995000,1550000,1445000
SO107110,20250119,10,119,8,12,3,599000,0.05,1707200,930000,777200
SO100397,20250119,13,47,3,2,3,89000,0.1,240300,75000,165300
SO110573,20250119,6,278,3,10,1,2199000,0.0,2199000,1350000,849000
SO111320,20250119,14,249,1,5,1,59000,0.05,56000,12000,44000
SO100386,20250119,12,54,12,9,1,299000,0.1,269100,120000,149100
SO107491,20250119,3,71,9,5,4,1999000,0.0,7996000,5800000,2196000
SO101684,20250119,14,67,3,6,3,59000,0.0,177000,36000,141000
SO104215,20250120,20,30,6,2,2,129000,0.0,258000,110000,148000
SO108385,20250120,10,140,3,9,4,599000,0.05,2276200,1240000,1036200
SO105000,20250120,17,92,3,7,2,329000,0.0,658000,300000,358000
SO100605,20250120,13,119,8,11,1,89000,0.05,84600,25000,59600
SO110686,20250120,14,57,1,3,5,59000,0.0,295000,60000,235000
SO103641,20250120,18,206,1,10,3,649000,0.0,1947000,960000,987000
SO110508,20250120,12,231,18,5,5,299000,0.1,1345500,600000,745500
SO102622,20250120,19,76,9,3,2,169000,0.0,338000,150000,188000
SO102187,20250120,8,269,15,12,1,799000,0.0,799000,420000,379000
SO108687,20250120,19,85,3,2,5,169000,0.0,845000,375000,470000
SO107884,20250120,19,64,3,4,5,169000,0.0,845000,375000,470000
SO100676,20250120,19,72,6,8,2,169000,0.0,338000,150000,188000
SO103524,20250120,15,232,5,9,3,899000,0.05,2562200,1440000,1122200
SO103066,20250120,6,88,6,7,2,2199000,0.0,4398000,2700000,1698000
SO108433,20250121,10,295,8,7,3,599000,0.0,1797000,930000,867000
SO108459,20250121,7,253,1,4,2,499000,0.0,998000,560000,438000
SO101433,20250121,6,138,8,9,5,2199000,0.0,10995000,6750000,4245000
SO100766,20250121,8,81,17,10,4,799000,0.0,3196000,1680000,1516000
SO105263,20250121,14,11,12,12,4,59000,0.0,236000,48000,188000
SO108745,20250121,15,290,14,7,2,899000,0.0,1798000,960000,838000
SO100563,20250121,14,64,3,8,1,59000,0.0,59000,12000,47000
SO111233,20250121,20,23,1,8,4,129000,0.05,490200,220000,270200
SO107641,20250121,11,247,3,7,1,199000,0.0,199000,85000,114000
SO102047,20250121,7,108,4,5,2,499000,0.05,948100,560000,388100
SO105045,20250122,6,115,4,2,4,2199000,0.0,8796000,5400000,3396000
SO104643,20250122,16,58,16,7,5,1599000,0.0,7995000,4600000,3395000
SO111492,20250122,13,92,3,1,1,89000,0.0,89000,25000,64000
SO107233,20250122,9,236,3,2,4,349000,0.0,1396000,760000,636000
SO107724,20250122,16,103,8,10,4,1599000,0.05,6076200,3680000,2396200
SO102934,20250122,7,239,5,4,1,499000,0.0,499000,280000,219000
SO100652,20250122,14,225,7,2,5,59000,0.0,295000,60000,235000
SO105142,20250122,13,184,6,2,1,89000,0.05,84600,25000,59600
SO102006,20250123,13,298,3,3,4,89000,0.05,338200,100000,238200
SO104857,20250123,9,158,3,4,3,349000,0.0,1047000,570000,477000
SO111591,20250123,16,5,1,4,5,1599000,0.05,7595200,4600000,2995200
SO105033,20250123,1,248,1,8,4,13999000,0.0,55996000,39200000,16796000
SO104524,20250124,18,258,2,6,2,649000,0.0,1298000,640000,658000
SO105528,20250124,13,191,8,2,2,89000,0.05,169100,50000,119100
SO101354,20250124,6,170,3,11,2,2199000,0.05,4178100,2700000,1478100
SO110201,20250124,20,138,8,6,1,129000,0.0,129000,55000,74000
SO100749,20250124,9,47,3,1,4,349000,0.1,1256400,760000,496400
SO102174,20250124,5,93,1,6,4,3999000,0.0,15996000,11600000,4396000
SO111043,20250124,20,56,7,12,1,129000,0.0,129000,55000,74000
SO106008,20250124,14,196,1,5,3,59000,0.0,177000,36000,141000
SO107432,20250124,14,123,17,7,2,59000,0.0,118000,24000,94000
SO108876,20250125,18,1,2,1,1,649000,0.05,616600,320000,296600
SO102530,20250125,17,99,3,4,1,329000,0.0,329000,150000,179000
SO111343,20250125,9,59,1,8,5,349000,0.0,1745000,950000,795000
SO102743,20250125,14,201,9,7,4,59000,0.1,212400,48000,164400
SO106238,20250125,18,106,1,8,3,649000,0.0,1947000,960000,987000
SO108211,20250125,11,93,1,10,1,199000,0.05,189000,85000,104000
SO107901,20250125,10,244,7,12,3,599000,0.0,1797000,930000,867000
SO100534,20250125,20,171,1,3,5,129000,0.0,645000,275000,370000
SO106605,20250125,5,203,14,2,1,3999000,0.0,3999000,2900000,1099000
SO101611,20250125,15,143,9,6,4,899000,0.05,3416200,1920000,1496200
SO100460,20250125,19,283,11,7,4,169000,0.1,608400,300000,308400
SO101411,20250125,20,267,5,4,3,129000,0.0,387000,165000,222000
SO106348,20250125,10,17,4,9,1,599000,0.05,569000,310000,259000
SO105667,20250125,13,49,1,6,1,89000,0.1,80100,25000,55100
SO101949,20250125,11,10,2,12,2,199000,0.0,398000,170000,228000
SO107514,20250125,11,101,2,11,3,199000,0.1,537300,255000,282300
SO111725,20250125,7,35,6,5,5,499000,0.0,2495000,1400000,1095000
SO108388,20250126,16,200,8,8,5,1599000,0.0,7995000,4600000,3395000
SO101737,20250126,12,264,7,9,5,299000,0.0,1495000,600000,895000
SO103490,20250126,18,268,8,12,1,649000,0.05,616600,320000,296600
SO110718,20250126,17,122,18,5,4,329000,0.0,1316000,600000,716000
SO110837,20250126,13,239,5,7,2,89000,0.0,178000,50000,128000
SO101454,20250126,13,193,1,11,1,89000,0.0,89000,25000,64000
SO108645,20250126,18,55,3,9,5,649000,0.0,3245000,1600000,1645000
SO103999,20250126,13,174,4,9,2,89000,0.1,160200,50000,110200
SO111396,20250126,15,37,12,11,2,899000,0.0,1798000,960000,838000
SO106201,20250126,19,289,2,8,1,169000,0.0,169000,75000,94000
SO100832,20250127,19,34,1,6,2,169000,0.0,338000,150000,188000
SO104262,20250127,20,128,5,4,2,129000,0.0,258000,110000,148000
SO105199,20250127,11,117,2,10,5,199000,0.05,945200,425000,520200
SO106649,20250127,12,52,3,6,2,299000,0.0,598000,240000,358000
SO103672,20250127,20,141,3,7,5,129000,0.0,645000,275000,370000
SO105836,20250127,17,270,6,4,3,329000,0.0,987000,450000,537000
SO110145,20250128,16,63,1,3,4,1599000,0.05,6076200,3680000,2396200
SO107335,20250128,19,32,7,8,5,169000,0.0,845000,375000,470000
SO110109,20250128,19,11,12,7,5,169000,0.0,845000,375000,470000
SO105474,20250128,12,136,11,9,2,299000,0.0,598000,240000,358000
SO111007,20250128,14,234,2,6,4,59000,0.0,236000,48000,188000
SO107551,20250128,2,138,8,5,5,4499000,0.0,22495000,15500000,6995000
SO109656,20250128,9,3,1,2,2,349000,0.05,663100,380000,283100
SO108536,20250128,11,186,3,6,2,199000,0.05,378100,170000,208100
SO102405,20250128,20,149,2,1,2,129000,0.0,258000,110000,148000
SO108311,20250129,13,251,7,3,1,89000,0.0,89000,25000,64000
SO111383,20250129,11,189,18,9,3,199000,0.05,567200,255000,312200
SO104764,20250129,1,225,7,3,3,13999000,0.05,39897200,29400000,10497200
SO104359,20250129,14,66,12,11,3,59000,0.0,177000,36000,141000
SO106196,20250129,8,106,1,3,4,799000,0.0,3196000,1680000,1516000
SO109610,20250129,5,145,14,10,5,3999000,0.05,18995200,14500000,4495200
SO106962,20250129,18,266,1,2,2,649000,0.1,1168200,640000,528200
SO104327,20250129,20,100,15,10,1,129000,0.1,116100,55000,61100
SO100125,20250129,9,272,6,6,3,349000,0.0,1047000,570000,477000
SO109385,20250129,19,116,1,8,5,169000,0.0,845000,375000,470000
SO102009,20250130,9,89,3,7,3,349000,0.0,1047000,570000,477000
SO108784,20250130,17,74,13,5,3,329000,0.05,937600,450000,487600
SO102973,20250130,13,57,1,2,5,89000,0.0,445000,125000,320000
SO109296,20250130,17,53,1,2,4,329000,0.05,1250200,600000,650200
SO102269,20250131,14,165,9,6,4,59000,0.05,224200,48000,176200
SO109310,20250131,10,225,7,11,2,599000,0.0,1198000,620000,578000
SO102301,20250131,10,58,16,10,1,599000,0.0,599000,310000,289000
SO106333,20250131,20,16,1,2,5,129000,0.05,612800,275000,337800
SO102096,20250131,14,61,11,8,2,59000,0.0,118000,24000,94000
SO110096,20250131,11,63,1,3,2,199000,0.0,398000,170000,228000
SO109909,20250131,12,191,8,6,5,299000,0.1,1345500,600000,745500
SO103374,20250131,9,187,5,3,5,349000,0.0,1745000,950000,795000
SO100394,20250201,18,282,14,7,4,649000,0.0,2596000,1280000,1316000
SO101807,20250201,14,294,8,6,5,59000,0.0,295000,60000,235000
SO101678,20250201,17,131,6,11,2,329000,0.0,658000,300000,358000
SO103536,20250201,14,258,2,9,3,59000,0.1,159300,36000,123300
SO101954,20250201,13,89,3,1,1,89000,0.0,89000,25000,64000
SO101181,20250201,13,130,11,9,1,89000,0.0,89000,25000,64000
SO108259,20250201,15,109,3,4,5,899000,0.05,4270200,2400000,1870200
SO102130,20250201,7,199,6,7,3,499000,0.0,1497000,840000,657000
SO107738,20250201,18,120,12,12,5,649000,0.0,3245000,1600000,1645000
SO107771,20250201,20,156,11,3,4,129000,0.1,464400,220000,244400
SO105770,20250201,7,36,1,6,3,499000,0.0,1497000,840000,657000
SO111500,20250201,13,76,9,11,4,89000,0.05,338200,100000,238200
SO106778,20250201,20,8,8,3,3,129000,0.0,387000,165000,222000
SO106444,20250201,17,148,1,1,4,329000,0.0,1316000,600000,716000
SO106722,20250201,20,85,3,9,2,129000,0.0,258000,110000,148000
SO110282,20250201,14,288,2,2,3,59000,0.0,177000,36000,141000
SO102978,20250202,5,273,2,2,1,3999000,0.0,3999000,2900000,1099000
SO110123,20250202,20,262,1,3,4,129000,0.0,516000,220000,296000
SO102698,20250202,3,270,6,8,5,1999000,0.1,8995500,7250000,1745500
SO109727,20250202,16,58,16,3,3,1599000,0.0,4797000,2760000,2037000
SO110675,20250202,5,129,1,1,2,3999000,0.0,7998000,5800000,2198000
SO111631,20250202,12,16,1,6,5,299000,0.0,1495000,600000,895000
SO102105,20250202,17,59,1,9,2,329000,0.0,658000,300000,358000
SO107499,20250202,13,285,5,7,2,89000,0.1,160200,50000,110200
SO108031,20250202,3,8,8,8,3,1999000,0.0,5997000,4350000,1647000
SO106075,20250202,11,249,1,7,2,199000,0.05,378100,170000,208100
SO102839,20250202,14,59,1,12,1,59000,0.0,59000,12000,47000
SO110971,20250202,17,186,3,3,2,329000,0.0,658000,300000,358000
SO105310,20250202,7,107,1,4,3,499000,0.0,1497000,840000,657000
SO104066,20250202,16,175,15,9,2,1599000,0.0,3198000,1840000,1358000
SO111310,20250202,19,32,7,11,2,169000,0.0,338000,150000,188000
SO107032,20250203,12,287,6,8,3,299000,0.0,897000,360000,537000
SO107453,20250203,13,279,12,3,2,89000,0.0,178000,50000,128000
SO101738,20250203,14,68,4,9,5,59000,0.0,295000,60000,235000
SO104276,20250203,13,195,3,9,2,89000,0.0,178000,50000,128000
SO106472,20250203,20,40,5,3,3,129000,0.0,387000,165000,222000
SO105047,20250203,10,164,12,9,5,599000,0.05,2845200,1550000,1295200
SO111780,20250203,20,145,14,5,5,129000,0.0,645000,275000,370000
SO104628,20250204,9,105,2,12,2,349000,0.1,628200,380000,248200
SO111304,20250204,7,138,8,10,5,499000,0.0,2495000,1400000,1095000
SO107859,20250204,13,109,3,12,2,89000,0.0,178000,50000,128000
SO108931,20250204,14,80,1,2,2,59000,0.0,118000,24000,94000
SO111328,20250204,9,18,18,9,4,349000,0.0,1396000,760000,636000
SO104162,20250204,14,35,6,9,2,59000,0.05,112100,24000,88100
SO101873,20250204,16,113,15,8,5,1599000,0.1,7195500,4600000,2595500
SO107918,20250204,13,232,5,11,4,89000,0.0,356000,100000,256000
SO105158,20250204,13,211,1,8,4,89000,0.1,320400,100000,220400
SO103909,20250204,13,64,3,4,3,89000,0.0,267000,75000,192000
SO104255,20250204,7,30,6,5,4,499000,0.0,1996000,1120000,876000
SO100905,20250204,10,4,3,10,2,599000,0.0,1198000,620000,578000
SO110324,20250204,15,281,3,8,2,899000,0.0,1798000,960000,838000
SO105419,20250204,20,136,11,7,5,129000,0.05,612800,275000,337800
SO108669,20250205,11,271,2,4,4,199000,0.05,756200,340000,416200
SO100278,20250205,9,73,1,10,1,349000,0.0,349000,190000,159000
SO109102,20250205,18,219,7,11,5,649000,0.05,3082800,1600000,1482800
SO103505,20250205,7,129,1,6,4,499000,0.05,1896200,1120000,776200
SO106021,20250205,11,169,5,5,4,199000,0.0,796000,340000,456000
SO110016,20250205,7,53,1,8,1,499000,0.0,499000,280000,219000
SO102928,20250205,18,283,11,5,4,649000,0.0,2596000,1280000,1316000
SO109006,20250205,8,49,1,8,4,799000,0.0,3196000,1680000,1516000
SO100922,20250205,16,188,1,2,5,1599000,0.05,7595200,4600000,2995200
SO104515,20250205,14,151,1,12,4,59000,0.0,236000,48000,188000
SO106822,20250205,5,164,12,2,1,3999000,0.0,3999000,2900000,1099000
SO104851,20250205,19,106,1,10,4,169000,0.0,676000,300000,376000
SO102881,20250205,20,176,1,9,4,129000,0.05,490200,220000,270200
SO110611,20250205,16,215,14,6,2,1599000,0.05,3038100,1840000,1198100
SO102744,20250206,13,181,1,6,1,89000,0.0,89000,25000,64000
SO100063,20250206,9,220,6,7,2,349000,0.0,698000,380000,318000
SO100030,20250206,14,209,1,12,2,59000,0.0,118000,24000,94000
SO105067,20250206,2,112,4,2,3,4499000,0.0,13497000,9300000,4197000
SO109815,20250206,20,131,6,10,1,129000,0.0,129000,55000,74000
SO105783,20250206,14,221,3,7,4,59000,0.0,236000,48000,188000
SO110451,20250206,11,23,1,10,3,199000,0.1,537300,255000,282300
SO109429,20250206,14,298,3,7,3,59000,0.05,168200,36000,132200
SO110694,20250206,14,226,11,6,4,59000,0.15,200600,48000,152600
SO101662,20250206,12,279,12,7,3,299000,0.0,897000,360000,537000
SO109823,20250206,9,254,2,9,3,349000,0.0,1047000,570000,477000
SO110364,20250206,11,259,7,7,1,199000,0.05,189000,85000,104000
SO108200,20250206,16,201,9,4,1,1599000,0.05,1519000,920000,599000
SO101494,20250206,17,51,4,6,1,329000,0.0,329000,150000,179000
SO101131,20250207,12,253,1,5,4,299000,0.05,1136200,480000,656200
SO109419,20250207,13,109,3,5,5,89000,0.0,445000,125000,320000
SO105819,20250207,15,120,12,4,3,899000,0.05,2562200,1440000,1122200
SO107366,20250207,5,227,1,12,4,3999000,0.0,15996000,11600000,4396000
SO102697,20250207,15,290,14,1,3,899000,0.0,2697000,1440000,1257000
SO104735,20250207,7,153,3,9,5,499000,0.0,2495000,1400000,1095000
SO100366,20250207,15,88,6,2,4,899000,0.0,3596000,1920000,1676000
SO106361,20250207,11,289,2,5,3,199000,0.05,567200,255000,312200
SO100091,20250207,17,174,4,2,3,329000,0.1,888300,450000,438300
SO111378,20250207,14,129,1,8,5,59000,0.05,280200,60000,220200
SO103354,20250207,9,107,1,4,5,349000,0.05,1657800,950000,707800
SO108466,20250207,17,218,3,3,4,329000,0.0,1316000,600000,716000
SO111387,20250207,11,124,15,8,5,199000,0.05,945200,425000,520200
SO104147,20250207,11,23,1,1,4,199000,0.05,756200,340000,416200
SO103295,20250207,20,58,16,5,4,129000,0.0,516000,220000,296000
SO103434,20250208,18,73,1,3,3,649000,0.1,1752300,960000,792300
SO106347,20250208,14,196,1,10,4,59000,0.0,236000,48000,188000
SO103377,20250208,17,10,2,5,2,329000,0.0,658000,300000,358000
SO106564,20250208,13,255,1,8,4,89000,0.0,356000,100000,256000
SO101878,20250208,12,242,13,7,2,299000,0.05,568100,240000,328100
SO108473,20250208,12,165,9,7,2,299000,0.0,598000,240000,358000
SO111692,20250208,18,199,6,9,5,649000,0.05,3082800,1600000,1482800
SO111092,20250208,17,276,7,1,4,329000,0.0,1316000,600000,716000
SO103080,20250208,11,253,1,9,1,199000,0.0,199000,85000,114000
SO106632,20250209,14,125,1,7,5,59000,0.0,295000,60000,235000
SO111703,20250209,12,158,3,6,5,299000,0.1,1345500,600000,745500
SO106852,20250209,19,116,1,12,5,169000,0.0,845000,375000,470000
SO104908,20250209,20,216,2,2,4,129000,0.0,516000,220000,296000
SO105686,20250209,11,141,3,8,4,199000,0.0,796000,340000,456000
SO101898,20250209,14,249,1,9,3,59000,0.0,177000,36000,141000
SO110559,20250209,12,271,2,12,3,299000,0.05,852200,360000,492200
SO103141,20250209,20,34,1,1,3,129000,0.0,387000,165000,222000
SO101470,20250209,10,132,5,10,1,599000,0.1,539100,310000,229100
SO110725,20250209,3,227,1,12,1,1999000,0.05,1899000,1450000,449000
SO103749,20250210,7,299,1,1,4,499000,0.0,1996000,1120000,876000
SO103254,20250210,10,181,1,4,4,599000,0.0,2396000,1240000,1156000
SO111579,20250210,16,9,8,2,2,1599000,0.0,3198000,1840000,1358000
SO111430,20250210,12,18,18,12,5,299000,0.1,1345500,600000,745500
SO108798,20250210,9,37,12,10,5,349000,0.0,1745000,950000,795000
SO106261,20250210,14,125,1,7,3,59000,0.05,168200,36000,132200
SO104840,20250210,12,10,2,4,5,299000,0.05,1420200,600000,820200
SO103850,20250210,9,111,1,9,5,349000,0.0,1745000,950000,795000
SO100798,20250210,12,89,3,11,1,299000,0.0,299000,120000,179000
SO107131,20250210,12,52,3,11,2,299000,0.0,598000,240000,358000
SO110591,20250210,14,283,11,5,2,59000,0.0,118000,24000,94000
SO111196,20250210,14,284,2,10,5,59000,0.0,295000,60000,235000
SO108986,20250210,13,123,17,11,5,89000,0.0,445000,125000,320000
SO106797,20250210,19,201,9,2,4,169000,0.1,608400,300000,308400
SO110567,20250210,14,259,7,1,1,59000,0.1,53100,12000,41100
SO102512,20250210,8,243,3,10,1,799000,0.05,759000,420000,339000
SO107324,20250210,17,33,10,3,2,329000,0.1,592200,300000,292200
SO103681,20250210,3,172,1,8,1,1999000,0.0,1999000,1450000,549000
SO107360,20250210,17,41,3,7,5,329000,0.0,1645000,750000,895000
SO101133,20250210,9,298,3,3,1,349000,0.0,349000,190000,159000
SO107363,20250210,14,228,3,1,4,59000,0.0,236000,48000,188000
SO111210,20250210,19,212,1,10,1,169000,0.0,169000,75000,94000
SO100099,20250210,19,138,8,2,3,169000,0.0,507000,225000,282000
SO111614,20250211,12,165,9,5,1,299000,0.0,299000,120000,179000
SO109814,20250211,7,178,1,4,3,499000,0.1,1347300,840000,507300
SO108236,20250211,19,205,7,9,5,169000,0.05,802800,375000,427800
SO111726,20250211,20,83,8,5,5,129000,0.0,645000,275000,370000
SO101052,20250211,10,131,6,8,4,599000,0.0,2396000,1240000,1156000
SO102015,20250211,20,264,7,7,5,129000,0.0,645000,275000,370000
SO105179,20250211,16,109,3,9,2,1599000,0.0,3198000,1840000,1358000
SO106179,20250211,12,62,14,3,1,299000,0.0,299000,120000,179000
SO111181,20250211,10,124,15,11,3,599000,0.1,1617300,930000,687300
SO107567,20250211,19,216,2,10,2,169000,0.0,338000,150000,188000
SO110926,20250211,12,18,18,10,5,299000,0.0,1495000,600000,895000
SO108774,20250211,11,230,8,4,4,199000,0.0,796000,340000,456000
SO109982,20250212,14,166,4,4,3,59000,0.0,177000,36000,141000
SO101352,20250212,18,103,8,4,5,649000,0.0,3245000,1600000,1645000
SO104570,20250212,13,154,2,7,3,89000,0.0,267000,75000,192000
SO108679,20250212,13,189,18,1,5,89000,0.1,400500,125000,275500
SO104254,20250212,14,22,6,1,4,59000,0.0,236000,48000,188000
SO103369,20250213,20,122,18,10,5,129000,0.0,645000,275000,370000
SO100620,20250213,14,249,1,2,1,59000,0.0,59000,12000,47000
SO105284,20250213,11,93,1,1,1,199000,0.0,199000,85000,114000
SO108945,20250213,2,142,8,11,2,4499000,0.05,8548100,6200000,2348100
SO107364,20250213,16,295,8,3,4,1599000,0.05,6076200,3680000,2396200
SO105722,20250213,10,144,1,6,4,599000,0.0,2396000,1240000,1156000
SO106316,20250213,10,164,12,12,2,599000,0.0,1198000,620000,578000
SO104334,20250213,8,174,4,5,1,799000,0.0,799000,420000,379000
SO106235,20250213,12,112,4,3,3,299000,0.05,852200,360000,492200
SO104052,20250213,19,132,5,1,5,169000,0.0,845000,375000,470000
SO104082,20250213,16,58,16,7,3,1599000,0.0,4797000,2760000,2037000
SO103264,20250214,19,218,3,1,2,169000,0.05,321100,150000,171100
SO103003,20250214,13,236,3,12,4,89000,0.0,356000,100000,256000
SO107689,20250214,11,17,4,7,2,199000,0.0,398000,170000,228000
SO106719,20250214,12,87,6,2,1,299000,0.0,299000,120000,179000
SO108641,20250214,20,77,1,12,4,129000,0.0,516000,220000,296000
SO106126,20250214,11,56,7,3,1,199000,0.05,189000,85000,104000
SO106091,20250214,14,11,12,8,3,59000,0.0,177000,36000,141000
SO101984,20250214,11,148,1,5,3,199000,0.0,597000,255000,342000
SO106114,20250214,20,25,12,2,5,129000,0.0,645000,275000,370000
SO103668,20250214,7,72,6,12,3,499000,0.05,1422200,840000,582200
SO108091,20250214,17,92,3,6,5,329000,0.05,1562800,750000,812800
SO100193,20250214,13,245,3,4,4,89000,0.0,356000,100000,256000
SO108758,20250214,20,114,7,1,5,129000,0.05,612800,275000,337800
SO109259,20250214,11,148,1,4,4,199000,0.05,756200,340000,416200
SO102312,20250214,20,50,9,11,5,129000,0.0,645000,275000,370000
SO102324,20250214,14,113,15,8,4,59000,0.0,236000,48000,188000
SO105389,20250214,9,46,17,12,2,349000,0.0,698000,380000,318000
SO106791,20250214,7,239,5,2,4,499000,0.05,1896200,1120000,776200
SO107498,20250215,20,91,14,9,1,129000,0.0,129000,55000,74000
SO103576,20250215,13,92,3,4,2,89000,0.1,160200,50000,110200
SO104700,20250215,3,121,13,12,2,1999000,0.05,3798100,2900000,898100
SO100818,20250215,5,25,12,10,5,3999000,0.0,19995000,14500000,5495000
SO110857,20250215,11,218,3,12,2,199000,0.0,398000,170000,228000
SO109842,20250215,1,170,3,2,2,13999000,0.1,25198200,19600000,5598200
SO107643,20250215,20,167,4,1,3,129000,0.05,367600,165000,202600
SO105942,20250215,14,44,5,1,4,59000,0.0,236000,48000,188000
SO106203,20250215,20,153,3,2,3,129000,0.0,387000,165000,222000
SO105085,20250216,19,146,1,5,4,169000,0.0,676000,300000,376000
SO109081,20250216,14,104,12,2,5,59000,0.0,295000,60000,235000
SO108997,20250216,14,254,2,10,4,59000,0.0,236000,48000,188000
SO101758,20250216,14,262,1,1,1,59000,0.0,59000,12000,47000
SO102820,20250216,8,107,1,7,1,799000,0.1,719100,420000,299100
SO105552,20250216,15,161,2,8,4,899000,0.0,3596000,1920000,1676000
SO109400,20250216,14,133,1,12,1,59000,0.0,59000,12000,47000
SO103355,20250216,13,70,8,10,5,89000,0.0,445000,125000,320000
SO108684,20250216,13,214,3,3,1,89000,0.0,89000,25000,64000
SO103467,20250216,15,201,9,12,2,899000,0.0,1798000,960000,838000
SO105582,20250216,20,162,1,11,2,129000,0.0,258000,110000,148000
SO110094,20250216,11,36,1,10,2,199000,0.0,398000,170000,228000
SO111972,20250216,10,70,8,5,2,599000,0.05,1138100,620000,518100
SO109363,20250217,14,6,1,4,2,59000,0.05,112100,24000,88100
SO107451,20250217,20,283,11,8,1,129000,0.05,122600,55000,67600
SO106400,20250217,9,55,3,7,2,349000,0.0,698000,380000,318000
SO108531,20250217,7,282,14,7,2,499000,0.05,948100,560000,388100
SO104468,20250218,10,95,3,10,1,599000,0.0,599000,310000,289000
SO107506,20250218,13,235,15,8,4,89000,0.0,356000,100000,256000
SO104456,20250218,7,241,4,8,2,499000,0.0,998000,560000,438000
SO100401,20250218,16,34,1,3,5,1599000,0.1,7195500,4600000,2595500
SO102670,20250218,13,217,8,12,5,89000,0.0,445000,125000,320000
SO106805,20250218,9,42,7,8,2,349000,0.05,663100,380000,283100
SO108303,20250218,14,16,1,9,3,59000,0.05,168200,36000,132200
SO103766,20250218,19,10,2,3,3,169000,0.1,456300,225000,231300
SO107992,20250218,19,130,11,5,4,169000,0.0,676000,300000,376000
SO111629,20250219,19,218,3,7,1,169000,0.0,169000,75000,94000
SO109124,20250219,3,138,8,2,5,1999000,0.0,9995000,7250000,2745000
SO100022,20250219,9,230,8,6,5,349000,0.0,1745000,950000,795000
SO101101,20250219,14,152,3,9,3,59000,0.1,159300,36000,123300
SO102929,20250219,20,72,6,11,1,129000,0.0,129000,55000,74000
SO104393,20250219,16,170,3,9,3,1599000,0.1,4317300,2760000,1557300
SO111713,20250219,9,68,4,7,1,349000,0.0,349000,190000,159000
SO103903,20250219,7,95,3,8,4,499000,0.05,1896200,1120000,776200
SO111612,20250219,19,292,11,11,3,169000,0.0,507000,225000,282000
SO102793,20250219,14,286,4,6,1,59000,0.0,59000,12000,47000
SO111179,20250220,15,226,11,7,4,899000,0.05,3416200,1920000,1496200
SO105703,20250220,5,77,1,11,3,3999000,0.05,11397200,8700000,2697200
SO111441,20250220,17,146,1,8,4,329000,0.0,1316000,600000,716000
SO107974,20250220,19,272,6,5,2,169000,0.0,338000,150000,188000
SO111029,20250220,8,276,7,3,1,799000,0.0,799000,420000,379000
SO110480,20250220,11,234,2,7,5,199000,0.1,895500,425000,470500
SO101339,20250220,15,94,3,5,4,899000,0.0,3596000,1920000,1676000
SO105393,20250221,19,67,3,4,5,169000,0.0,845000,375000,470000
SO108302,20250221,14,13,1,2,4,59000,0.0,236000,48000,188000
SO108648,20250221,13,175,15,9,3,89000,0.0,267000,75000,192000
SO102182,20250221,18,118,2,10,2,649000,0.0,1298000,640000,658000
SO101266,20250221,10,18,18,4,5,599000,0.0,2995000,1550000,1445000
SO101550,20250221,19,91,14,10,1,169000,0.0,169000,75000,94000
SO103724,20250221,15,104,12,8,1,899000,0.0,899000,480000,419000
SO111555,20250221,13,197,3,6,5,89000,0.0,445000,125000,320000
SO108828,20250221,11,172,1,7,5,199000,0.0,995000,425000,570000
SO106890,20250222,14,27,6,3,1,59000,0.05,56000,12000,44000
SO101510,20250222,17,226,11,5,2,329000,0.0,658000,300000,358000
SO107166,20250222,15,43,8,1,1,899000,0.05,854000,480000,374000
SO102708,20250222,18,69,8,12,2,649000,0.0,1298000,640000,658000
SO104239,20250222,14,211,1,8,4,59000,0.1,212400,48000,164400
SO109197,20250222,13,28,2,1,5,89000,0.05,422800,125000,297800
SO111426,20250222,17,39,6,12,4,329000,0.0,1316000,600000,716000
SO106611,20250222,19,124,15,12,3,169000,0.0,507000,225000,282000
SO105972,20250222,13,172,1,11,3,89000,0.0,267000,75000,192000
SO104881,20250222,7,131,6,12,1,499000,0.0,499000,280000,219000
SO107665,20250222,19,17,4,5,1,169000,0.0,169000,75000,94000
SO106033,20250222,19,82,3,11,2,169000,0.0,338000,150000,188000
SO110891,20250223,17,166,4,7,2,329000,0.0,658000,300000,358000
SO101836,20250223,19,295,8,9,2,169000,0.05,321100,150000,171100
SO102261,20250223,11,16,1,2,4,199000,0.0,796000,340000,456000
SO105814,20250223,20,142,8,12,1,129000,0.0,129000,55000,74000
SO104250,20250223,8,98,7,3,2,799000,0.05,1518100,840000,678100
SO111537,20250223,6,96,1,3,5,2199000,0.1,9895500,6750000,3145500
SO103438,20250223,12,299,1,12,4,299000,0.0,1196000,480000,716000
SO104849,20250224,14,10,2,3,4,59000,0.0,236000,48000,188000
SO108355,20250224,13,108,4,5,2,89000,0.05,169100,50000,119100
SO111348,20250224,18,14,1,4,2,649000,0.0,1298000,640000,658000
SO105356,20250224,19,160,2,9,3,169000,0.1,456300,225000,231300
SO101503,20250224,19,280,6,10,3,169000,0.0,507000,225000,282000
SO107114,20250224,3,201,9,5,1,1999000,0.05,1899000,1450000,449000
SO107209,20250224,10,123,17,1,3,599000,0.05,1707200,930000,777200
SO110819,20250224,13,59,1,4,3,89000,0.0,267000,75000,192000
SO104886,20250224,14,293,17,5,3,59000,0.1,159300,36000,123300
SO110004,20250224,17,237,8,5,4,329000,0.0,1316000,600000,716000
SO108992,20250224,14,297,4,4,3,59000,0.05,168200,36000,132200
SO110104,20250225,8,122,18,4,2,799000,0.05,1518100,840000,678100
SO104639,20250225,15,116,1,8,5,899000,0.05,4270200,2400000,1870200
SO107092,20250225,11,17,4,6,4,199000,0.0,796000,340000,456000
SO111206,20250225,6,14,1,3,4,2199000,0.1,7916400,5400000,2516400
SO108301,20250225,4,233,7,2,5,8999000,0.0,44995000,31000000,13995000
SO106514,20250225,13,294,8,5,5,89000,0.0,445000,125000,320000
SO100262,20250225,8,199,6,9,2,799000,0.0,1598000,840000,758000
SO107140,20250225,19,234,2,10,4,169000,0.05,642200,300000,342200
SO104195,20250225,9,271,2,8,1,349000,0.0,349000,190000,159000
SO102526,20250225,3,161,2,1,1,1999000,0.0,1999000,1450000,549000
SO102807,20250225,1,170,3,12,5,13999000,0.15,59495800,49000000,10495800
SO104860,20250225,17,12,6,11,3,329000,0.05,937600,450000,487600
SO103597,20250225,13,231,18,3,4,89000,0.05,338200,100000,238200
SO103819,20250225,7,149,2,2,2,499000,0.0,998000,560000,438000
SO110656,20250226,14,77,1,7,3,59000,0.1,159300,36000,123300
SO110021,20250226,8,214,3,7,5,799000,0.0,3995000,2100000,1895000
SO104537,20250226,14,255,1,7,1,59000,0.1,53100,12000,41100
SO110696,20250226,11,50,9,10,5,199000,0.1,895500,425000,470500
SO105139,20250226,14,281,3,9,1,59000,0.0,59000,12000,47000
SO105554,20250226,19,63,1,9,4,169000,0.0,676000,300000,376000
SO102953,20250226,13,102,1,3,5,89000,0.05,422800,125000,297800
SO107292,20250226,14,119,8,3,1,59000,0.0,59000,12000,47000
SO100209,20250226,8,215,14,11,3,799000,0.0,2397000,1260000,1137000
SO102609,20250227,20,191,8,12,2,129000,0.15,219300,110000,109300
SO108297,20250227,9,239,5,2,4,349000,0.0,1396000,760000,636000
SO111605,20250227,19,128,5,9,4,169000,0.0,676000,300000,376000
SO106583,20250227,19,54,12,7,4,169000,0.0,676000,300000,376000
SO111878,20250227,14,39,6,3,2,59000,0.0,118000,24000,94000
SO109605,20250227,14,189,18,3,5,59000,0.0,295000,60000,235000
SO105324,20250227,15,293,17,2,3,899000,0.15,2292400,1440000,852400
SO109914,20250227,18,176,1,5,3,649000,0.0,1947000,960000,987000
SO110571,20250227,11,233,7,7,3,199000,0.0,597000,255000,342000
SO104732,20250228,15,81,17,9,5,899000,0.0,4495000,2400000,2095000
SO104460,20250228,1,148,1,6,5,13999000,0.05,66495200,49000000,17495200
SO110657,20250228,19,256,9,6,1,169000,0.0,169000,75000,94000
SO110531,20250228,8,205,7,10,2,799000,0.0,1598000,840000,758000
SO104450,20250228,14,273,2,4,4,59000,0.1,212400,48000,164400
SO110495,20250228,14,112,4,3,4,59000,0.0,236000,48000,188000
SO108372,20250228,12,298,3,12,5,299000,0.1,1345500,600000,745500
SO100041,20250301,18,82,3,6,1,649000,0.0,649000,320000,329000
SO103486,20250301,20,35,6,4,1,129000,0.0,129000,55000,74000
SO107244,20250301,19,86,2,4,2,169000,0.1,304200,150000,154200
SO102247,20250301,20,24,12,10,4,129000,0.05,490200,220000,270200
SO109999,20250301,11,123,17,7,4,199000,0.0,796000,340000,456000
SO100402,20250301,19,248,1,4,1,169000,0.05,160600,75000,85600
SO107579,20250301,14,31,2,11,3,59000,0.0,177000,36000,141000
SO109309,20250301,15,174,4,11,5,899000,0.15,3820800,2400000,1420800
SO101589,20250301,14,278,3,4,1,59000,0.0,59000,12000,47000
SO109182,20250301,17,148,1,12,1,329000,0.0,329000,150000,179000
SO107067,20250301,17,183,2,3,3,329000,0.0,987000,450000,537000
SO111302,20250301,20,70,8,4,4,129000,0.1,464400,220000,244400
SO106453,20250301,5,188,1,7,4,3999000,0.0,15996000,11600000,4396000
SO102073,20250301,15,136,11,4,1,899000,0.0,899000,480000,419000
SO106589,20250302,13,202,1,11,1,89000,0.05,84600,25000,59600
SO106419,20250302,8,192,3,3,1,799000,0.1,719100,420000,299100
SO102019,20250302,20,54,12,7,3,129000,0.1,348300,165000,183300
SO104766,20250302,20,35,6,10,3,129000,0.05,367600,165000,202600
SO107858,20250302,6,23,1,8,2,2199000,0.1,3958200,2700000,1258200
SO102529,20250302,14,97,1,7,4,59000,0.05,224200,48000,176200
SO100367,20250302,6,282,14,9,5,2199000,0.05,10445200,6750000,3695200
SO108555,20250302,19,96,1,7,1,169000,0.05,160600,75000,85600
SO110525,20250303,13,84,12,9,2,89000,0.05,169100,50000,119100
SO104425,20250303,13,172,1,5,4,89000,0.0,356000,100000,256000
SO104085,20250303,5,241,4,8,5,3999000,0.1,17995500,14500000,3495500
SO110130,20250303,20,131,6,1,4,129000,0.1,464400,220000,244400
SO101825,20250303,9,230,8,7,5,349000,0.0,1745000,950000,795000
SO101815,20250303,12,59,1,3,4,299000,0.0,1196000,480000,716000
SO108448,20250303,20,225,7,1,1,129000,0.05,122600,55000,67600
SO107198,20250303,11,212,1,8,4,199000,0.0,796000,340000,456000
SO108461,20250303,14,94,3,3,4,59000,0.0,236000,48000,188000
SO110707,20250303,11,75,12,9,1,199000,0.0,199000,85000,114000
SO110706,20250303,11,65,8,5,1,199000,0.05,189000,85000,104000
SO111142,20250303,19,146,1,2,1,169000,0.0,169000,75000,94000
SO109260,20250303,15,297,4,3,5,899000,0.15,3820800,2400000,1420800
SO101660,20250303,3,10,2,9,1,1999000,0.0,1999000,1450000,549000
SO100893,20250303,1,22,6,1,3,13999000,0.0,41997000,29400000,12597000
SO108462,20250304,9,51,4,6,4,349000,0.0,1396000,760000,636000
SO109760,20250304,17,71,9,12,2,329000,0.05,625100,300000,325100
SO100706,20250304,14,300,7,10,5,59000,0.0,295000,60000,235000
SO103455,20250304,20,77,1,9,1,129000,0.05,122600,55000,67600
SO103514,20250304,7,138,8,2,2,499000,0.05,948100,560000,388100
SO100986,20250304,16,118,2,3,1,1599000,0.0,1599000,920000,679000
SO101669,20250304,13,132,5,1,1,89000,0.0,89000,25000,64000
SO104095,20250304,11,115,4,6,2,199000,0.1,358200,170000,188200
SO111114,20250304,11,225,7,7,1,199000,0.05,189000,85000,104000
SO107676,20250304,17,146,1,11,5,329000,0.0,1645000,750000,895000
SO107258,20250304,9,170,3,1,3,349000,0.1,942300,570000,372300
SO111216,20250304,14,180,1,8,2,59000,0.0,118000,24000,94000
SO107970,20250304,9,49,1,4,1,349000,0.05,331600,190000,141600
SO105996,20250305,8,113,15,4,1,799000,0.05,759000,420000,339000
SO110024,20250305,6,158,3,2,3,2199000,0.1,5937300,4050000,1887300
SO106037,20250305,18,20,1,3,1,649000,0.0,649000,320000,329000
SO106914,20250305,12,12,6,10,1,299000,0.0,299000,120000,179000
SO104479,20250305,2,170,3,11,4,4499000,0.1,16196400,12400000,3796400
SO109051,20250305,16,222,15,11,3,1599000,0.0,4797000,2760000,2037000
SO102007,20250305,14,263,2,2,2,59000,0.0,118000,24000,94000
SO110308,20250305,16,62,14,11,2,1599000,0.0,3198000,1840000,1358000
SO111842,20250305,19,48,4,5,4,169000,0.0,676000,300000,376000
SO107975,20250305,18,249,1,9,3,649000,0.0,1947000,960000,987000
SO102388,20250305,7,226,11,8,2,499000,0.1,898200,560000,338200
SO108045,20250305,12,61,11,5,2,299000,0.0,598000,240000,358000
SO100120,20250305,14,75,12,6,2,59000,0.0,118000,24000,94000
SO102764,20250305,12,156,11,2,5,299000,0.0,1495000,600000,895000
SO105532,20250306,9,212,1,7,5,349000,0.05,1657800,950000,707800
SO109477,20250306,14,193,1,10,4,59000,0.0,236000,48000,188000
SO109519,20250306,13,140,3,8,3,89000,0.05,253600,75000,178600
SO102260,20250306,15,129,1,6,2,899000,0.0,1798000,960000,838000
SO108073,20250306,19,194,14,7,5,169000,0.0,845000,375000,470000
SO106857,20250306,20,27,6,11,4,129000,0.0,516000,220000,296000
SO102128,20250306,11,220,6,4,5,199000,0.05,945200,425000,520200
SO100596,20250306,9,142,8,1,1,349000,0.0,349000,190000,159000
SO109994,20250306,5,269,15,5,5,3999000,0.0,19995000,14500000,5495000
SO100504,20250306,13,182,14,7,4,89000,0.0,356000,100000,256000
SO103482,20250306,17,123,17,8,4,329000,0.0,1316000,600000,716000
SO105107,20250306,11,265,14,12,2,199000,0.0,398000,170000,228000
SO110532,20250306,12,135,1,1,5,299000,0.0,1495000,600000,895000
SO109808,20250306,14,51,4,5,1,59000,0.0,59000,12000,47000
SO109611,20250306,10,98,7,8,4,599000,0.0,2396000,1240000,1156000
SO105780,20250306,13,43,8,10,1,89000,0.0,89000,25000,64000
SO102076,20250306,4,20,1,1,3,8999000,0.0,26997000,18600000,8397000
SO105665,20250306,11,194,14,10,2,199000,0.05,378100,170000,208100
SO107458,20250306,3,274,17,6,3,1999000,0.0,5997000,4350000,1647000
SO106014,20250307,14,285,5,7,4,59000,0.0,236000,48000,188000
SO101363,20250307,14,275,3,11,3,59000,0.05,168200,36000,132200
SO110985,20250307,5,288,2,10,1,3999000,0.0,3999000,2900000,1099000
SO101463,20250307,20,208,2,8,1,129000,0.05,122600,55000,67600
SO103118,20250307,14,23,1,2,4,59000,0.0,236000,48000,188000
SO108225,20250307,9,29,1,9,2,349000,0.05,663100,380000,283100
SO107674,20250307,18,28,2,12,2,649000,0.0,1298000,640000,658000
SO102348,20250307,13,295,8,2,2,89000,0.0,178000,50000,128000
SO111472,20250307,14,267,5,2,5,59000,0.0,295000,60000,235000
SO108064,20250307,13,126,1,5,5,89000,0.0,445000,125000,320000
SO101723,20250307,14,32,7,7,1,59000,0.05,56000,12000,44000
SO104714,20250307,13,149,2,12,3,89000,0.0,267000,75000,192000
SO101700,20250308,18,36,1,6,2,649000,0.1,1168200,640000,528200
SO108856,20250308,7,84,12,3,2,499000,0.05,948100,560000,388100
SO100217,20250308,11,116,1,2,5,199000,0.0,995000,425000,570000
SO107349,20250308,9,271,2,6,2,349000,0.0,698000,380000,318000
SO109265,20250308,18,196,1,1,1,649000,0.0,649000,320000,329000
SO109257,20250308,11,36,1,9,4,199000,0.0,796000,340000,456000
SO107525,20250308,15,78,1,2,5,899000,0.0,4495000,2400000,2095000
SO103779,20250308,5,234,2,7,5,3999000,0.0,19995000,14500000,5495000
SO102565,20250308,14,148,1,4,5,59000,0.05,280200,60000,220200
SO100984,20250308,11,83,8,2,1,199000,0.0,199000,85000,114000
SO110297,20250308,14,147,12,12,1,59000,0.0,59000,12000,47000
SO104646,20250308,13,200,8,5,5,89000,0.0,445000,125000,320000
SO100135,20250308,14,140,3,10,2,59000,0.0,118000,24000,94000
SO104093,20250309,13,283,11,11,2,89000,0.0,178000,50000,128000
SO111769,20250309,8,194,14,4,3,799000,0.05,2277200,1260000,1017200
SO105772,20250309,12,193,1,9,5,299000,0.0,1495000,600000,895000
SO107406,20250309,17,157,12,2,5,329000,0.0,1645000,750000,895000
SO109654,20250309,11,220,6,5,3,199000,0.05,567200,255000,312200
SO104634,20250309,17,285,5,3,1,329000,0.0,329000,150000,179000
SO103429,20250309,6,5,1,3,1,2199000,0.0,2199000,1350000,849000
SO102674,20250309,15,130,11,3,4,899000,0.0,3596000,1920000,1676000
SO103713,20250309,20,104,12,9,3,129000,0.05,367600,165000,202600
SO100497,20250309,13,49,1,8,2,89000,0.0,178000,50000,128000
SO108833,20250309,14,15,7,11,3,59000,0.0,177000,36000,141000
SO109039,20250309,7,56,7,2,2,499000,0.05,948100,560000,388100
SO102410,20250309,7,68,4,3,4,499000,0.0,1996000,1120000,876000
SO107311,20250309,12,153,3,4,4,299000,0.05,1136200,480000,656200
SO111411,20250310,13,144,1,7,1,89000,0.0,89000,25000,64000
SO104302,20250310,19,143,9,4,5,169000,0.05,802800,375000,427800
SO102742,20250310,14,296,8,9,5,59000,0.15,250800,60000,190800
SO101312,20250310,11,252,7,12,4,199000,0.05,756200,340000,416200
SO103638,20250310,15,70,8,10,4,899000,0.0,3596000,1920000,1676000
SO104277,20250310,17,141,3,1,3,329000,0.0,987000,450000,537000
SO109282,20250310,12,53,1,1,2,299000,0.0,598000,240000,358000
SO100707,20250310,2,13,1,8,5,4499000,0.0,22495000,15500000,6995000
SO109099,20250310,7,221,3,6,3,499000,0.05,1422200,840000,582200
SO103810,20250310,13,23,1,1,5,89000,0.15,378200,125000,253200
SO103734,20250310,7,16,1,5,1,499000,0.0,499000,280000,219000
SO108479,20250310,17,132,5,2,2,329000,0.0,658000,300000,358000
SO105576,20250311,20,223,3,12,2,129000,0.1,232200,110000,122200
SO109527,20250311,1,213,6,6,2,13999000,0.0,27998000,19600000,8398000
SO106456,20250311,9,45,8,5,2,349000,0.0,698000,380000,318000
SO108139,20250311,13,269,15,8,4,89000,0.05,338200,100000,238200
SO109487,20250311,13,190,10,7,4,89000,0.0,356000,100000,256000
SO104376,20250311,13,151,1,2,4,89000,0.05,338200,100000,238200
SO111138,20250311,14,294,8,2,5,59000,0.05,280200,60000,220200
SO101403,20250311,20,112,4,7,4,129000,0.0,516000,220000,296000
SO110047,20250311,7,268,8,10,3,499000,0.05,1422200,840000,582200
SO110169,20250311,14,178,1,2,3,59000,0.0,177000,36000,141000
SO103453,20250311,14,181,1,4,2,59000,0.05,112100,24000,88100
SO101736,20250311,19,52,3,6,2,169000,0.1,304200,150000,154200
SO111312,20250311,14,255,1,10,1,59000,0.05,56000,12000,44000
SO105350,20250311,13,13,1,10,5,89000,0.1,400500,125000,275500
SO109292,20250311,10,149,2,8,5,599000,0.0,2995000,1550000,1445000
SO111512,20250311,8,159,4,10,3,799000,0.05,2277200,1260000,1017200
SO109796,20250311,13,120,12,12,2,89000,0.05,169100,50000,119100
SO106519,20250312,12,9,8,12,1,299000,0.05,284000,120000,164000
SO107237,20250312,14,68,4,11,3,59000,0.05,168200,36000,132200
SO103121,20250312,14,289,2,9,5,59000,0.0,295000,60000,235000
SO102605,20250312,19,239,5,4,3,169000,0.05,481600,225000,256600
SO107913,20250312,20,251,7,2,2,129000,0.0,258000,110000,148000
SO101828,20250312,13,41,3,10,1,89000,0.05,84600,25000,59600
SO109735,20250312,13,215,14,6,4,89000,0.0,356000,100000,256000
SO106676,20250312,2,165,9,4,2,4499000,0.05,8548100,6200000,2348100
SO103691,20250312,10,125,1,6,4,599000,0.05,2276200,1240000,1036200
SO107548,20250312,18,202,1,4,5,649000,0.05,3082800,1600000,1482800
SO107519,20250313,20,108,4,3,1,129000,0.05,122600,55000,67600
SO106707,20250313,16,82,3,7,2,1599000,0.05,3038100,1840000,1198100
SO108256,20250313,3,183,2,3,4,1999000,0.0,7996000,5800000,2196000
SO102287,20250313,14,279,12,5,2,59000,0.0,118000,24000,94000
SO102738,20250313,7,121,13,11,4,499000,0.05,1896200,1120000,776200
SO109921,20250313,10,61,11,8,2,599000,0.0,1198000,620000,578000
SO104615,20250313,13,164,12,9,1,89000,0.1,80100,25000,55100
SO106733,20250313,20,102,1,9,3,129000,0.0,387000,165000,222000
SO104362,20250313,18,143,9,4,4,649000,0.1,2336400,1280000,1056400
SO109663,20250313,19,251,7,12,2,169000,0.05,321100,150000,171100
SO107312,20250313,2,166,4,7,2,4499000,0.0,8998000,6200000,2798000
SO102720,20250313,3,56,7,8,4,1999000,0.0,7996000,5800000,2196000
SO100689,20250313,9,177,5,2,1,349000,0.1,314100,190000,124100
SO103166,20250313,20,6,1,12,5,129000,0.05,612800,275000,337800
SO101267,20250313,17,239,5,12,4,329000,0.0,1316000,600000,716000
SO103562,20250313,6,136,11,11,1,2199000,0.1,1979100,1350000,629100
SO100029,20250313,14,163,14,12,2,59000,0.0,118000,24000,94000
SO104728,20250314,9,16,1,5,4,349000,0.0,1396000,760000,636000
SO103000,20250314,12,1,2,3,3,299000,0.1,807300,360000,447300
SO109077,20250314,5,126,1,3,1,3999000,0.0,3999000,2900000,1099000
SO109983,20250314,12,161,2,5,5,299000,0.0,1495000,600000,895000
SO101688,20250314,19,149,2,2,5,169000,0.0,845000,375000,470000
SO108125,20250314,20,129,1,3,1,129000,0.0,129000,55000,74000
SO109759,20250314,19,197,3,3,5,169000,0.0,845000,375000,470000
SO106198,20250314,10,144,1,2,2,599000,0.05,1138100,620000,518100
SO105024,20250314,13,205,7,10,2,89000,0.0,178000,50000,128000
SO103201,20250315,12,88,6,10,1,299000,0.0,299000,120000,179000
SO110774,20250315,20,228,3,8,2,129000,0.0,258000,110000,148000
SO107068,20250315,3,258,2,8,4,1999000,0.0,7996000,5800000,2196000
SO104300,20250315,18,168,4,10,1,649000,0.0,649000,320000,329000
SO111783,20250315,20,225,7,11,4,129000,0.0,516000,220000,296000
SO100911,20250315,14,17,4,11,5,59000,0.0,295000,60000,235000
SO108704,20250315,17,60,1,11,2,329000,0.0,658000,300000,358000
SO107196,20250315,5,198,9,2,2,3999000,0.05,7598100,5800000,1798100
SO106844,20250315,7,55,3,6,1,499000,0.0,499000,280000,219000
SO104893,20250315,9,17,4,7,2,349000,0.0,698000,380000,318000
SO107156,20250315,1,239,5,6,4,13999000,0.0,55996000,39200000,16796000
SO107979,20250315,7,21,18,10,5,499000,0.0,2495000,1400000,1095000
SO105251,20250316,11,37,12,2,4,199000,0.0,796000,340000,456000
SO103539,20250316,18,180,1,1,1,649000,0.05,616600,320000,296600
SO101237,20250316,7,99,3,8,2,499000,0.0,998000,560000,438000
SO101602,20250316,20,189,18,5,4,129000,0.05,490200,220000,270200
SO103998,20250316,11,202,1,12,4,199000,0.05,756200,340000,416200
SO111377,20250316,14,59,1,11,1,59000,0.0,59000,12000,47000
SO105062,20250316,18,198,9,3,3,649000,0.1,1752300,960000,792300
SO109865,20250316,8,274,17,4,1,799000,0.0,799000,420000,379000
SO107569,20250316,20,96,1,7,1,129000,0.1,116100,55000,61100
SO100695,20250316,14,193,1,6,4,59000,0.05,224200,48000,176200
SO102030,20250316,8,48,4,5,3,799000,0.0,2397000,1260000,1137000
SO111918,20250316,16,99,3,5,5,1599000,0.0,7995000,4600000,3395000
SO108330,20250316,20,155,8,4,4,129000,0.0,516000,220000,296000
SO105321,20250317,7,175,15,3,3,499000,0.0,1497000,840000,657000
SO109438,20250317,15,231,18,3,4,899000,0.0,3596000,1920000,1676000
SO111234,20250317,20,51,4,10,2,129000,0.1,232200,110000,122200
SO105348,20250317,13,192,3,9,1,89000,0.0,89000,25000,64000
SO105467,20250317,14,182,14,5,2,59000,0.05,112100,24000,88100
SO100535,20250317,7,193,1,11,4,499000,0.0,1996000,1120000,876000
SO108954,20250317,13,255,1,11,5,89000,0.1,400500,125000,275500
SO107073,20250317,20,232,5,4,5,129000,0.0,645000,275000,370000
SO100260,20250317,13,206,1,7,5,89000,0.0,445000,125000,320000
SO106084,20250317,9,107,1,9,3,349000,0.0,1047000,570000,477000
SO106118,20250317,20,96,1,6,3,129000,0.0,387000,165000,222000
SO108402,20250317,10,271,2,5,4,599000,0.0,2396000,1240000,1156000
SO102067,20250317,9,288,2,4,1,349000,0.05,331600,190000,141600
SO111993,20250317,1,256,9,2,3,13999000,0.0,41997000,29400000,12597000
SO107779,20250317,20,33,10,2,4,129000,0.0,516000,220000,296000
SO104693,20250317,3,28,2,10,2,1999000,0.0,3998000,2900000,1098000
SO103049,20250317,9,264,7,6,1,349000,0.05,331600,190000,141600
SO110350,20250317,14,207,18,1,1,59000,0.0,59000,12000,47000
SO109728,20250317,14,259,7,8,2,59000,0.0,118000,24000,94000
SO101434,20250317,14,131,6,8,4,59000,0.0,236000,48000,188000
SO108708,20250317,7,149,2,11,1,499000,0.0,499000,280000,219000
SO106019,20250317,11,100,15,2,5,199000,0.0,995000,425000,570000
SO110051,20250317,13,250,7,4,5,89000,0.1,400500,125000,275500
SO108504,20250317,19,268,8,12,4,169000,0.05,642200,300000,342200
SO111354,20250318,11,88,6,4,2,199000,0.1,358200,170000,188200
SO103257,20250318,12,180,1,3,2,299000,0.0,598000,240000,358000
SO107208,20250318,9,194,14,10,3,349000,0.05,994600,570000,424600
SO103851,20250318,9,249,1,8,5,349000,0.0,1745000,950000,795000
SO105651,20250318,12,266,1,8,4,299000,0.05,1136200,480000,656200
SO105216,20250318,3,77,1,8,5,1999000,0.05,9495200,7250000,2245200
SO102300,20250318,20,295,8,5,2,129000,0.05,245100,110000,135100
SO101687,20250318,12,188,1,9,3,299000,0.05,852200,360000,492200
SO109156,20250318,14,283,11,5,4,59000,0.05,224200,48000,176200
SO102352,20250318,11,52,3,5,4,199000,0.05,756200,340000,416200
SO103796,20250318,5,117,2,1,1,3999000,0.0,3999000,2900000,1099000
SO101329,20250318,7,119,8,5,1,499000,0.05,474000,280000,194000
SO106864,20250318,20,298,3,2,1,129000,0.0,129000,55000,74000
SO106671,20250318,2,294,8,11,2,4499000,0.0,8998000,6200000,2798000
SO111598,20250318,20,36,1,10,1,129000,0.0,129000,55000,74000
SO111121,20250318,14,134,2,6,3,59000,0.05,168200,36000,132200
SO110228,20250318,20,258,2,11,1,129000,0.0,129000,55000,74000
SO110327,20250319,10,144,1,4,1,599000,0.0,599000,310000,289000
SO106831,20250319,20,157,12,12,1,129000,0.0,129000,55000,74000
SO111887,20250319,13,236,3,4,2,89000,0.0,178000,50000,128000
SO105208,20250319,14,128,5,3,1,59000,0.05,56000,12000,44000
SO106101,20250319,12,75,12,2,3,299000,0.05,852200,360000,492200
SO104842,20250319,13,184,6,7,5,89000,0.1,400500,125000,275500
SO110220,20250319,7,207,18,4,1,499000,0.0,499000,280000,219000
SO106688,20250319,12,196,1,10,1,299000,0.0,299000,120000,179000
SO106735,20250319,11,104,12,4,4,199000,0.05,756200,340000,416200
SO110629,20250319,5,18,18,5,2,3999000,0.05,7598100,5800000,1798100
SO101457,20250319,15,19,1,1,3,899000,0.0,2697000,1440000,1257000
SO100889,20250319,20,80,1,8,2,129000,0.05,245100,110000,135100
SO108800,20250319,20,79,8,5,4,129000,0.0,516000,220000,296000
SO105493,20250319,11,116,1,8,2,199000,0.0,398000,170000,228000
SO106951,20250319,14,267,5,5,5,59000,0.0,295000,60000,235000
SO107581,20250320,11,189,18,12,5,199000,0.0,995000,425000,570000
SO108680,20250320,17,271,2,4,1,329000,0.0,329000,150000,179000
SO101714,20250320,19,93,1,5,2,169000,0.0,338000,150000,188000
SO107648,20250320,8,255,1,6,3,799000,0.05,2277200,1260000,1017200
SO100705,20250320,14,21,18,8,2,59000,0.0,118000,24000,94000
SO101281,20250320,13,224,1,12,4,89000,0.05,338200,100000,238200
SO107741,20250320,20,267,5,3,5,129000,0.1,580500,275000,305500
SO106546,20250320,3,222,15,1,5,1999000,0.0,9995000,7250000,2745000
SO102268,20250320,18,245,3,11,3,649000,0.0,1947000,960000,987000
SO104866,20250320,13,29,1,7,2,89000,0.0,178000,50000,128000
SO109118,20250320,17,175,15,8,2,329000,0.0,658000,300000,358000
SO111192,20250320,14,209,1,11,4,59000,0.05,224200,48000,176200
SO106771,20250320,14,52,3,12,5,59000,0.0,295000,60000,235000
SO107470,20250320,14,271,2,2,2,59000,0.0,118000,24000,94000
SO108670,20250320,20,96,1,5,5,129000,0.0,645000,275000,370000
SO104238,20250321,20,9,8,8,2,129000,0.05,245100,110000,135100
SO102864,20250321,14,299,1,10,5,59000,0.0,295000,60000,235000
SO109432,20250321,17,117,2,9,3,329000,0.0,987000,450000,537000
SO102125,20250321,13,115,4,11,4,89000,0.0,356000,100000,256000
SO103789,20250321,19,198,9,10,3,169000,0.05,481600,225000,256600
SO107847,20250321,14,250,7,5,3,59000,0.1,159300,36000,123300
SO102517,20250321,17,228,3,3,1,329000,0.1,296100,150000,146100
SO108037,20250321,13,197,3,1,3,89000,0.0,267000,75000,192000
SO105119,20250321,8,59,1,2,4,799000,0.0,3196000,1680000,1516000
SO110396,20250321,7,261,2,8,5,499000,0.0,2495000,1400000,1095000
SO111674,20250321,4,245,3,7,3,8999000,0.0,26997000,18600000,8397000
SO107429,20250321,1,20,1,4,2,13999000,0.1,25198200,19600000,5598200
SO108513,20250321,9,77,1,6,4,349000,0.1,1256400,760000,496400
SO109770,20250321,15,130,11,6,2,899000,0.05,1708100,960000,748100
SO102969,20250321,19,32,7,12,2,169000,0.05,321100,150000,171100
SO110726,20250321,20,214,3,5,1,129000,0.0,129000,55000,74000
SO111937,20250322,15,267,5,8,2,899000,0.05,1708100,960000,748100
SO110447,20250322,15,259,7,11,2,899000,0.0,1798000,960000,838000
SO107910,20250322,14,285,5,3,1,59000,0.05,56000,12000,44000
SO103774,20250322,13,53,1,12,5,89000,0.0,445000,125000,320000
SO109172,20250322,8,109,3,6,4,799000,0.0,3196000,1680000,1516000
SO104567,20250322,9,258,2,10,3,349000,0.0,1047000,570000,477000
SO110246,20250322,2,94,3,8,3,4499000,0.05,12822200,9300000,3522200
SO109399,20250322,15,133,1,11,1,899000,0.05,854000,480000,374000
SO104283,20250322,13,92,3,4,5,89000,0.05,422800,125000,297800
SO102163,20250322,20,204,3,12,1,129000,0.0,129000,55000,74000
SO104722,20250322,14,26,5,8,4,59000,0.0,236000,48000,188000
SO101478,20250322,14,296,8,10,1,59000,0.0,59000,12000,47000
SO105804,20250322,11,20,1,8,2,199000,0.05,378100,170000,208100
SO108274,20250323,18,220,6,9,5,649000,0.0,3245000,1600000,1645000
SO109558,20250323,5,112,4,3,2,3999000,0.0,7998000,5800000,2198000
SO101336,20250323,3,249,1,7,4,1999000,0.0,7996000,5800000,2196000
SO105835,20250323,17,257,12,3,4,329000,0.0,1316000,600000,716000
SO111569,20250323,13,37,12,1,4,89000,0.0,356000,100000,256000
SO111149,20250323,18,229,12,4,5,649000,0.0,3245000,1600000,1645000
SO109586,20250323,13,291,14,11,4,89000,0.1,320400,100000,220400
SO108988,20250323,11,106,1,4,1,199000,0.0,199000,85000,114000
SO111008,20250323,9,156,11,4,4,349000,0.05,1326200,760000,566200
SO101831,20250323,12,289,2,4,3,299000,0.0,897000,360000,537000
SO111604,20250323,10,248,1,3,4,599000,0.0,2396000,1240000,1156000
SO108250,20250324,13,224,1,12,3,89000,0.0,267000,75000,192000
SO109542,20250324,19,145,14,7,5,169000,0.0,845000,375000,470000
SO101915,20250324,18,11,12,1,3,649000,0.0,1947000,960000,987000
SO101659,20250324,19,39,6,7,2,169000,0.05,321100,150000,171100
SO108449,20250324,14,64,3,11,1,59000,0.0,59000,12000,47000
SO107029,20250324,14,112,4,9,4,59000,0.05,224200,48000,176200
SO110385,20250324,10,85,3,1,5,599000,0.0,2995000,1550000,1445000
SO109121,20250324,11,107,1,11,1,199000,0.0,199000,85000,114000
SO108753,20250324,16,139,2,5,2,1599000,0.0,3198000,1840000,1358000
SO106415,20250324,19,178,1,9,1,169000,0.0,169000,75000,94000
SO105071,20250324,18,294,8,5,3,649000,0.05,1849600,960000,889600
SO110823,20250324,18,209,1,11,3,649000,0.05,1849600,960000,889600
SO107128,20250324,17,129,1,7,2,329000,0.05,625100,300000,325100
SO101162,20250324,14,272,6,7,3,59000,0.0,177000,36000,141000
SO104482,20250324,9,247,3,2,1,349000,0.0,349000,190000,159000
SO102691,20250324,17,26,5,3,1,329000,0.05,312600,150000,162600
SO102293,20250324,10,146,1,9,1,599000,0.0,599000,310000,289000
SO110964,20250325,10,110,2,6,5,599000,0.15,2545800,1550000,995800
SO102095,20250325,11,121,13,4,5,199000,0.05,945200,425000,520200
SO107006,20250325,15,200,8,11,1,899000,0.1,809100,480000,329100
SO110685,20250325,20,170,3,8,3,129000,0.05,367600,165000,202600
SO103112,20250325,17,184,6,1,5,329000,0.0,1645000,750000,895000
SO103181,20250325,4,91,14,9,1,8999000,0.05,8549000,6200000,2349000
SO110630,20250325,10,173,15,10,1,599000,0.0,599000,310000,289000
SO107228,20250325,7,29,1,7,5,499000,0.05,2370200,1400000,970200
SO106551,20250325,1,186,3,12,5,13999000,0.0,69995000,49000000,20995000
SO105531,20250325,18,163,14,12,1,649000,0.0,649000,320000,329000
SO102386,20250325,7,14,1,10,3,499000,0.0,1497000,840000,657000
SO103084,20250325,13,143,9,3,4,89000,0.0,356000,100000,256000
SO103506,20250325,14,236,3,2,1,59000,0.0,59000,12000,47000
SO105472,20250325,17,281,3,9,5,329000,0.0,1645000,750000,895000
SO110079,20250326,11,126,1,3,1,199000,0.0,199000,85000,114000
SO106714,20250326,14,164,12,1,4,59000,0.0,236000,48000,188000
SO102113,20250326,10,152,3,9,5,599000,0.1,2695500,1550000,1145500
SO108527,20250326,12,223,3,6,3,299000,0.0,897000,360000,537000
SO107295,20250326,14,13,1,7,2,59000,0.05,112100,24000,88100
SO108579,20250326,7,76,9,4,1,499000,0.0,499000,280000,219000
SO111565,20250327,3,132,5,1,2,1999000,0.0,3998000,2900000,1098000
SO105742,20250327,15,157,12,10,5,899000,0.0,4495000,2400000,2095000
SO105271,20250327,11,93,1,5,5,199000,0.0,995000,425000,570000
SO110947,20250327,5,246,3,5,4,3999000,0.1,14396400,11600000,2796400
SO111415,20250327,17,237,8,2,3,329000,0.0,987000,450000,537000
SO110294,20250327,17,188,1,5,1,329000,0.0,329000,150000,179000
SO111809,20250327,14,269,15,11,5,59000,0.0,295000,60000,235000
SO108268,20250327,11,121,13,5,5,199000,0.0,995000,425000,570000
SO108310,20250327,12,97,1,5,5,299000,0.0,1495000,600000,895000
SO103910,20250327,14,124,15,3,5,59000,0.0,295000,60000,235000
SO109106,20250327,7,4,3,1,3,499000,0.1,1347300,840000,507300
SO109715,20250327,14,158,3,12,5,59000,0.05,280200,60000,220200
SO106533,20250327,20,266,1,6,1,129000,0.0,129000,55000,74000
SO106907,20250327,12,42,7,8,3,299000,0.0,897000,360000,537000
SO110568,20250327,14,279,12,7,4,59000,0.05,224200,48000,176200
SO109563,20250327,14,18,18,9,5,59000,0.0,295000,60000,235000
SO105539,20250327,18,265,14,9,3,649000,0.05,1849600,960000,889600
SO110704,20250328,14,93,1,8,3,59000,0.0,177000,36000,141000
SO106499,20250328,10,102,1,10,1,599000,0.0,599000,310000,289000
SO106955,20250328,6,203,14,8,5,2199000,0.0,10995000,6750000,4245000
SO101185,20250328,15,139,2,4,1,899000,0.0,899000,480000,419000
SO102963,20250328,9,237,8,8,4,349000,0.0,1396000,760000,636000
SO103461,20250328,2,37,12,6,5,4499000,0.1,20245500,15500000,4745500
SO111515,20250328,11,231,18,7,4,199000,0.1,716400,340000,376400
SO106751,20250328,16,43,8,7,1,1599000,0.0,1599000,920000,679000
SO108194,20250328,1,68,4,8,2,13999000,0.0,27998000,19600000,8398000
SO104913,20250328,19,94,3,11,4,169000,0.05,642200,300000,342200
SO110951,20250328,10,103,8,1,4,599000,0.05,2276200,1240000,1036200
SO110456,20250328,14,222,15,9,4,59000,0.1,212400,48000,164400
SO106144,20250328,16,170,3,4,4,1599000,0.0,6396000,3680000,2716000
SO103894,20250328,14,228,3,5,3,59000,0.0,177000,36000,141000
SO105275,20250328,13,234,2,8,3,89000,0.0,267000,75000,192000
SO109210,20250328,20,283,11,6,5,129000,0.1,580500,275000,305500
SO111158,20250329,11,240,8,12,3,199000,0.05,567200,255000,312200
SO102678,20250329,5,168,4,5,4,3999000,0.0,15996000,11600000,4396000
SO102176,20250329,14,15,7,7,5,59000,0.05,280200,60000,220200
SO106100,20250329,17,215,14,9,4,329000,0.0,1316000,600000,716000
SO101812,20250329,10,13,1,6,2,599000,0.0,1198000,620000,578000
SO100322,20250329,12,9,8,4,4,299000,0.05,1136200,480000,656200
SO109116,20250329,7,21,18,10,3,499000,0.05,1422200,840000,582200
SO106545,20250329,8,214,3,7,5,799000,0.0,3995000,2100000,1895000
SO105165,20250329,13,8,8,11,5,89000,0.0,445000,125000,320000
SO108154,20250329,19,29,1,7,1,169000,0.0,169000,75000,94000
SO107202,20250329,20,209,1,5,5,129000,0.0,645000,275000,370000
SO103725,20250329,20,186,3,2,1,129000,0.0,129000,55000,74000
SO111408,20250329,17,265,14,10,3,329000,0.15,839000,450000,389000
SO102804,20250329,19,222,15,5,2,169000,0.0,338000,150000,188000
SO109365,20250329,19,213,6,10,1,169000,0.0,169000,75000,94000
SO111903,20250329,20,222,15,1,4,129000,0.05,490200,220000,270200
SO105434,20250329,6,282,14,10,5,2199000,0.0,10995000,6750000,4245000
SO100435,20250329,20,130,11,3,3,129000,0.0,387000,165000,222000
SO108164,20250330,6,95,3,7,5,2199000,0.0,10995000,6750000,4245000
SO101937,20250330,1,104,12,10,2,13999000,0.0,27998000,19600000,8398000
SO102383,20250330,9,58,16,11,5,349000,0.0,1745000,950000,795000
SO108841,20250330,14,41,3,12,1,59000,0.0,59000,12000,47000
SO102436,20250330,17,159,4,9,5,329000,0.0,1645000,750000,895000
SO102749,20250330,9,75,12,12,3,349000,0.05,994600,570000,424600
SO107907,20250330,9,87,6,1,4,349000,0.05,1326200,760000,566200
SO101128,20250330,2,50,9,4,4,4499000,0.1,16196400,12400000,3796400
SO108344,20250330,3,268,8,11,4,1999000,0.0,7996000,5800000,2196000
SO100288,20250330,10,117,2,10,2,599000,0.05,1138100,620000,518100
SO111056,20250330,11,277,1,7,2,199000,0.1,358200,170000,188200
SO106790,20250330,11,94,3,7,5,199000,0.0,995000,425000,570000
SO110972,20250330,14,64,3,8,2,59000,0.05,112100,24000,88100
SO104708,20250330,8,189,18,5,3,799000,0.1,2157300,1260000,897300
SO110289,20250330,11,117,2,2,4,199000,0.0,796000,340000,456000
SO105881,20250330,16,269,15,4,2,1599000,0.0,3198000,1840000,1358000
SO105282,20250330,7,72,6,3,2,499000,0.0,998000,560000,438000
SO108951,20250330,20,137,6,4,5,129000,0.05,612800,275000,337800
SO103073,20250331,6,67,3,1,3,2199000,0.05,6267200,4050000,2217200
SO105219,20250331,20,156,11,5,1,129000,0.0,129000,55000,74000
SO109748,20250331,17,213,6,1,4,329000,0.05,1250200,600000,650200
SO105837,20250331,15,175,15,12,3,899000,0.0,2697000,1440000,1257000
SO101640,20250331,11,190,10,7,4,199000,0.0,796000,340000,456000
SO111355,20250331,8,175,15,2,2,799000,0.0,1598000,840000,758000
SO102413,20250331,14,50,9,6,5,59000,0.1,265500,60000,205500
SO105078,20250331,3,234,2,7,4,1999000,0.0,7996000,5800000,2196000
SO107864,20250331,13,46,17,9,4,89000,0.05,338200,100000,238200
SO107793,20250331,10,37,12,6,1,599000,0.0,599000,310000,289000
SO106681,20250331,8,292,11,4,2,799000,0.05,1518100,840000,678100
SO102760,20250331,16,111,1,1,5,1599000,0.0,7995000,4600000,3395000
SO105971,20250401,13,167,4,3,2,89000,0.0,178000,50000,128000
SO100311,20250401,9,132,5,8,4,349000,0.15,1186600,760000,426600
SO100426,20250401,10,139,2,2,5,599000,0.0,2995000,1550000,1445000
SO109125,20250401,3,7,8,7,3,1999000,0.05,5697200,4350000,1347200
SO111792,20250401,8,279,12,8,3,799000,0.05,2277200,1260000,1017200
SO108807,20250401,13,198,9,12,4,89000,0.0,356000,100000,256000
SO102224,20250401,11,274,17,5,2,199000,0.05,378100,170000,208100
SO105842,20250401,12,229,12,7,1,299000,0.05,284000,120000,164000
SO106258,20250401,9,186,3,4,1,349000,0.0,349000,190000,159000
SO106785,20250401,13,154,2,4,1,89000,0.0,89000,25000,64000
SO101193,20250401,12,81,17,12,5,299000,0.05,1420200,600000,820200
SO108440,20250401,4,207,18,8,2,8999000,0.0,17998000,12400000,5598000
SO104678,20250401,14,126,1,4,5,59000,0.0,295000,60000,235000
SO109634,20250402,8,170,3,3,1,799000,0.05,759000,420000,339000
SO101917,20250402,19,232,5,4,3,169000,0.0,507000,225000,282000
SO107391,20250402,14,252,7,9,5,59000,0.0,295000,60000,235000
SO104511,20250402,12,142,8,8,3,299000,0.05,852200,360000,492200
SO101821,20250402,13,155,8,2,1,89000,0.0,89000,25000,64000
SO109985,20250402,6,184,6,5,1,2199000,0.0,2199000,1350000,849000
SO103040,20250402,8,237,8,1,3,799000,0.05,2277200,1260000,1017200
SO111124,20250402,18,257,12,6,5,649000,0.0,3245000,1600000,1645000
SO103671,20250402,8,36,1,11,1,799000,0.0,799000,420000,379000
SO105211,20250402,10,117,2,11,4,599000,0.0,2396000,1240000,1156000
SO101606,20250402,9,270,6,8,4,349000,0.0,1396000,760000,636000
SO105754,20250402,14,212,1,8,3,59000,0.0,177000,36000,141000
SO110073,20250402,14,160,2,5,3,59000,0.0,177000,36000,141000
SO102630,20250402,20,105,2,6,2,129000,0.0,258000,110000,148000
SO109261,20250402,14,198,9,10,5,59000,0.05,280200,60000,220200
SO106960,20250402,15,30,6,1,1,899000,0.05,854000,480000,374000
SO108878,20250402,8,48,4,9,3,799000,0.05,2277200,1260000,1017200
SO108306,20250402,2,84,12,11,3,4499000,0.05,12822200,9300000,3522200
SO101879,20250403,14,98,7,3,3,59000,0.0,177000,36000,141000
SO104513,20250403,14,221,3,8,5,59000,0.0,295000,60000,235000
SO108734,20250403,14,144,1,9,5,59000,0.0,295000,60000,235000
SO108735,20250403,10,122,18,3,2,599000,0.0,1198000,620000,578000
SO103806,20250403,10,121,13,5,5,599000,0.0,2995000,1550000,1445000
SO108346,20250403,17,105,2,7,5,329000,0.0,1645000,750000,895000
SO107024,20250403,20,154,2,4,5,129000,0.0,645000,275000,370000
SO100646,20250403,14,262,1,5,4,59000,0.0,236000,48000,188000
SO111752,20250403,19,220,6,10,5,169000,0.0,845000,375000,470000
SO106865,20250403,20,263,2,8,3,129000,0.0,387000,165000,222000
SO106176,20250403,9,202,1,4,4,349000,0.0,1396000,760000,636000
SO107455,20250403,14,183,2,9,4,59000,0.0,236000,48000,188000
SO111688,20250403,11,156,11,2,3,199000,0.05,567200,255000,312200
SO102074,20250403,12,15,7,11,3,299000,0.0,897000,360000,537000
SO109812,20250403,14,115,4,6,1,59000,0.05,56000,12000,44000
SO101007,20250403,11,10,2,1,1,199000,0.0,199000,85000,114000
SO106919,20250403,12,149,2,1,5,299000,0.1,1345500,600000,745500
SO102175,20250403,15,39,6,11,2,899000,0.0,1798000,960000,838000
SO100105,20250403,10,82,3,3,5,599000,0.05,2845200,1550000,1295200
SO110539,20250403,16,224,1,9,2,1599000,0.05,3038100,1840000,1198100
SO109739,20250404,8,201,9,4,3,799000,0.0,2397000,1260000,1137000
SO102462,20250404,5,234,2,8,2,3999000,0.05,7598100,5800000,1798100
SO103008,20250404,8,60,1,10,1,799000,0.05,759000,420000,339000
SO106040,20250404,4,61,11,8,3,8999000,0.0,26997000,18600000,8397000
SO100624,20250404,15,176,1,10,3,899000,0.0,2697000,1440000,1257000
SO106160,20250404,20,299,1,10,1,129000,0.0,129000,55000,74000
SO109886,20250404,19,255,1,6,1,169000,0.0,169000,75000,94000
SO108903,20250404,11,154,2,2,2,199000,0.0,398000,170000,228000
SO102049,20250404,20,281,3,10,4,129000,0.0,516000,220000,296000
SO102014,20250404,20,143,9,2,4,129000,0.0,516000,220000,296000
SO100836,20250404,17,243,3,9,3,329000,0.0,987000,450000,537000
SO107920,20250404,11,298,3,6,3,199000,0.05,567200,255000,312200
SO100829,20250404,11,206,1,7,5,199000,0.0,995000,425000,570000
SO104539,20250404,7,262,1,12,1,499000,0.0,499000,280000,219000
SO106692,20250405,7,8,8,11,1,499000,0.1,449100,280000,169100
SO105361,20250405,13,70,8,10,1,89000,0.1,80100,25000,55100
SO102784,20250405,11,219,7,10,3,199000,0.0,597000,255000,342000
SO104136,20250405,13,123,17,1,2,89000,0.0,178000,50000,128000
SO106043,20250405,20,198,9,5,3,129000,0.05,367600,165000,202600
SO104780,20250405,8,209,1,10,3,799000,0.0,2397000,1260000,1137000
SO109216,20250405,13,255,1,11,5,89000,0.05,422800,125000,297800
SO107309,20250405,16,114,7,2,4,1599000,0.0,6396000,3680000,2716000
SO108482,20250405,13,40,5,6,3,89000,0.0,267000,75000,192000
SO100678,20250405,13,33,10,4,4,89000,0.0,356000,100000,256000
SO108804,20250405,17,2,1,4,5,329000,0.0,1645000,750000,895000
SO105241,20250406,13,10,2,11,1,89000,0.05,84600,25000,59600
SO105694,20250406,14,72,6,9,5,59000,0.0,295000,60000,235000
SO110500,20250406,19,88,6,9,5,169000,0.0,845000,375000,470000
SO106344,20250406,11,65,8,3,3,199000,0.0,597000,255000,342000
SO111428,20250406,10,235,15,4,1,599000,0.05,569000,310000,259000
SO108981,20250406,18,167,4,12,4,649000,0.0,2596000,1280000,1316000
SO101008,20250406,17,276,7,10,3,329000,0.0,987000,450000,537000
SO103203,20250406,16,246,3,4,2,1599000,0.05,3038100,1840000,1198100
SO105849,20250406,9,8,8,8,3,349000,0.0,1047000,570000,477000
SO110641,20250406,7,28,2,12,4,499000,0.0,1996000,1120000,876000
SO104769,20250407,9,7,8,4,4,349000,0.0,1396000,760000,636000
SO109893,20250407,10,29,1,10,4,599000,0.0,2396000,1240000,1156000
SO111641,20250407,11,290,14,9,3,199000,0.0,597000,255000,342000
SO108167,20250407,13,223,3,12,1,89000,0.05,84600,25000,59600
SO110807,20250407,9,62,14,7,1,349000,0.0,349000,190000,159000
SO106334,20250407,14,45,8,3,2,59000,0.0,118000,24000,94000
SO106119,20250407,15,281,3,8,1,899000,0.0,899000,480000,419000
SO111336,20250407,5,128,5,8,3,3999000,0.0,11997000,8700000,3297000
SO105364,20250407,11,20,1,2,2,199000,0.0,398000,170000,228000
SO105512,20250407,14,163,14,7,4,59000,0.05,224200,48000,176200
SO102855,20250407,9,83,8,2,5,349000,0.0,1745000,950000,795000
SO106948,20250407,19,170,3,9,4,169000,0.0,676000,300000,376000
SO105850,20250407,14,144,1,4,1,59000,0.0,59000,12000,47000
SO103722,20250407,11,57,1,5,1,199000,0.0,199000,85000,114000
SO111059,20250407,9,188,1,7,1,349000,0.0,349000,190000,159000
SO102065,20250407,12,52,3,2,3,299000,0.0,897000,360000,537000
SO103861,20250407,8,162,1,12,5,799000,0.1,3595500,2100000,1495500
SO100990,20250408,13,268,8,12,5,89000,0.0,445000,125000,320000
SO102902,20250408,14,10,2,12,2,59000,0.0,118000,24000,94000
SO108005,20250408,8,218,3,11,1,799000,0.1,719100,420000,299100
SO104072,20250408,15,161,2,9,2,899000,0.0,1798000,960000,838000
SO110299,20250408,14,151,1,3,1,59000,0.05,56000,12000,44000
SO110692,20250408,18,287,6,4,5,649000,0.0,3245000,1600000,1645000
SO110830,20250408,19,123,17,6,3,169000,0.0,507000,225000,282000
SO101542,20250408,14,171,1,8,2,59000,0.0,118000,24000,94000
SO109241,20250408,13,85,3,4,1,89000,0.0,89000,25000,64000
SO111023,20250408,6,8,8,12,2,2199000,0.0,4398000,2700000,1698000
SO107615,20250408,15,240,8,10,5,899000,0.0,4495000,2400000,2095000
SO109927,20250408,11,265,14,12,2,199000,0.05,378100,170000,208100
SO104486,20250408,8,116,1,1,1,799000,0.05,759000,420000,339000
SO103830,20250408,7,183,2,2,4,499000,0.0,1996000,1120000,876000
SO111193,20250408,6,82,3,5,1,2199000,0.1,1979100,1350000,629100
SO105567,20250408,13,108,4,9,2,89000,0.0,178000,50000,128000
SO106416,20250408,9,126,1,6,4,349000,0.0,1396000,760000,636000
SO101880,20250408,19,214,3,6,1,169000,0.0,169000,75000,94000
SO104715,20250408,13,262,1,7,3,89000,0.0,267000,75000,192000
SO102398,20250409,16,49,1,7,3,1599000,0.0,4797000,2760000,2037000
SO102951,20250409,17,92,3,12,4,329000,0.0,1316000,600000,716000
SO109824,20250409,18,184,6,5,2,649000,0.1,1168200,640000,528200
SO111712,20250409,19,9,8,12,4,169000,0.0,676000,300000,376000
SO105856,20250409,15,238,3,4,4,899000,0.0,3596000,1920000,1676000
SO107880,20250409,13,10,2,1,1,89000,0.0,89000,25000,64000
SO109435,20250409,2,249,1,4,3,4499000,0.1,12147300,9300000,2847300
SO110129,20250409,11,4,3,11,1,199000,0.05,189000,85000,104000
SO110044,20250409,13,68,4,2,4,89000,0.0,356000,100000,256000
SO102782,20250409,3,78,1,2,5,1999000,0.0,9995000,7250000,2745000
SO103981,20250409,9,5,1,12,2,349000,0.0,698000,380000,318000
SO104485,20250409,11,214,3,11,1,199000,0.0,199000,85000,114000
SO109123,20250409,14,241,4,7,1,59000,0.0,59000,12000,47000
SO106068,20250409,19,158,3,10,1,169000,0.0,169000,75000,94000
SO102647,20250409,8,283,11,5,1,799000,0.05,759000,420000,339000
SO105915,20250410,14,35,6,10,3,59000,0.0,177000,36000,141000
SO110619,20250410,19,253,1,2,3,169000,0.05,481600,225000,256600
SO102406,20250410,8,141,3,2,5,799000,0.0,3995000,2100000,1895000
SO106182,20250410,13,157,12,4,3,89000,0.0,267000,75000,192000
SO101333,20250410,15,240,8,11,2,899000,0.05,1708100,960000,748100
SO108475,20250410,10,242,13,12,3,599000,0.0,1797000,930000,867000
SO108980,20250410,20,276,7,8,3,129000,0.0,387000,165000,222000
SO111603,20250410,11,87,6,12,1,199000,0.05,189000,85000,104000
SO102206,20250410,9,124,15,5,4,349000,0.1,1256400,760000,496400
SO107612,20250410,19,19,1,6,1,169000,0.0,169000,75000,94000
SO103146,20250410,10,247,3,4,4,599000,0.05,2276200,1240000,1036200
SO106739,20250410,13,234,2,12,3,89000,0.0,267000,75000,192000
SO101108,20250410,17,44,5,9,1,329000,0.0,329000,150000,179000
SO108047,20250410,6,283,11,12,1,2199000,0.0,2199000,1350000,849000
SO101353,20250411,20,166,4,3,5,129000,0.0,645000,275000,370000
SO105689,20250411,1,53,1,9,2,13999000,0.0,27998000,19600000,8398000
SO109628,20250411,9,225,7,10,3,349000,0.05,994600,570000,424600
SO111019,20250411,15,202,1,4,2,899000,0.0,1798000,960000,838000
SO106913,20250411,19,56,7,6,2,169000,0.0,338000,150000,188000
SO110460,20250411,5,293,17,7,3,3999000,0.1,10797300,8700000,2097300
SO110063,20250411,12,216,2,6,3,299000,0.0,897000,360000,537000
SO111065,20250411,11,236,3,12,2,199000,0.0,398000,170000,228000
SO104179,20250411,12,170,3,12,2,299000,0.1,538200,240000,298200
SO108381,20250411,6,73,1,3,5,2199000,0.05,10445200,6750000,3695200
SO103290,20250411,14,137,6,2,2,59000,0.0,118000,24000,94000
SO105192,20250411,13,258,2,2,4,89000,0.0,356000,100000,256000
SO105968,20250411,14,163,14,4,1,59000,0.05,56000,12000,44000
SO104642,20250411,8,293,17,10,5,799000,0.0,3995000,2100000,1895000
SO111665,20250411,19,112,4,11,2,169000,0.05,321100,150000,171100
SO105088,20250411,12,258,2,7,5,299000,0.0,1495000,600000,895000
SO111122,20250412,4,281,3,9,4,8999000,0.0,35996000,24800000,11196000
SO101094,20250412,16,182,14,6,1,1599000,0.0,1599000,920000,679000
SO102193,20250412,6,228,3,10,3,2199000,0.0,6597000,4050000,2547000
SO109640,20250412,1,216,2,2,5,13999000,0.0,69995000,49000000,20995000
SO110334,20250412,20,176,1,5,3,129000,0.0,387000,165000,222000
SO110868,20250412,13,103,8,3,5,89000,0.0,445000,125000,320000
SO102921,20250412,20,259,7,5,1,129000,0.0,129000,55000,74000
SO108902,20250412,13,139,2,7,2,89000,0.1,160200,50000,110200
SO105053,20250412,7,59,1,1,5,499000,0.0,2495000,1400000,1095000
SO104724,20250412,12,133,1,12,1,299000,0.0,299000,120000,179000
SO111166,20250412,20,121,13,2,4,129000,0.0,516000,220000,296000
SO102036,20250412,14,127,2,11,2,59000,0.0,118000,24000,94000
SO107728,20250412,17,119,8,8,3,329000,0.0,987000,450000,537000
SO110566,20250412,3,117,2,9,3,1999000,0.0,5997000,4350000,1647000
SO111945,20250412,12,295,8,9,4,299000,0.0,1196000,480000,716000
SO110940,20250413,19,76,9,10,1,169000,0.0,169000,75000,94000
SO104279,20250413,18,9,8,8,3,649000,0.0,1947000,960000,987000
SO107782,20250413,13,61,11,6,5,89000,0.0,445000,125000,320000
SO100601,20250413,5,118,2,9,5,3999000,0.0,19995000,14500000,5495000
SO100370,20250413,8,171,1,8,5,799000,0.0,3995000,2100000,1895000
SO108674,20250413,12,116,1,10,5,299000,0.05,1420200,600000,820200
SO111125,20250413,19,190,10,1,3,169000,0.0,507000,225000,282000
SO110322,20250413,7,144,1,12,1,499000,0.0,499000,280000,219000
SO111522,20250413,12,133,1,3,5,299000,0.0,1495000,600000,895000
SO105600,20250413,12,110,2,1,5,299000,0.0,1495000,600000,895000
SO105450,20250413,11,3,1,5,1,199000,0.05,189000,85000,104000
SO102485,20250413,7,242,13,7,3,499000,0.05,1422200,840000,582200
SO105206,20250413,17,275,3,11,2,329000,0.0,658000,300000,358000
SO111980,20250414,19,114,7,5,2,169000,0.05,321100,150000,171100
SO110841,20250414,11,68,4,1,1,199000,0.0,199000,85000,114000
SO104248,20250414,14,122,18,2,3,59000,0.0,177000,36000,141000
SO107926,20250414,13,286,4,9,4,89000,0.0,356000,100000,256000
SO103093,20250414,4,258,2,1,1,8999000,0.0,8999000,6200000,2799000
SO103278,20250414,8,224,1,3,2,799000,0.05,1518100,840000,678100
SO108872,20250414,13,215,14,4,1,89000,0.0,89000,25000,64000
SO107849,20250414,17,196,1,7,2,329000,0.0,658000,300000,358000
SO105359,20250414,11,50,9,9,5,199000,0.1,895500,425000,470500
SO100200,20250414,13,259,7,11,3,89000,0.0,267000,75000,192000
SO105744,20250414,12,36,1,3,2,299000,0.05,568100,240000,328100
SO110429,20250414,12,151,1,11,4,299000,0.1,1076400,480000,596400
SO101246,20250414,11,130,11,7,5,199000,0.0,995000,425000,570000
SO108410,20250414,17,103,8,9,4,329000,0.0,1316000,600000,716000
SO107652,20250414,13,163,14,10,1,89000,0.0,89000,25000,64000
SO107278,20250414,19,234,2,12,3,169000,0.05,481600,225000,256600
SO105848,20250414,15,102,1,4,3,899000,0.05,2562200,1440000,1122200
SO105681,20250414,11,75,12,6,1,199000,0.05,189000,85000,104000
SO101374,20250414,7,261,2,9,4,499000,0.0,1996000,1120000,876000
SO105833,20250414,14,279,12,4,5,59000,0.05,280200,60000,220200
SO102726,20250414,12,82,3,12,3,299000,0.05,852200,360000,492200
SO101170,20250414,14,192,3,7,1,59000,0.0,59000,12000,47000
SO101975,20250414,14,89,3,5,4,59000,0.0,236000,48000,188000
SO106047,20250415,19,150,11,3,1,169000,0.1,152100,75000,77100
SO102639,20250415,20,51,4,10,4,129000,0.1,464400,220000,244400
SO101653,20250415,10,124,15,8,1,599000,0.0,599000,310000,289000
SO104680,20250415,5,12,6,10,3,3999000,0.05,11397200,8700000,2697200
SO108492,20250415,12,100,15,12,3,299000,0.05,852200,360000,492200
SO100819,20250415,14,275,3,7,2,59000,0.05,112100,24000,88100
SO109834,20250415,15,54,12,3,5,899000,0.0,4495000,2400000,2095000
SO107645,20250415,8,20,1,1,2,799000,0.05,1518100,840000,678100
SO108521,20250415,11,219,7,3,5,199000,0.05,945200,425000,520200
SO109127,20250415,10,163,14,11,2,599000,0.0,1198000,620000,578000
SO111803,20250415,6,235,15,3,3,2199000,0.0,6597000,4050000,2547000
SO103428,20250415,9,198,9,10,4,349000,0.0,1396000,760000,636000
SO110717,20250415,3,264,7,7,3,1999000,0.0,5997000,4350000,1647000
SO109552,20250415,18,147,12,4,5,649000,0.05,3082800,1600000,1482800
SO103839,20250415,14,239,5,9,1,59000,0.1,53100,12000,41100
SO103459,20250415,14,280,6,9,2,59000,0.1,106200,24000,82200
SO109741,20250415,14,65,8,5,5,59000,0.0,295000,60000,235000
SO105307,20250415,16,131,6,2,1,1599000,0.0,1599000,920000,679000
SO108542,20250415,17,226,11,8,5,329000,0.05,1562800,750000,812800
SO109755,20250415,11,30,6,6,4,199000,0.05,756200,340000,416200
SO104204,20250416,13,42,7,5,3,89000,0.05,253600,75000,178600
SO105034,20250416,8,142,8,10,5,799000,0.0,3995000,2100000,1895000
SO109276,20250416,10,6,1,12,1,599000,0.05,569000,310000,259000
SO103450,20250416,9,40,5,9,3,349000,0.05,994600,570000,424600
SO107005,20250416,20,8,8,3,4,129000,0.0,516000,220000,296000
SO107021,20250416,8,147,12,2,4,799000,0.0,3196000,1680000,1516000
SO103915,20250416,14,34,1,2,4,59000,0.0,236000,48000,188000
SO106520,20250416,10,145,14,11,3,599000,0.05,1707200,930000,777200
SO109321,20250416,7,256,9,7,4,499000,0.05,1896200,1120000,776200
SO107175,20250416,9,24,12,2,2,349000,0.1,628200,380000,248200
SO101327,20250416,13,13,1,2,1,89000,0.0,89000,25000,64000
SO108921,20250416,13,140,3,7,2,89000,0.1,160200,50000,110200
SO103082,20250416,20,14,1,12,4,129000,0.1,464400,220000,244400
SO108912,20250416,13,73,1,4,5,89000,0.05,422800,125000,297800
SO111240,20250416,19,244,7,12,1,169000,0.0,169000,75000,94000
SO108934,20250416,19,40,5,2,5,169000,0.0,845000,375000,470000
SO103594,20250417,14,38,2,4,3,59000,0.0,177000,36000,141000
SO107521,20250417,13,207,18,6,3,89000,0.0,267000,75000,192000
SO108500,20250417,14,141,3,7,3,59000,0.05,168200,36000,132200
SO105249,20250417,17,9,8,12,1,329000,0.05,312600,150000,162600
SO110435,20250417,17,278,3,10,1,329000,0.0,329000,150000,179000
SO105177,20250417,11,239,5,9,4,199000,0.0,796000,340000,456000
SO107686,20250417,14,7,8,10,2,59000,0.0,118000,24000,94000
SO104316,20250417,14,157,12,6,2,59000,0.0,118000,24000,94000
SO104707,20250417,20,203,14,1,2,129000,0.05,245100,110000,135100
SO109719,20250417,13,211,1,10,1,89000,0.0,89000,25000,64000
SO111307,20250417,5,150,11,7,2,3999000,0.1,7198200,5800000,1398200
SO108255,20250417,14,288,2,10,3,59000,0.05,168200,36000,132200
SO102088,20250417,3,88,6,10,1,1999000,0.0,1999000,1450000,549000
SO103009,20250418,15,299,1,9,2,899000,0.05,1708100,960000,748100
SO107624,20250418,9,27,6,9,2,349000,0.0,698000,380000,318000
SO110542,20250418,3,269,15,1,5,1999000,0.0,9995000,7250000,2745000
SO106668,20250418,12,288,2,5,2,299000,0.0,598000,240000,358000
SO100578,20250418,13,272,6,10,2,89000,0.0,178000,50000,128000
SO106050,20250418,12,285,5,12,1,299000,0.0,299000,120000,179000
SO103591,20250418,16,210,3,11,4,1599000,0.0,6396000,3680000,2716000
SO101198,20250418,7,99,3,3,3,499000,0.0,1497000,840000,657000
SO105087,20250418,7,240,8,7,1,499000,0.1,449100,280000,169100
SO110070,20250418,1,115,4,12,5,13999000,0.0,69995000,49000000,20995000
SO101244,20250418,13,133,1,3,4,89000,0.0,356000,100000,256000
SO100035,20250418,13,84,12,5,3,89000,0.05,253600,75000,178600
SO107015,20250418,12,184,6,3,3,299000,0.1,807300,360000,447300
SO107513,20250419,19,124,15,11,5,169000,0.1,760500,375000,385500
SO104307,20250419,14,245,3,5,5,59000,0.0,295000,60000,235000
SO111533,20250419,19,80,1,12,1,169000,0.0,169000,75000,94000
SO111987,20250419,18,212,1,8,5,649000,0.05,3082800,1600000,1482800
SO101201,20250419,14,230,8,3,4,59000,0.0,236000,48000,188000
SO101548,20250419,11,80,1,4,2,199000,0.05,378100,170000,208100
SO108007,20250419,3,44,5,1,5,1999000,0.05,9495200,7250000,2245200
SO106929,20250419,8,194,14,9,1,799000,0.0,799000,420000,379000
SO104991,20250419,12,297,4,5,5,299000,0.05,1420200,600000,820200
SO102984,20250419,15,280,6,10,4,899000,0.0,3596000,1920000,1676000
SO110198,20250419,12,31,2,4,3,299000,0.1,807300,360000,447300
SO103707,20250419,20,81,17,6,2,129000,0.0,258000,110000,148000
SO107577,20250419,15,125,1,2,5,899000,0.0,4495000,2400000,2095000
SO103246,20250420,14,36,1,11,3,59000,0.0,177000,36000,141000
SO103494,20250420,11,210,3,6,4,199000,0.0,796000,340000,456000
SO111559,20250420,18,157,12,3,1,649000,0.0,649000,320000,329000
SO107154,20250420,11,242,13,7,1,199000,0.0,199000,85000,114000
SO102618,20250420,7,201,9,2,2,499000,0.0,998000,560000,438000
SO106226,20250420,20,196,1,2,1,129000,0.0,129000,55000,74000
SO100541,20250420,7,115,4,6,3,499000,0.0,1497000,840000,657000
SO108006,20250420,16,102,1,2,5,1599000,0.0,7995000,4600000,3395000
SO108622,20250420,19,182,14,3,3,169000,0.1,456300,225000,231300
SO100868,20250420,13,84,12,9,5,89000,0.05,422800,125000,297800
SO109502,20250420,17,263,2,11,4,329000,0.05,1250200,600000,650200
SO109988,20250421,20,63,1,4,3,129000,0.0,387000,165000,222000
SO101970,20250421,4,298,3,6,3,8999000,0.0,26997000,18600000,8397000
SO110598,20250421,14,112,4,1,2,59000,0.05,112100,24000,88100
SO107739,20250421,14,199,6,8,1,59000,0.0,59000,12000,47000
SO103032,20250421,3,256,9,2,3,1999000,0.0,5997000,4350000,1647000
SO104181,20250421,3,79,8,2,3,1999000,0.05,5697200,4350000,1347200
SO103753,20250421,14,71,9,3,4,59000,0.05,224200,48000,176200
SO101709,20250421,1,232,5,1,5,13999000,0.0,69995000,49000000,20995000
SO107170,20250421,6,208,2,6,2,2199000,0.05,4178100,2700000,1478100
SO105418,20250421,16,187,5,10,5,1599000,0.0,7995000,4600000,3395000
SO111867,20250421,16,247,3,12,2,1599000,0.0,3198000,1840000,1358000
SO104336,20250421,10,67,3,7,3,599000,0.0,1797000,930000,867000
SO108705,20250421,8,288,2,9,2,799000,0.05,1518100,840000,678100
SO110824,20250421,13,174,4,9,2,89000,0.1,160200,50000,110200
SO106358,20250421,12,157,12,1,2,299000,0.0,598000,240000,358000
SO103134,20250422,9,237,8,11,1,349000,0.05,331600,190000,141600
SO106403,20250422,5,134,2,1,2,3999000,0.0,7998000,5800000,2198000
SO111372,20250422,8,22,6,10,5,799000,0.0,3995000,2100000,1895000
SO111619,20250422,13,77,1,2,5,89000,0.0,445000,125000,320000
SO108523,20250422,8,267,5,3,3,799000,0.05,2277200,1260000,1017200
SO109079,20250422,7,146,1,5,1,499000,0.1,449100,280000,169100
SO110469,20250422,13,120,12,5,1,89000,0.0,89000,25000,64000
SO105506,20250422,13,243,3,5,2,89000,0.0,178000,50000,128000
SO100874,20250422,2,41,3,4,1,4499000,0.1,4049100,3100000,949100
SO105051,20250422,19,93,1,2,5,169000,0.05,802800,375000,427800
SO102748,20250422,11,245,3,10,2,199000,0.0,398000,170000,228000
SO101367,20250423,14,3,1,10,1,59000,0.0,59000,12000,47000
SO107241,20250423,5,211,1,8,2,3999000,0.0,7998000,5800000,2198000
SO100880,20250423,20,202,1,8,3,129000,0.05,367600,165000,202600
SO110367,20250423,19,164,12,9,4,169000,0.1,608400,300000,308400
SO104067,20250423,15,47,3,11,1,899000,0.1,809100,480000,329100
SO111014,20250423,18,204,3,12,2,649000,0.0,1298000,640000,658000
SO108033,20250423,13,265,14,2,4,89000,0.1,320400,100000,220400
SO102611,20250423,1,137,6,5,2,13999000,0.1,25198200,19600000,5598200
SO104765,20250423,14,274,17,5,5,59000,0.0,295000,60000,235000
SO100741,20250423,13,64,3,10,1,89000,0.0,89000,25000,64000
SO103426,20250423,13,39,6,9,5,89000,0.05,422800,125000,297800
SO104528,20250424,12,294,8,2,4,299000,0.0,1196000,480000,716000
SO100101,20250424,12,291,14,6,5,299000,0.0,1495000,600000,895000
SO105385,20250424,15,299,1,4,1,899000,0.1,809100,480000,329100
SO109038,20250424,20,271,2,1,3,129000,0.0,387000,165000,222000
SO111176,20250424,13,264,7,7,2,89000,0.0,178000,50000,128000
SO106697,20250424,8,7,8,11,5,799000,0.0,3995000,2100000,1895000
SO111683,20250424,10,36,1,6,3,599000,0.0,1797000,930000,867000
SO106053,20250424,18,22,6,9,3,649000,0.05,1849600,960000,889600
SO110102,20250424,13,26,5,10,4,89000,0.0,356000,100000,256000
SO102048,20250424,20,60,1,10,3,129000,0.1,348300,165000,183300
SO106074,20250424,10,276,7,7,4,599000,0.0,2396000,1240000,1156000
SO105898,20250424,13,228,3,7,2,89000,0.0,178000,50000,128000
SO106407,20250424,13,21,18,12,4,89000,0.0,356000,100000,256000
SO110200,20250424,13,269,15,7,4,89000,0.05,338200,100000,238200
SO110391,20250425,7,132,5,6,3,499000,0.15,1272400,840000,432400
SO105369,20250425,6,26,5,1,5,2199000,0.0,10995000,6750000,4245000
SO100595,20250425,9,163,14,3,3,349000,0.05,994600,570000,424600
SO108960,20250425,16,74,13,7,4,1599000,0.0,6396000,3680000,2716000
SO108594,20250425,18,190,10,8,4,649000,0.0,2596000,1280000,1316000
SO111402,20250425,15,287,6,2,1,899000,0.0,899000,480000,419000
SO101731,20250425,19,58,16,9,2,169000,0.0,338000,150000,188000
SO100408,20250425,7,2,1,2,1,499000,0.05,474000,280000,194000
SO110248,20250425,7,48,4,12,2,499000,0.05,948100,560000,388100
SO108664,20250425,10,168,4,9,1,599000,0.0,599000,310000,289000
SO108319,20250425,18,239,5,4,4,649000,0.05,2466200,1280000,1186200
SO102218,20250426,17,55,3,10,1,329000,0.0,329000,150000,179000
SO104687,20250426,9,173,15,12,4,349000,0.0,1396000,760000,636000
SO100073,20250426,8,260,1,7,1,799000,0.05,759000,420000,339000
SO107725,20250426,14,78,1,5,1,59000,0.0,59000,12000,47000
SO102582,20250426,14,108,4,12,5,59000,0.0,295000,60000,235000
SO103585,20250426,14,107,1,1,2,59000,0.05,112100,24000,88100
SO109688,20250426,12,22,6,7,4,299000,0.0,1196000,480000,716000
SO110963,20250426,16,138,8,4,2,1599000,0.0,3198000,1840000,1358000
SO111502,20250426,11,41,3,7,1,199000,0.0,199000,85000,114000
SO100726,20250426,6,268,8,11,3,2199000,0.0,6597000,4050000,2547000
SO107459,20250426,17,279,12,7,5,329000,0.0,1645000,750000,895000
SO106313,20250426,7,293,17,1,2,499000,0.05,948100,560000,388100
SO110697,20250426,14,61,11,2,2,59000,0.0,118000,24000,94000
SO109128,20250426,8,129,1,4,4,799000,0.0,3196000,1680000,1516000
SO111531,20250426,3,224,1,2,1,1999000,0.05,1899000,1450000,449000
SO101587,20250427,20,93,1,6,2,129000,0.0,258000,110000,148000
SO109944,20250427,10,210,3,12,4,599000,0.0,2396000,1240000,1156000
SO101727,20250427,17,253,1,9,2,329000,0.1,592200,300000,292200
SO106638,20250427,14,184,6,7,1,59000,0.0,59000,12000,47000
SO105363,20250427,12,255,1,9,4,299000,0.05,1136200,480000,656200
SO105939,20250427,7,261,2,8,1,499000,0.1,449100,280000,169100
SO107436,20250427,13,129,1,10,2,89000,0.05,169100,50000,119100
SO106295,20250427,13,210,3,2,4,89000,0.0,356000,100000,256000
SO109957,20250427,14,26,5,11,2,59000,0.0,118000,24000,94000
SO104345,20250427,16,99,3,12,4,1599000,0.0,6396000,3680000,2716000
SO104365,20250428,9,63,1,1,4,349000,0.05,1326200,760000,566200
SO105815,20250428,18,259,7,8,4,649000,0.05,2466200,1280000,1186200
SO106181,20250428,14,238,3,9,3,59000,0.05,168200,36000,132200
SO103735,20250428,18,119,8,1,4,649000,0.05,2466200,1280000,1186200
SO108222,20250428,17,158,3,7,5,329000,0.1,1480500,750000,730500
SO110140,20250428,19,256,9,4,4,169000,0.05,642200,300000,342200
SO110136,20250428,17,149,2,4,5,329000,0.0,1645000,750000,895000
SO100866,20250428,19,151,1,10,2,169000,0.0,338000,150000,188000
SO109126,20250428,11,299,1,6,2,199000,0.0,398000,170000,228000
SO110705,20250428,13,68,4,7,4,89000,0.05,338200,100000,238200
SO105618,20250428,13,233,7,12,5,89000,0.15,378200,125000,253200
SO109198,20250428,19,124,15,8,1,169000,0.05,160600,75000,85600
SO101694,20250428,19,208,2,6,1,169000,0.1,152100,75000,77100
SO108567,20250429,9,277,1,3,2,349000,0.0,698000,380000,318000
SO108296,20250429,12,150,11,7,5,299000,0.0,1495000,600000,895000
SO102296,20250429,9,195,3,11,2,349000,0.0,698000,380000,318000
SO110822,20250429,7,143,9,7,3,499000,0.05,1422200,840000,582200
SO103229,20250429,14,155,8,3,3,59000,0.0,177000,36000,141000
SO107976,20250429,6,45,8,11,2,2199000,0.0,4398000,2700000,1698000
SO101627,20250429,17,159,4,7,4,329000,0.05,1250200,600000,650200
SO106740,20250429,13,107,1,4,1,89000,0.05,84600,25000,59600
SO106761,20250429,10,239,5,11,1,599000,0.05,569000,310000,259000
SO111835,20250430,19,5,1,12,2,169000,0.0,338000,150000,188000
SO103261,20250430,20,290,14,5,2,129000,0.0,258000,110000,148000
SO106523,20250430,16,263,2,3,2,1599000,0.0,3198000,1840000,1358000
SO106513,20250430,18,43,8,12,4,649000,0.05,2466200,1280000,1186200
SO105901,20250430,14,113,15,2,3,59000,0.1,159300,36000,123300
SO104233,20250430,11,261,2,6,5,199000,0.0,995000,425000,570000
SO103314,20250430,14,248,1,6,4,59000,0.0,236000,48000,188000
SO101923,20250430,19,143,9,6,3,169000,0.15,431000,225000,206000
SO109906,20250430,6,284,2,4,1,2199000,0.05,2089000,1350000,739000
SO109255,20250430,19,159,4,5,2,169000,0.0,338000,150000,188000
SO103853,20250430,19,268,8,11,4,169000,0.05,642200,300000,342200
SO100714,20250501,15,224,1,4,4,899000,0.05,3416200,1920000,1496200
SO100220,20250501,17,97,1,5,4,329000,0.0,1316000,600000,716000
SO108525,20250501,20,200,8,7,4,129000,0.0,516000,220000,296000
SO111730,20250501,8,202,1,8,1,799000,0.05,759000,420000,339000
SO105902,20250501,2,11,12,4,1,4499000,0.0,4499000,3100000,1399000
SO107450,20250501,15,87,6,11,5,899000,0.0,4495000,2400000,2095000
SO105441,20250501,9,117,2,6,4,349000,0.0,1396000,760000,636000
SO107192,20250501,18,128,5,1,2,649000,0.0,1298000,640000,658000
SO108117,20250502,17,2,1,6,5,329000,0.0,1645000,750000,895000
SO104920,20250502,14,284,2,12,2,59000,0.05,112100,24000,88100
SO109178,20250502,11,174,4,1,2,199000,0.0,398000,170000,228000
SO108673,20250502,11,152,3,8,5,199000,0.0,995000,425000,570000
SO100648,20250502,19,101,2,7,4,169000,0.05,642200,300000,342200
SO106057,20250502,19,229,12,9,3,169000,0.0,507000,225000,282000
SO109680,20250502,8,101,2,4,3,799000,0.1,2157300,1260000,897300
SO109061,20250502,15,139,2,10,5,899000,0.1,4045500,2400000,1645500
SO106397,20250502,13,48,4,5,3,89000,0.0,267000,75000,192000
SO107695,20250502,17,52,3,9,3,329000,0.0,987000,450000,537000
SO109718,20250502,8,68,4,8,5,799000,0.0,3995000,2100000,1895000
SO108858,20250503,14,251,7,4,2,59000,0.0,118000,24000,94000
SO107509,20250503,10,4,3,8,4,599000,0.0,2396000,1240000,1156000
SO105731,20250503,13,107,1,9,3,89000,0.1,240300,75000,165300
SO100411,20250503,18,12,6,5,2,649000,0.0,1298000,640000,658000
SO108111,20250503,5,91,14,7,3,3999000,0.0,11997000,8700000,3297000
SO100582,20250503,8,74,13,5,3,799000,0.0,2397000,1260000,1137000
SO111588,20250503,17,71,9,8,2,329000,0.1,592200,300000,292200
SO102480,20250503,14,217,8,8,4,59000,0.0,236000,48000,188000
SO103266,20250503,11,50,9,1,4,199000,0.0,796000,340000,456000
SO104664,20250503,20,1,2,12,1,129000,0.0,129000,55000,74000
SO101555,20250503,14,82,3,3,2,59000,0.0,118000,24000,94000
SO105808,20250504,4,173,15,12,1,8999000,0.0,8999000,6200000,2799000
SO103637,20250504,20,47,3,11,1,129000,0.0,129000,55000,74000
SO104391,20250504,17,133,1,4,2,329000,0.0,658000,300000,358000
SO108977,20250504,13,151,1,1,5,89000,0.0,445000,125000,320000
SO108088,20250504,17,297,4,6,4,329000,0.0,1316000,600000,716000
SO105988,20250504,14,95,3,5,4,59000,0.0,236000,48000,188000
SO101905,20250504,18,91,14,12,3,649000,0.0,1947000,960000,987000
SO100637,20250504,18,154,2,12,2,649000,0.0,1298000,640000,658000
SO107448,20250504,14,117,2,9,5,59000,0.05,280200,60000,220200
SO103106,20250504,14,105,2,11,2,59000,0.05,112100,24000,88100
SO111464,20250504,14,257,12,2,2,59000,0.0,118000,24000,94000
SO101580,20250504,7,138,8,3,5,499000,0.0,2495000,1400000,1095000
SO102389,20250504,14,39,6,6,2,59000,0.0,118000,24000,94000
SO103457,20250504,6,243,3,9,3,2199000,0.0,6597000,4050000,2547000
SO104069,20250505,9,222,15,3,1,349000,0.0,349000,190000,159000
SO105357,20250505,20,285,5,3,5,129000,0.0,645000,275000,370000
SO110593,20250505,17,69,8,1,5,329000,0.0,1645000,750000,895000
SO101464,20250505,20,9,8,5,2,129000,0.0,258000,110000,148000
SO104671,20250505,14,269,15,5,3,59000,0.0,177000,36000,141000
SO105236,20250505,10,107,1,11,2,599000,0.1,1078200,620000,458200
SO103303,20250505,10,41,3,11,5,599000,0.0,2995000,1550000,1445000
SO104561,20250505,4,265,14,2,4,8999000,0.05,34196200,24800000,9396200
SO106766,20250505,19,182,14,4,4,169000,0.05,642200,300000,342200
SO104824,20250505,20,294,8,2,3,129000,0.05,367600,165000,202600
SO100527,20250506,14,136,11,9,5,59000,0.0,295000,60000,235000
SO107823,20250506,1,154,2,2,5,13999000,0.0,69995000,49000000,20995000
SO111417,20250506,11,176,1,7,1,199000,0.0,199000,85000,114000
SO110131,20250506,8,140,3,9,2,799000,0.0,1598000,840000,758000
SO111497,20250506,15,28,2,5,5,899000,0.0,4495000,2400000,2095000
SO100415,20250506,13,229,12,8,1,89000,0.0,89000,25000,64000
SO101002,20250506,6,227,1,1,2,2199000,0.0,4398000,2700000,1698000
SO107179,20250506,9,262,1,4,2,349000,0.0,698000,380000,318000
SO105812,20250506,6,124,15,2,2,2199000,0.0,4398000,2700000,1698000
SO104354,20250506,20,190,10,5,1,129000,0.0,129000,55000,74000
SO107821,20250506,12,179,2,9,1,299000,0.05,284000,120000,164000
SO101760,20250506,10,30,6,5,2,599000,0.0,1198000,620000,578000
SO101136,20250507,9,88,6,8,4,349000,0.05,1326200,760000,566200
SO108788,20250507,19,128,5,10,3,169000,0.0,507000,225000,282000
SO104249,20250507,13,184,6,2,3,89000,0.0,267000,75000,192000
SO108386,20250507,14,18,18,6,2,59000,0.05,112100,24000,88100
SO107828,20250507,13,176,1,12,1,89000,0.05,84600,25000,59600
SO101290,20250507,11,223,3,6,1,199000,0.0,199000,85000,114000
SO110829,20250507,19,267,5,7,5,169000,0.05,802800,375000,427800
SO100439,20250507,19,65,8,5,3,169000,0.0,507000,225000,282000
SO107004,20250507,11,73,1,5,3,199000,0.1,537300,255000,282300
SO102117,20250507,13,164,12,2,4,89000,0.0,356000,100000,256000
SO107887,20250507,14,210,3,8,2,59000,0.1,106200,24000,82200
SO107430,20250508,12,153,3,10,4,299000,0.0,1196000,480000,716000
SO105484,20250508,9,270,6,7,3,349000,0.1,942300,570000,372300
SO110317,20250508,8,282,14,4,4,799000,0.05,3036200,1680000,1356200
SO100048,20250508,20,281,3,1,5,129000,0.0,645000,275000,370000
SO103689,20250508,3,72,6,3,3,1999000,0.05,5697200,4350000,1347200
SO101946,20250508,14,186,3,2,5,59000,0.0,295000,60000,235000
SO104596,20250508,13,80,1,1,1,89000,0.0,89000,25000,64000
SO103818,20250508,10,211,1,10,2,599000,0.1,1078200,620000,458200
SO111884,20250508,14,197,3,9,1,59000,0.0,59000,12000,47000
SO109423,20250508,20,229,12,1,2,129000,0.05,245100,110000,135100
SO106326,20250508,13,3,1,2,4,89000,0.0,356000,100000,256000
SO100584,20250508,3,142,8,2,3,1999000,0.0,5997000,4350000,1647000
SO108658,20250508,19,107,1,11,2,169000,0.0,338000,150000,188000
SO100785,20250508,11,224,1,9,4,199000,0.05,756200,340000,416200
SO102387,20250509,18,79,8,1,3,649000,0.0,1947000,960000,987000
SO110356,20250509,9,277,1,3,3,349000,0.0,1047000,570000,477000
SO109579,20250509,13,108,4,2,4,89000,0.0,356000,100000,256000
SO100634,20250509,13,251,7,12,2,89000,0.05,169100,50000,119100
SO105180,20250509,8,269,15,9,5,799000,0.05,3795200,2100000,1695200
SO105113,20250509,17,205,7,6,3,329000,0.05,937600,450000,487600
SO105816,20250509,17,97,1,12,2,329000,0.05,625100,300000,325100
SO100077,20250509,7,227,1,1,4,499000,0.0,1996000,1120000,876000
SO111485,20250510,16,234,2,2,5,1599000,0.0,7995000,4600000,3395000
SO101911,20250510,13,25,12,12,5,89000,0.0,445000,125000,320000
SO101474,20250510,10,215,14,11,3,599000,0.0,1797000,930000,867000
SO105822,20250510,20,146,1,12,1,129000,0.0,129000,55000,74000
SO110055,20250510,19,60,1,5,4,169000,0.0,676000,300000,376000
SO111039,20250510,18,70,8,4,2,649000,0.05,1233100,640000,593100
SO111290,20250510,3,140,3,1,4,1999000,0.05,7596200,5800000,1796200
SO103107,20250510,14,95,3,6,4,59000,0.0,236000,48000,188000
SO107625,20250510,3,23,1,4,1,1999000,0.1,1799100,1450000,349100
SO108933,20250511,12,28,2,3,4,299000,0.0,1196000,480000,716000
SO102655,20250511,14,174,4,2,1,59000,0.0,59000,12000,47000
SO104156,20250511,15,194,14,10,3,899000,0.0,2697000,1440000,1257000
SO111103,20250511,14,100,15,8,1,59000,0.1,53100,12000,41100
SO107794,20250511,3,121,13,6,5,1999000,0.0,9995000,7250000,2745000
SO111599,20250511,20,83,8,8,1,129000,0.0,129000,55000,74000
SO105630,20250511,13,190,10,3,4,89000,0.0,356000,100000,256000
SO110825,20250511,13,162,1,6,2,89000,0.05,169100,50000,119100
SO100449,20250511,11,207,18,5,3,199000,0.0,597000,255000,342000
SO104481,20250511,12,154,2,6,2,299000,0.0,598000,240000,358000
SO106953,20250511,14,108,4,7,3,59000,0.05,168200,36000,132200
SO105415,20250511,9,172,1,3,3,349000,0.0,1047000,570000,477000
SO100082,20250511,13,257,12,10,3,89000,0.0,267000,75000,192000
SO102366,20250511,18,167,4,12,3,649000,0.0,1947000,960000,987000
SO101168,20250511,19,105,2,1,3,169000,0.05,481600,225000,256600
SO102596,20250511,19,160,2,3,1,169000,0.0,169000,75000,94000
SO109981,20250512,9,28,2,3,3,349000,0.0,1047000,570000,477000
SO100075,20250512,13,158,3,4,1,89000,0.0,89000,25000,64000
SO104437,20250512,17,149,2,12,3,329000,0.0,987000,450000,537000
SO107675,20250512,20,163,14,10,5,129000,0.1,580500,275000,305500
SO104655,20250512,10,128,5,11,3,599000,0.05,1707200,930000,777200
SO107206,20250512,16,16,1,2,1,1599000,0.0,1599000,920000,679000
SO110864,20250513,14,217,8,7,3,59000,0.0,177000,36000,141000
SO104100,20250513,12,152,3,11,5,299000,0.05,1420200,600000,820200
SO108086,20250513,14,233,7,3,3,59000,0.1,159300,36000,123300
SO101505,20250513,20,34,1,2,5,129000,0.05,612800,275000,337800
SO102943,20250513,13,67,3,8,3,89000,0.0,267000,75000,192000
SO101304,20250513,19,182,14,10,3,169000,0.05,481600,225000,256600
SO111291,20250513,7,40,5,8,5,499000,0.05,2370200,1400000,970200
SO104014,20250513,5,64,3,2,1,3999000,0.1,3599100,2900000,699100
SO105285,20250513,14,126,1,1,5,59000,0.05,280200,60000,220200
SO100897,20250513,10,124,15,3,5,599000,0.0,2995000,1550000,1445000
SO104253,20250513,14,85,3,9,2,59000,0.05,112100,24000,88100
SO110669,20250514,10,189,18,8,5,599000,0.0,2995000,1550000,1445000
SO101174,20250514,19,272,6,3,5,169000,0.0,845000,375000,470000
SO100158,20250514,13,176,1,3,3,89000,0.0,267000,75000,192000
SO101676,20250514,19,151,1,8,2,169000,0.0,338000,150000,188000
SO104580,20250514,14,77,1,11,1,59000,0.05,56000,12000,44000
SO100542,20250514,7,71,9,8,4,499000,0.05,1896200,1120000,776200
SO108090,20250514,13,258,2,3,5,89000,0.05,422800,125000,297800
SO108339,20250514,7,298,3,8,3,499000,0.0,1497000,840000,657000
SO102615,20250514,16,234,2,12,5,1599000,0.0,7995000,4600000,3395000
SO109193,20250514,16,10,2,6,3,1599000,0.0,4797000,2760000,2037000
SO103468,20250515,8,146,1,9,2,799000,0.0,1598000,840000,758000
SO111507,20250515,10,107,1,9,2,599000,0.05,1138100,620000,518100
SO108608,20250515,15,165,9,10,4,899000,0.05,3416200,1920000,1496200
SO108379,20250515,7,201,9,12,1,499000,0.05,474000,280000,194000
SO110340,20250515,13,39,6,2,4,89000,0.0,356000,100000,256000
SO102417,20250515,10,173,15,11,3,599000,0.05,1707200,930000,777200
SO100204,20250515,20,148,1,11,3,129000,0.05,367600,165000,202600
SO104711,20250515,17,52,3,2,4,329000,0.0,1316000,600000,716000
SO107083,20250515,17,15,7,10,5,329000,0.0,1645000,750000,895000
SO102547,20250516,7,1,2,5,4,499000,0.05,1896200,1120000,776200
SO103410,20250516,14,208,2,8,2,59000,0.0,118000,24000,94000
SO104878,20250516,14,30,6,10,2,59000,0.0,118000,24000,94000
SO101341,20250516,16,297,4,6,1,1599000,0.05,1519000,920000,599000
SO100755,20250516,12,49,1,2,2,299000,0.0,598000,240000,358000
SO101293,20250516,13,85,3,9,3,89000,0.0,267000,75000,192000
SO102198,20250516,7,187,5,7,1,499000,0.05,474000,280000,194000
SO110858,20250516,12,204,3,5,2,299000,0.05,568100,240000,328100
SO109407,20250516,17,67,3,7,5,329000,0.05,1562800,750000,812800
SO106965,20250516,2,271,2,4,4,4499000,0.0,17996000,12400000,5596000
SO103299,20250517,14,237,8,7,1,59000,0.05,56000,12000,44000
SO102349,20250517,13,98,7,11,3,89000,0.05,253600,75000,178600
SO101033,20250517,20,281,3,4,3,129000,0.0,387000,165000,222000
SO104177,20250517,14,213,6,1,2,59000,0.05,112100,24000,88100
SO101203,20250517,14,223,3,3,1,59000,0.05,56000,12000,44000
SO109855,20250517,19,300,7,1,4,169000,0.0,676000,300000,376000
SO109575,20250517,17,273,2,4,5,329000,0.0,1645000,750000,895000
SO110371,20250517,14,15,7,1,5,59000,0.0,295000,60000,235000
SO103171,20250517,19,132,5,9,2,169000,0.0,338000,150000,188000
SO105987,20250517,11,186,3,9,2,199000,0.0,398000,170000,228000
SO106177,20250517,1,158,3,6,5,13999000,0.0,69995000,49000000,20995000
SO108173,20250517,20,186,3,12,3,129000,0.0,387000,165000,222000
SO107269,20250517,4,24,12,6,1,8999000,0.05,8549000,6200000,2349000
SO107299,20250517,20,129,1,6,4,129000,0.0,516000,220000,296000
SO102631,20250517,20,282,14,8,4,129000,0.0,516000,220000,296000
SO110139,20250517,16,11,12,5,2,1599000,0.0,3198000,1840000,1358000
SO101756,20250518,19,276,7,12,2,169000,0.0,338000,150000,188000
SO103832,20250518,19,57,1,3,3,169000,0.0,507000,225000,282000
SO111910,20250518,15,66,12,10,2,899000,0.0,1798000,960000,838000
SO111447,20250518,15,300,7,7,2,899000,0.1,1618200,960000,658200
SO105382,20250518,14,269,15,5,1,59000,0.0,59000,12000,47000
SO102680,20250518,14,29,1,6,2,59000,0.1,106200,24000,82200
SO105479,20250518,6,208,2,2,2,2199000,0.0,4398000,2700000,1698000
SO101331,20250518,15,78,1,10,5,899000,0.05,4270200,2400000,1870200
SO103701,20250518,13,89,3,10,4,89000,0.0,356000,100000,256000
SO111101,20250518,8,237,8,11,4,799000,0.0,3196000,1680000,1516000
SO100112,20250518,16,281,3,10,1,1599000,0.0,1599000,920000,679000
SO105690,20250519,20,21,18,1,4,129000,0.0,516000,220000,296000
SO104605,20250519,2,145,14,2,5,4499000,0.05,21370200,15500000,5870200
SO102613,20250519,12,256,9,3,4,299000,0.05,1136200,480000,656200
SO105313,20250519,14,213,6,10,4,59000,0.0,236000,48000,188000
SO103993,20250519,20,145,14,1,2,129000,0.0,258000,110000,148000
SO102399,20250519,11,122,18,4,5,199000,0.1,895500,425000,470500
SO108563,20250520,20,106,1,1,2,129000,0.0,258000,110000,148000
SO100793,20250520,19,1,2,7,1,169000,0.05,160600,75000,85600
SO100751,20250520,10,78,1,11,2,599000,0.0,1198000,620000,578000
SO110651,20250520,15,49,1,12,1,899000,0.0,899000,480000,419000
SO109559,20250520,11,205,7,6,4,199000,0.0,796000,340000,456000
SO105297,20250520,19,93,1,12,4,169000,0.0,676000,300000,376000
SO107160,20250520,9,6,1,3,4,349000,0.1,1256400,760000,496400
SO104654,20250520,20,219,7,5,3,129000,0.0,387000,165000,222000
SO109732,20250521,18,267,5,11,4,649000,0.1,2336400,1280000,1056400
SO100425,20250521,9,284,2,8,2,349000,0.0,698000,380000,318000
SO100574,20250521,9,171,1,6,2,349000,0.0,698000,380000,318000
SO104704,20250521,13,289,2,3,2,89000,0.0,178000,50000,128000
SO111154,20250521,13,123,17,10,2,89000,0.0,178000,50000,128000
SO103584,20250521,11,73,1,11,5,199000,0.0,995000,425000,570000
SO101543,20250521,16,179,2,8,1,1599000,0.05,1519000,920000,599000
SO103293,20250521,19,198,9,8,4,169000,0.0,676000,300000,376000
SO109503,20250521,14,76,9,12,5,59000,0.0,295000,60000,235000
SO105351,20250521,11,46,17,7,2,199000,0.0,398000,170000,228000
SO104912,20250521,17,13,1,5,1,329000,0.0,329000,150000,179000
SO102124,20250521,15,156,11,4,5,899000,0.0,4495000,2400000,2095000
SO100718,20250521,13,267,5,5,1,89000,0.0,89000,25000,64000
SO102037,20250522,14,239,5,7,5,59000,0.0,295000,60000,235000
SO111553,20250522,18,211,1,5,3,649000,0.05,1849600,960000,889600
SO101986,20250522,11,79,8,12,3,199000,0.0,597000,255000,342000
SO102102,20250522,6,189,18,3,4,2199000,0.05,8356200,5400000,2956200
SO107928,20250522,17,50,9,8,3,329000,0.0,987000,450000,537000
SO102005,20250522,2,3,1,2,4,4499000,0.1,16196400,12400000,3796400
SO109799,20250522,7,181,1,2,4,499000,0.05,1896200,1120000,776200
SO111995,20250522,9,222,15,2,1,349000,0.0,349000,190000,159000
SO109763,20250523,20,3,1,10,2,129000,0.1,232200,110000,122200
SO106557,20250523,15,202,1,8,4,899000,0.0,3596000,1920000,1676000
SO101287,20250523,14,30,6,12,2,59000,0.0,118000,24000,94000
SO102472,20250523,10,46,17,9,2,599000,0.0,1198000,620000,578000
SO106394,20250523,11,186,3,6,1,199000,0.05,189000,85000,104000
SO101914,20250523,18,88,6,6,3,649000,0.0,1947000,960000,987000
SO103420,20250524,13,211,1,7,2,89000,0.05,169100,50000,119100
SO100457,20250524,7,84,12,9,1,499000,0.05,474000,280000,194000
SO105017,20250524,4,70,8,11,2,8999000,0.0,17998000,12400000,5598000
SO107336,20250524,12,162,1,10,2,299000,0.15,508300,240000,268300
SO108266,20250524,14,127,2,6,4,59000,0.0,236000,48000,188000
SO105254,20250524,14,299,1,1,4,59000,0.0,236000,48000,188000
SO104196,20250524,2,225,7,6,1,4499000,0.1,4049100,3100000,949100
SO103941,20250524,17,147,12,9,4,329000,0.0,1316000,600000,716000
SO107636,20250524,10,9,8,1,4,599000,0.0,2396000,1240000,1156000
SO100854,20250524,19,171,1,5,3,169000,0.0,507000,225000,282000
SO109133,20250524,12,218,3,3,3,299000,0.0,897000,360000,537000
SO102169,20250525,7,210,3,8,2,499000,0.0,998000,560000,438000
SO111294,20250525,3,261,2,9,3,1999000,0.0,5997000,4350000,1647000
SO110702,20250525,16,5,1,1,3,1599000,0.0,4797000,2760000,2037000
SO104622,20250525,16,95,3,9,5,1599000,0.0,7995000,4600000,3395000
SO109899,20250525,19,291,14,11,4,169000,0.05,642200,300000,342200
SO106682,20250525,19,72,6,12,3,169000,0.05,481600,225000,256600
SO106918,20250525,13,123,17,12,4,89000,0.05,338200,100000,238200
SO110483,20250525,10,175,15,8,4,599000,0.0,2396000,1240000,1156000
SO101219,20250525,16,10,2,6,2,1599000,0.05,3038100,1840000,1198100
SO111840,20250525,17,148,1,4,4,329000,0.0,1316000,600000,716000
SO106049,20250525,19,40,5,4,4,169000,0.05,642200,300000,342200
SO110910,20250525,11,160,2,9,1,199000,0.0,199000,85000,114000
SO111197,20250525,14,294,8,6,2,59000,0.0,118000,24000,94000
SO109286,20250525,20,68,4,6,5,129000,0.0,645000,275000,370000
SO111161,20250525,3,190,10,9,2,1999000,0.0,3998000,2900000,1098000
SO100941,20250525,11,80,1,2,1,199000,0.05,189000,85000,104000
SO101189,20250526,7,117,2,7,2,499000,0.0,998000,560000,438000
SO102993,20250526,20,144,1,12,3,129000,0.1,348300,165000,183300
SO107342,20250526,19,266,1,12,3,169000,0.0,507000,225000,282000
SO101645,20250526,14,172,1,8,2,59000,0.0,118000,24000,94000
SO101040,20250526,10,179,2,1,3,599000,0.15,1527400,930000,597400
SO111041,20250526,19,274,17,10,2,169000,0.1,304200,150000,154200
SO101944,20250526,7,84,12,5,5,499000,0.1,2245500,1400000,845500
SO109602,20250526,11,211,1,1,5,199000,0.1,895500,425000,470500
SO107845,20250527,17,202,1,9,1,329000,0.05,312600,150000,162600
SO102421,20250527,17,115,4,11,1,329000,0.05,312600,150000,162600
SO111808,20250527,10,31,2,8,4,599000,0.0,2396000,1240000,1156000
SO102482,20250527,6,135,1,7,5,2199000,0.05,10445200,6750000,3695200
SO101324,20250527,12,49,1,6,5,299000,0.0,1495000,600000,895000
SO106312,20250527,18,204,3,12,3,649000,0.0,1947000,960000,987000
SO111141,20250527,10,27,6,9,5,599000,0.0,2995000,1550000,1445000
SO100692,20250527,13,155,8,9,5,89000,0.1,400500,125000,275500
SO108270,20250527,13,25,12,1,1,89000,0.05,84600,25000,59600
SO106044,20250527,10,11,12,10,4,599000,0.1,2156400,1240000,916400
SO105885,20250528,1,45,8,1,1,13999000,0.1,12599100,9800000,2799100
SO103248,20250528,13,144,1,2,4,89000,0.0,356000,100000,256000
SO104232,20250528,12,153,3,6,5,299000,0.0,1495000,600000,895000
SO109619,20250528,13,72,6,10,5,89000,0.0,445000,125000,320000
SO110860,20250528,14,46,17,2,1,59000,0.0,59000,12000,47000
SO101044,20250529,14,40,5,8,5,59000,0.0,295000,60000,235000
SO107158,20250529,17,250,7,11,2,329000,0.0,658000,300000,358000
SO103904,20250529,9,25,12,11,4,349000,0.0,1396000,760000,636000
SO101750,20250529,10,88,6,9,4,599000,0.0,2396000,1240000,1156000
SO109374,20250529,12,107,1,6,5,299000,0.05,1420200,600000,820200
SO111681,20250529,11,161,2,8,1,199000,0.05,189000,85000,104000
SO110987,20250529,14,106,1,3,1,59000,0.05,56000,12000,44000
SO104019,20250529,3,42,7,4,3,1999000,0.0,5997000,4350000,1647000
SO108840,20250529,2,180,1,12,4,4499000,0.0,17996000,12400000,5596000
SO109784,20250529,12,281,3,3,3,299000,0.1,807300,360000,447300
SO103016,20250530,2,112,4,10,1,4499000,0.0,4499000,3100000,1399000
SO106512,20250530,8,188,1,10,5,799000,0.0,3995000,2100000,1895000
SO101492,20250530,20,152,3,9,2,129000,0.0,258000,110000,148000
SO109511,20250530,9,258,2,11,5,349000,0.05,1657800,950000,707800
SO108711,20250530,11,3,1,11,4,199000,0.0,796000,340000,456000
SO111865,20250530,13,260,1,1,1,89000,0.0,89000,25000,64000
SO106886,20250530,14,63,1,10,3,59000,0.05,168200,36000,132200
SO109925,20250530,14,160,2,6,5,59000,0.0,295000,60000,235000
SO109456,20250531,3,58,16,8,2,1999000,0.0,3998000,2900000,1098000
SO103487,20250531,3,127,2,9,4,1999000,0.05,7596200,5800000,1796200
SO110318,20250531,3,288,2,2,4,1999000,0.05,7596200,5800000,1796200
SO104529,20250531,19,280,6,1,5,169000,0.1,760500,375000,385500
SO110748,20250531,11,37,12,1,5,199000,0.0,995000,425000,570000
SO111524,20250531,9,47,3,5,2,349000,0.1,628200,380000,248200
SO110121,20250531,11,161,2,7,5,199000,0.0,995000,425000,570000
SO105995,20250531,16,135,1,1,5,1599000,0.05,7595200,4600000,2995200
SO106620,20250531,20,190,10,10,2,129000,0.0,258000,110000,148000
SO106385,20250531,19,15,7,5,3,169000,0.0,507000,225000,282000
SO102722,20250531,17,235,15,10,5,329000,0.1,1480500,750000,730500
SO109103,20250601,20,229,12,10,4,129000,0.05,490200,220000,270200
SO100740,20250601,13,66,12,2,3,89000,0.05,253600,75000,178600
SO106301,20250601,13,272,6,5,1,89000,0.05,84600,25000,59600
SO105182,20250601,7,69,8,9,1,499000,0.0,499000,280000,219000
SO110934,20250601,17,105,2,6,2,329000,0.0,658000,300000,358000
SO104590,20250601,18,53,1,12,1,649000,0.0,649000,320000,329000
SO107040,20250601,14,240,8,6,1,59000,0.0,59000,12000,47000
SO100617,20250601,8,243,3,6,1,799000,0.0,799000,420000,379000
SO101054,20250601,20,82,3,12,3,129000,0.0,387000,165000,222000
SO101050,20250601,14,117,2,2,1,59000,0.1,53100,12000,41100
SO106263,20250601,20,83,8,9,4,129000,0.0,516000,220000,296000
SO103458,20250601,9,271,2,12,1,349000,0.05,331600,190000,141600
SO108271,20250602,20,15,7,1,3,129000,0.05,367600,165000,202600
SO109003,20250602,6,205,7,10,1,2199000,0.05,2089000,1350000,739000
SO100362,20250602,4,103,8,12,1,8999000,0.0,8999000,6200000,2799000
SO103014,20250602,18,142,8,12,2,649000,0.0,1298000,640000,658000
SO101701,20250602,14,49,1,8,1,59000,0.0,59000,12000,47000
SO110430,20250602,14,230,8,9,1,59000,0.0,59000,12000,47000
SO103432,20250602,14,52,3,9,2,59000,0.05,112100,24000,88100
SO111189,20250602,14,40,5,6,4,59000,0.0,236000,48000,188000
SO103401,20250602,10,38,2,9,2,599000,0.0,1198000,620000,578000
SO111491,20250602,11,81,17,7,4,199000,0.1,716400,340000,376400
SO110562,20250603,20,41,3,8,1,129000,0.05,122600,55000,67600
SO108336,20250603,12,250,7,2,4,299000,0.05,1136200,480000,656200
SO104696,20250603,15,265,14,6,2,899000,0.05,1708100,960000,748100
SO101153,20250603,9,77,1,5,2,349000,0.0,698000,380000,318000
SO109242,20250603,7,209,1,4,2,499000,0.0,998000,560000,438000
SO106568,20250603,20,65,8,12,3,129000,0.05,367600,165000,202600
SO100514,20250603,14,224,1,3,1,59000,0.1,53100,12000,41100
SO109401,20250603,11,122,18,2,2,199000,0.05,378100,170000,208100
SO106429,20250603,16,80,1,7,4,1599000,0.05,6076200,3680000,2396200
SO105406,20250604,14,239,5,4,4,59000,0.0,236000,48000,188000
SO111049,20250604,14,148,1,2,4,59000,0.0,236000,48000,188000
SO105698,20250604,8,45,8,1,5,799000,0.05,3795200,2100000,1695200
SO105707,20250604,14,96,1,7,5,59000,0.0,295000,60000,235000
SO101388,20250604,8,37,12,8,3,799000,0.0,2397000,1260000,1137000
SO104612,20250604,20,121,13,2,4,129000,0.0,516000,220000,296000
SO111600,20250604,3,250,7,1,2,1999000,0.0,3998000,2900000,1098000
SO103135,20250604,13,131,6,10,3,89000,0.05,253600,75000,178600
SO101515,20250604,11,5,1,2,5,199000,0.05,945200,425000,520200
SO105252,20250604,12,284,2,2,5,299000,0.05,1420200,600000,820200
SO107497,20250604,14,126,1,11,2,59000,0.0,118000,24000,94000
SO109646,20250604,20,82,3,6,2,129000,0.0,258000,110000,148000
SO109445,20250604,10,38,2,7,2,599000,0.05,1138100,620000,518100
SO104868,20250604,20,196,1,8,2,129000,0.05,245100,110000,135100
SO110690,20250604,7,78,1,3,1,499000,0.0,499000,280000,219000
SO108789,20250605,14,197,3,7,5,59000,0.05,280200,60000,220200
SO108080,20250605,2,97,1,5,1,4499000,0.0,4499000,3100000,1399000
SO105048,20250605,18,295,8,11,5,649000,0.1,2920500,1600000,1320500
SO107775,20250605,9,155,8,9,5,349000,0.0,1745000,950000,795000
SO110538,20250605,10,64,3,7,5,599000,0.05,2845200,1550000,1295200
SO110113,20250605,14,38,2,6,3,59000,0.05,168200,36000,132200
SO108490,20250605,19,153,3,3,5,169000,0.05,802800,375000,427800
SO107386,20250605,18,268,8,2,4,649000,0.1,2336400,1280000,1056400
SO101039,20250605,20,294,8,7,4,129000,0.05,490200,220000,270200
SO105872,20250605,13,104,12,2,4,89000,0.0,356000,100000,256000
SO105847,20250605,19,151,1,11,5,169000,0.05,802800,375000,427800
SO102250,20250605,13,102,1,2,4,89000,0.0,356000,100000,256000
SO109478,20250605,13,68,4,3,5,89000,0.0,445000,125000,320000
SO103424,20250605,18,282,14,6,1,649000,0.0,649000,320000,329000
SO103908,20250605,18,86,2,1,3,649000,0.0,1947000,960000,987000
SO110872,20250606,20,161,2,8,3,129000,0.0,387000,165000,222000
SO100232,20250606,10,244,7,5,3,599000,0.05,1707200,930000,777200
SO108129,20250606,10,213,6,8,2,599000,0.0,1198000,620000,578000
SO101907,20250606,8,134,2,3,2,799000,0.0,1598000,840000,758000
SO104313,20250606,20,73,1,6,1,129000,0.05,122600,55000,67600
SO109406,20250606,12,186,3,2,1,299000,0.0,299000,120000,179000
SO111775,20250606,13,25,12,10,2,89000,0.05,169100,50000,119100
SO100673,20250606,12,224,1,6,3,299000,0.15,762400,360000,402400
SO100061,20250606,3,157,12,3,5,1999000,0.0,9995000,7250000,2745000
SO100007,20250606,17,149,2,4,4,329000,0.1,1184400,600000,584400
SO103317,20250607,14,73,1,8,3,59000,0.05,168200,36000,132200
SO107720,20250607,15,257,12,3,4,899000,0.0,3596000,1920000,1676000
SO109277,20250607,14,281,3,1,5,59000,0.0,295000,60000,235000
SO111284,20250607,14,58,16,6,5,59000,0.05,280200,60000,220200
SO109742,20250607,10,59,1,9,4,599000,0.0,2396000,1240000,1156000
SO103388,20250607,14,91,14,5,5,59000,0.0,295000,60000,235000
SO104237,20250607,19,213,6,3,5,169000,0.0,845000,375000,470000
SO103765,20250607,7,8,8,1,3,499000,0.1,1347300,840000,507300
SO110206,20250607,8,156,11,10,5,799000,0.0,3995000,2100000,1895000
SO106906,20250607,14,293,17,8,4,59000,0.05,224200,48000,176200
SO103751,20250607,12,201,9,7,2,299000,0.0,598000,240000,358000
SO109439,20250607,10,151,1,12,1,599000,0.0,599000,310000,289000
SO100513,20250607,13,138,8,12,4,89000,0.05,338200,100000,238200
SO103601,20250607,20,229,12,10,1,129000,0.0,129000,55000,74000
SO101853,20250608,16,23,1,6,4,1599000,0.05,6076200,3680000,2396200
SO109482,20250608,5,249,1,6,2,3999000,0.1,7198200,5800000,1398200
SO110488,20250608,9,64,3,9,2,349000,0.0,698000,380000,318000
SO107580,20250608,14,131,6,1,5,59000,0.0,295000,60000,235000
SO100834,20250608,14,159,4,10,1,59000,0.0,59000,12000,47000
SO108252,20250608,6,37,12,8,3,2199000,0.1,5937300,4050000,1887300
SO107584,20250608,13,150,11,4,4,89000,0.0,356000,100000,256000
SO110575,20250608,20,289,2,8,1,129000,0.05,122600,55000,67600
SO109630,20250608,10,299,1,12,5,599000,0.0,2995000,1550000,1445000
SO106559,20250608,8,75,12,2,4,799000,0.0,3196000,1680000,1516000
SO102040,20250608,17,97,1,12,2,329000,0.05,625100,300000,325100
SO109596,20250608,17,23,1,12,4,329000,0.15,1118600,600000,518600
SO107790,20250608,12,193,1,6,3,299000,0.0,897000,360000,537000
SO108220,20250608,14,60,1,7,4,59000,0.0,236000,48000,188000
SO104797,20250609,20,64,3,1,2,129000,0.05,245100,110000,135100
SO109521,20250609,14,218,3,1,3,59000,0.0,177000,36000,141000
SO107578,20250609,20,28,2,10,4,129000,0.0,516000,220000,296000
SO110515,20250609,19,162,1,6,1,169000,0.05,160600,75000,85600
SO105654,20250609,20,73,1,10,4,129000,0.0,516000,220000,296000
SO109565,20250609,13,199,6,7,5,89000,0.0,445000,125000,320000
SO111523,20250609,9,214,3,10,2,349000,0.0,698000,380000,318000
SO107403,20250609,5,292,11,7,1,3999000,0.1,3599100,2900000,699100
SO104819,20250609,12,234,2,6,1,299000,0.0,299000,120000,179000
SO108676,20250609,13,246,3,1,1,89000,0.0,89000,25000,64000
SO108155,20250609,12,84,12,7,2,299000,0.0,598000,240000,358000
SO106779,20250609,14,224,1,7,4,59000,0.0,236000,48000,188000
SO111367,20250610,14,140,3,10,5,59000,0.05,280200,60000,220200
SO106508,20250610,20,74,13,4,1,129000,0.0,129000,55000,74000
SO111690,20250610,11,210,3,4,2,199000,0.0,398000,170000,228000
SO107650,20250610,15,261,2,8,2,899000,0.0,1798000,960000,838000
SO111947,20250610,20,200,8,8,2,129000,0.0,258000,110000,148000
SO102699,20250610,16,205,7,1,5,1599000,0.0,7995000,4600000,3395000
SO107746,20250610,12,24,12,3,5,299000,0.05,1420200,600000,820200
SO103301,20250610,14,21,18,11,5,59000,0.0,295000,60000,235000
SO103644,20250611,19,119,8,5,3,169000,0.0,507000,225000,282000
SO102490,20250611,7,264,7,4,4,499000,0.0,1996000,1120000,876000
SO100330,20250611,8,38,2,6,3,799000,0.0,2397000,1260000,1137000
SO109781,20250611,13,298,3,5,4,89000,0.0,356000,100000,256000
SO106876,20250611,8,249,1,2,4,799000,0.0,3196000,1680000,1516000
SO106613,20250611,1,242,13,10,2,13999000,0.1,25198200,19600000,5598200
SO104287,20250611,3,52,3,7,1,1999000,0.0,1999000,1450000,549000
SO111280,20250611,7,277,1,7,4,499000,0.0,1996000,1120000,876000
SO100641,20250611,14,126,1,8,4,59000,0.0,236000,48000,188000
SO111689,20250611,7,106,1,3,2,499000,0.1,898200,560000,338200
SO104944,20250611,14,132,5,5,2,59000,0.05,112100,24000,88100
SO109357,20250612,19,252,7,11,4,169000,0.0,676000,300000,376000
SO110036,20250612,13,296,8,2,5,89000,0.0,445000,125000,320000
SO106708,20250612,8,85,3,11,5,799000,0.05,3795200,2100000,1695200
SO110153,20250612,20,123,17,11,5,129000,0.0,645000,275000,370000
SO111636,20250612,11,12,6,11,4,199000,0.05,756200,340000,416200
SO100576,20250612,14,65,8,6,2,59000,0.0,118000,24000,94000
SO106428,20250612,9,254,2,9,1,349000,0.0,349000,190000,159000
SO101985,20250612,17,20,1,12,1,329000,0.05,312600,150000,162600
SO107706,20250613,9,213,6,6,2,349000,0.0,698000,380000,318000
SO111979,20250613,7,210,3,3,4,499000,0.05,1896200,1120000,776200
SO107588,20250613,20,28,2,4,4,129000,0.05,490200,220000,270200
SO111313,20250613,12,7,8,7,3,299000,0.0,897000,360000,537000
SO110603,20250613,10,177,5,2,4,599000,0.05,2276200,1240000,1036200
SO109136,20250613,14,118,2,2,5,59000,0.0,295000,60000,235000
SO101438,20250613,12,133,1,5,4,299000,0.0,1196000,480000,716000
SO108130,20250613,3,235,15,4,2,1999000,0.0,3998000,2900000,1098000
SO108327,20250613,14,237,8,11,3,59000,0.1,159300,36000,123300
SO109308,20250613,17,10,2,9,4,329000,0.0,1316000,600000,716000
SO100395,20250613,12,155,8,1,4,299000,0.0,1196000,480000,716000
SO106370,20250613,15,213,6,5,3,899000,0.0,2697000,1440000,1257000
SO106137,20250613,3,137,6,10,1,1999000,0.0,1999000,1450000,549000
SO111968,20250613,12,230,8,2,3,299000,0.05,852200,360000,492200
SO101647,20250614,18,127,2,3,4,649000,0.0,2596000,1280000,1316000
SO105325,20250614,12,32,7,2,5,299000,0.05,1420200,600000,820200
SO102357,20250614,20,191,8,6,2,129000,0.0,258000,110000,148000
SO104910,20250614,7,9,8,10,2,499000,0.0,998000,560000,438000
SO100937,20250614,15,3,1,1,5,899000,0.05,4270200,2400000,1870200
SO109413,20250614,20,108,4,2,3,129000,0.0,387000,165000,222000
SO109411,20250614,17,202,1,1,2,329000,0.1,592200,300000,292200
SO100438,20250614,17,268,8,9,4,329000,0.0,1316000,600000,716000
SO111494,20250614,14,94,3,12,1,59000,0.0,59000,12000,47000
SO103142,20250614,14,56,7,10,4,59000,0.05,224200,48000,176200
SO100564,20250614,20,71,9,4,5,129000,0.0,645000,275000,370000
SO101955,20250614,14,110,2,4,1,59000,0.1,53100,12000,41100
SO111282,20250615,13,201,9,11,5,89000,0.1,400500,125000,275500
SO107337,20250615,13,23,1,5,4,89000,0.1,320400,100000,220400
SO107804,20250615,6,164,12,10,1,2199000,0.0,2199000,1350000,849000
SO107792,20250615,14,280,6,6,3,59000,0.0,177000,36000,141000
SO104284,20250615,20,46,17,6,3,129000,0.05,367600,165000,202600
SO103988,20250615,13,158,3,11,1,89000,0.0,89000,25000,64000
SO103849,20250615,12,271,2,5,5,299000,0.1,1345500,600000,745500
SO104544,20250615,13,113,15,9,5,89000,0.0,445000,125000,320000
SO106269,20250615,19,93,1,10,5,169000,0.0,845000,375000,470000
SO107123,20250615,17,232,5,8,1,329000,0.05,312600,150000,162600
SO109329,20250616,19,177,5,4,4,169000,0.05,642200,300000,342200
SO101628,20250616,14,128,5,7,1,59000,0.0,59000,12000,47000
SO101082,20250616,13,258,2,6,4,89000,0.0,356000,100000,256000
SO107640,20250616,17,126,1,12,3,329000,0.05,937600,450000,487600
SO108526,20250616,20,204,3,1,3,129000,0.0,387000,165000,222000
SO108300,20250616,19,163,14,8,5,169000,0.0,845000,375000,470000
SO104188,20250616,14,237,8,7,1,59000,0.05,56000,12000,44000
SO104269,20250616,2,300,7,12,1,4499000,0.1,4049100,3100000,949100
SO108120,20250616,17,270,6,3,3,329000,0.0,987000,450000,537000
SO110724,20250616,11,70,8,7,2,199000,0.0,398000,170000,228000
SO110769,20250616,6,82,3,7,2,2199000,0.0,4398000,2700000,1698000
SO111804,20250617,5,111,1,7,3,3999000,0.0,11997000,8700000,3297000
SO111760,20250617,14,115,4,7,5,59000,0.0,295000,60000,235000
SO109147,20250617,10,197,3,6,2,599000,0.05,1138100,620000,518100
SO104410,20250617,18,50,9,4,2,649000,0.05,1233100,640000,593100
SO104751,20250617,13,44,5,8,2,89000,0.05,169100,50000,119100
SO104324,20250617,11,214,3,6,1,199000,0.0,199000,85000,114000
SO107846,20250617,19,56,7,9,2,169000,0.05,321100,150000,171100
SO104784,20250617,14,185,3,6,1,59000,0.0,59000,12000,47000
SO109838,20250617,11,138,8,3,1,199000,0.1,179100,85000,94100
SO100225,20250618,20,37,12,12,5,129000,0.0,645000,275000,370000
SO111904,20250618,19,262,1,5,2,169000,0.0,338000,150000,188000
SO107614,20250618,13,286,4,4,5,89000,0.0,445000,125000,320000
SO102319,20250618,19,5,1,8,4,169000,0.0,676000,300000,376000
SO100592,20250618,1,43,8,8,1,13999000,0.0,13999000,9800000,4199000
SO110302,20250618,11,290,14,4,4,199000,0.1,716400,340000,376400
SO105880,20250618,7,287,6,2,2,499000,0.05,948100,560000,388100
SO103730,20250618,17,183,2,9,4,329000,0.0,1316000,600000,716000
SO106646,20250618,9,155,8,10,5,349000,0.0,1745000,950000,795000
SO108769,20250618,17,236,3,5,3,329000,0.1,888300,450000,438300
SO107955,20250618,14,176,1,9,2,59000,0.0,118000,24000,94000
SO109544,20250618,13,158,3,6,5,89000,0.1,400500,125000,275500
SO105412,20250618,14,138,8,4,4,59000,0.05,224200,48000,176200
SO110522,20250618,9,227,1,3,1,349000,0.0,349000,190000,159000
SO106150,20250618,16,256,9,6,5,1599000,0.05,7595200,4600000,2995200
SO108844,20250618,12,46,17,12,3,299000,0.1,807300,360000,447300
SO101742,20250618,5,96,1,7,3,3999000,0.05,11397200,8700000,2697200
SO100943,20250619,19,71,9,12,2,169000,0.0,338000,150000,188000
SO106209,20250619,8,198,9,4,1,799000,0.05,759000,420000,339000
SO104644,20250619,8,185,3,5,5,799000,0.0,3995000,2100000,1895000
SO108809,20250619,13,186,3,3,3,89000,0.0,267000,75000,192000
SO110071,20250619,17,225,7,8,2,329000,0.0,658000,300000,358000
SO108140,20250619,13,251,7,7,3,89000,0.0,267000,75000,192000
SO103834,20250619,11,298,3,9,3,199000,0.05,567200,255000,312200
SO110722,20250619,14,217,8,8,5,59000,0.0,295000,60000,235000
SO111539,20250619,13,145,14,1,5,89000,0.0,445000,125000,320000
SO100612,20250619,9,44,5,6,4,349000,0.0,1396000,760000,636000
SO106113,20250619,10,125,1,11,2,599000,0.1,1078200,620000,458200
SO107965,20250619,14,188,1,10,4,59000,0.05,224200,48000,176200
SO103219,20250619,14,160,2,5,3,59000,0.1,159300,36000,123300
SO100043,20250619,1,63,1,8,4,13999000,0.0,55996000,39200000,16796000
SO110832,20250620,19,231,18,11,5,169000,0.05,802800,375000,427800
SO105711,20250620,14,224,1,10,5,59000,0.0,295000,60000,235000
SO107709,20250620,20,133,1,6,2,129000,0.1,232200,110000,122200
SO105560,20250620,12,62,14,3,4,299000,0.0,1196000,480000,716000
SO109833,20250620,17,175,15,5,5,329000,0.05,1562800,750000,812800
SO108202,20250620,5,23,1,8,5,3999000,0.0,19995000,14500000,5495000
SO105098,20250620,3,81,17,12,3,1999000,0.0,5997000,4350000,1647000
SO110348,20250620,11,55,3,4,4,199000,0.0,796000,340000,456000
SO107654,20250621,3,298,3,12,3,1999000,0.05,5697200,4350000,1347200
SO106287,20250621,19,36,1,8,4,169000,0.1,608400,300000,308400
SO108610,20250621,8,224,1,4,3,799000,0.0,2397000,1260000,1137000
SO101932,20250621,19,83,8,6,1,169000,0.0,169000,75000,94000
SO109643,20250621,13,127,2,5,4,89000,0.0,356000,100000,256000
SO110440,20250621,19,268,8,4,2,169000,0.0,338000,150000,188000
SO102967,20250621,20,150,11,7,1,129000,0.0,129000,55000,74000
SO108532,20250621,7,33,10,6,4,499000,0.0,1996000,1120000,876000
SO102363,20250621,14,33,10,10,2,59000,0.05,112100,24000,88100
SO103076,20250621,20,20,1,10,2,129000,0.05,245100,110000,135100
SO109170,20250622,13,214,3,2,5,89000,0.1,400500,125000,275500
SO103384,20250622,14,135,1,12,2,59000,0.0,118000,24000,94000
SO109059,20250622,9,30,6,2,4,349000,0.0,1396000,760000,636000
SO109152,20250622,14,56,7,7,2,59000,0.0,118000,24000,94000
SO107328,20250622,18,103,8,2,2,649000,0.05,1233100,640000,593100
SO102576,20250622,8,295,8,5,5,799000,0.05,3795200,2100000,1695200
SO106728,20250622,20,280,6,1,3,129000,0.05,367600,165000,202600
SO106387,20250622,19,5,1,1,4,169000,0.05,642200,300000,342200
SO106485,20250622,10,204,3,4,5,599000,0.0,2995000,1550000,1445000
SO101892,20250622,20,252,7,2,3,129000,0.0,387000,165000,222000
SO102667,20250622,11,277,1,1,5,199000,0.0,995000,425000,570000
SO100019,20250622,20,298,3,1,2,129000,0.0,258000,110000,148000
SO105378,20250622,20,208,2,11,3,129000,0.0,387000,165000,222000
SO111800,20250622,14,125,1,6,2,59000,0.1,106200,24000,82200
SO102114,20250622,14,147,12,9,3,59000,0.0,177000,36000,141000
SO103483,20250622,19,118,2,9,5,169000,0.0,845000,375000,470000
SO109354,20250622,1,21,18,3,1,13999000,0.1,12599100,9800000,2799100
SO101355,20250622,14,204,3,11,2,59000,0.0,118000,24000,94000
SO110031,20250622,11,178,1,9,1,199000,0.1,179100,85000,94100
SO104493,20250623,13,296,8,10,3,89000,0.1,240300,75000,165300
SO110427,20250623,13,229,12,11,3,89000,0.05,253600,75000,178600
SO102361,20250623,13,228,3,11,4,89000,0.0,356000,100000,256000
SO104731,20250623,12,219,7,4,5,299000,0.1,1345500,600000,745500
SO111864,20250623,15,114,7,10,3,899000,0.05,2562200,1440000,1122200
SO107456,20250623,8,33,10,1,1,799000,0.0,799000,420000,379000
SO111303,20250623,2,127,2,5,3,4499000,0.0,13497000,9300000,4197000
SO100466,20250623,15,142,8,12,3,899000,0.0,2697000,1440000,1257000
SO105823,20250623,6,123,17,6,1,2199000,0.0,2199000,1350000,849000
SO105145,20250623,13,118,2,8,3,89000,0.0,267000,75000,192000
SO109505,20250623,14,52,3,8,2,59000,0.0,118000,24000,94000
SO110778,20250624,19,252,7,2,5,169000,0.0,845000,375000,470000
SO102483,20250624,9,157,12,1,2,349000,0.05,663100,380000,283100
SO105536,20250624,19,283,11,1,4,169000,0.05,642200,300000,342200
SO109268,20250624,13,176,1,12,1,89000,0.0,89000,25000,64000
SO102676,20250624,13,39,6,5,1,89000,0.0,89000,25000,64000
SO108919,20250624,9,102,1,12,1,349000,0.05,331600,190000,141600
SO108133,20250624,9,24,12,9,1,349000,0.05,331600,190000,141600
SO110142,20250624,20,277,1,2,4,129000,0.0,516000,220000,296000
SO105640,20250624,11,106,1,1,2,199000,0.1,358200,170000,188200
SO107719,20250624,20,149,2,3,4,129000,0.0,516000,220000,296000
SO106757,20250624,9,284,2,10,4,349000,0.0,1396000,760000,636000
SO103801,20250624,13,27,6,2,3,89000,0.05,253600,75000,178600
SO107351,20250624,12,162,1,10,3,299000,0.1,807300,360000,447300
SO108647,20250624,20,119,8,5,5,129000,0.1,580500,275000,305500
SO107596,20250624,15,66,12,5,2,899000,0.1,1618200,960000,658200
SO101303,20250624,10,151,1,6,5,599000,0.0,2995000,1550000,1445000
SO103612,20250625,8,38,2,11,1,799000,0.0,799000,420000,379000
SO100478,20250625,12,250,7,6,1,299000,0.0,299000,120000,179000
SO101159,20250625,13,203,14,9,4,89000,0.0,356000,100000,256000
SO102367,20250625,4,9,8,10,1,8999000,0.0,8999000,6200000,2799000
SO106558,20250625,16,143,9,12,3,1599000,0.1,4317300,2760000,1557300
SO103170,20250625,18,129,1,2,4,649000,0.0,2596000,1280000,1316000
SO104717,20250625,14,118,2,1,3,59000,0.0,177000,36000,141000
SO105298,20250625,13,172,1,2,3,89000,0.05,253600,75000,178600
SO107378,20250625,20,134,2,4,5,129000,0.0,645000,275000,370000
SO105540,20250625,14,51,4,10,1,59000,0.0,59000,12000,47000
SO108732,20250626,3,154,2,1,1,1999000,0.0,1999000,1450000,549000
SO111517,20250626,13,159,4,9,1,89000,0.05,84600,25000,59600
SO105984,20250626,17,5,1,10,2,329000,0.0,658000,300000,358000
SO107471,20250626,20,34,1,2,2,129000,0.0,258000,110000,148000
SO110818,20250626,10,107,1,5,1,599000,0.0,599000,310000,289000
SO100252,20250626,17,144,1,9,1,329000,0.0,329000,150000,179000
SO110965,20250626,9,200,8,4,1,349000,0.0,349000,190000,159000
SO108830,20250626,13,27,6,8,2,89000,0.1,160200,50000,110200
SO107301,20250627,14,252,7,10,3,59000,0.05,168200,36000,132200
SO102640,20250627,7,249,1,5,2,499000,0.1,898200,560000,338200
SO101257,20250627,17,78,1,4,1,329000,0.0,329000,150000,179000
SO100599,20250627,11,187,5,2,4,199000,0.0,796000,340000,456000
SO100317,20250627,11,10,2,8,4,199000,0.0,796000,340000,456000
SO102740,20250627,20,139,2,6,4,129000,0.05,490200,220000,270200
SO103041,20250627,20,225,7,9,1,129000,0.05,122600,55000,67600
SO102248,20250627,13,70,8,11,4,89000,0.1,320400,100000,220400
SO109384,20250627,14,3,1,7,3,59000,0.0,177000,36000,141000
SO110790,20250627,16,182,14,7,4,1599000,0.0,6396000,3680000,2716000
SO109573,20250627,12,103,8,8,2,299000,0.0,598000,240000,358000
SO102437,20250627,7,236,3,3,1,499000,0.05,474000,280000,194000
SO102926,20250628,20,54,12,2,2,129000,0.05,245100,110000,135100
SO108799,20250628,20,107,1,10,2,129000,0.1,232200,110000,122200
SO106096,20250628,20,54,12,3,1,129000,0.05,122600,55000,67600
SO111360,20250628,19,81,17,2,3,169000,0.0,507000,225000,282000
SO105197,20250628,20,54,12,3,3,129000,0.0,387000,165000,222000
SO100683,20250628,20,184,6,11,2,129000,0.05,245100,110000,135100
SO100549,20250628,17,35,6,8,2,329000,0.0,658000,300000,358000
SO104368,20250628,7,73,1,9,5,499000,0.0,2495000,1400000,1095000
SO105976,20250628,8,241,4,6,1,799000,0.0,799000,420000,379000
SO105896,20250628,12,300,7,11,2,299000,0.0,598000,240000,358000
SO107257,20250628,6,6,1,5,4,2199000,0.05,8356200,5400000,2956200
SO105635,20250628,20,230,8,9,2,129000,0.0,258000,110000,148000
SO111112,20250628,14,243,3,3,3,59000,0.05,168200,36000,132200
SO109671,20250628,15,240,8,2,4,899000,0.0,3596000,1920000,1676000
SO100004,20250629,12,160,2,7,2,299000,0.05,568100,240000,328100
SO111749,20250629,5,262,1,7,4,3999000,0.0,15996000,11600000,4396000
SO101657,20250629,18,199,6,7,2,649000,0.05,1233100,640000,593100
SO104805,20250629,9,146,1,7,4,349000,0.0,1396000,760000,636000
SO106188,20250629,15,109,3,5,3,899000,0.0,2697000,1440000,1257000
SO101862,20250629,9,111,1,3,5,349000,0.05,1657800,950000,707800
SO104543,20250629,20,292,11,1,3,129000,0.0,387000,165000,222000
SO107750,20250629,8,6,1,5,5,799000,0.15,3395800,2100000,1295800
SO103302,20250630,19,39,6,12,5,169000,0.0,845000,375000,470000
SO101849,20250630,13,2,1,12,3,89000,0.05,253600,75000,178600
SO103030,20250630,12,166,4,2,1,299000,0.0,299000,120000,179000
SO111657,20250630,7,246,3,3,5,499000,0.0,2495000,1400000,1095000
SO103023,20250630,20,96,1,4,3,129000,0.0,387000,165000,222000
SO107679,20250630,17,215,14,4,2,329000,0.05,625100,300000,325100
SO100777,20250630,10,224,1,5,4,599000,0.15,2036600,1240000,796600
SO106065,20250630,7,171,1,1,2,499000,0.05,948100,560000,388100
SO102711,20250630,9,9,8,8,5,349000,0.0,1745000,950000,795000
SO103213,20250630,17,205,7,7,5,329000,0.05,1562800,750000,812800
SO107339,20250630,17,48,4,12,2,329000,0.0,658000,300000,358000
SO101549,20250630,19,79,8,3,4,169000,0.0,676000,300000,376000
SO110795,20250630,13,139,2,1,3,89000,0.0,267000,75000,192000
SO104818,20250630,13,176,1,3,4,89000,0.0,356000,100000,256000
SO108615,20250630,11,256,9,1,1,199000,0.0,199000,85000,114000
SO105658,20250630,13,73,1,12,1,89000,0.05,84600,25000,59600
SO107668,20250630,19,237,8,11,3,169000,0.1,456300,225000,231300
SO110380,20250630,11,114,7,7,3,199000,0.0,597000,255000,342000
SO104559,20250701,12,176,1,7,5,299000,0.0,1495000,600000,895000
SO102457,20250701,14,27,6,1,3,59000,0.0,177000,36000,141000
SO104871,20250701,4,25,12,10,5,8999000,0.0,44995000,31000000,13995000
SO110008,20250701,2,299,1,7,5,4499000,0.0,22495000,15500000,6995000
SO111778,20250701,6,29,1,9,4,2199000,0.1,7916400,5400000,2516400
SO102627,20250701,9,88,6,1,3,349000,0.0,1047000,570000,477000
SO109750,20250701,19,134,2,12,1,169000,0.1,152100,75000,77100
SO101673,20250701,16,275,3,6,3,1599000,0.0,4797000,2760000,2037000
SO107390,20250701,14,267,5,11,4,59000,0.1,212400,48000,164400
SO107454,20250701,13,280,6,5,2,89000,0.05,169100,50000,119100
SO101055,20250701,4,10,2,9,3,8999000,0.05,25647200,18600000,7047200
SO104626,20250702,10,265,14,7,1,599000,0.05,569000,310000,259000
SO103847,20250702,19,281,3,1,2,169000,0.0,338000,150000,188000
SO104987,20250702,8,196,1,9,1,799000,0.0,799000,420000,379000
SO101582,20250702,19,45,8,2,5,169000,0.1,760500,375000,385500
SO107034,20250702,19,270,6,8,1,169000,0.0,169000,75000,94000
SO109670,20250702,13,2,1,8,3,89000,0.0,267000,75000,192000
SO102487,20250702,14,276,7,2,2,59000,0.1,106200,24000,82200
SO103151,20250702,18,198,9,7,5,649000,0.0,3245000,1600000,1645000
SO104132,20250702,9,221,3,11,2,349000,0.0,698000,380000,318000
SO111246,20250702,8,177,5,5,1,799000,0.0,799000,420000,379000
SO110269,20250702,13,31,2,11,3,89000,0.0,267000,75000,192000
SO108975,20250702,17,110,2,12,4,329000,0.05,1250200,600000,650200
SO100352,20250702,12,281,3,2,4,299000,0.0,1196000,480000,716000
SO111035,20250702,3,40,5,10,5,1999000,0.0,9995000,7250000,2745000
SO102961,20250702,13,221,3,2,4,89000,0.0,356000,100000,256000
SO105169,20250703,13,251,7,7,4,89000,0.05,338200,100000,238200
SO107091,20250703,13,290,14,9,5,89000,0.05,422800,125000,297800
SO102225,20250703,6,207,18,12,1,2199000,0.0,2199000,1350000,849000
SO107230,20250703,18,37,12,8,4,649000,0.05,2466200,1280000,1186200
SO104672,20250703,20,120,12,12,4,129000,0.05,490200,220000,270200
SO108354,20250703,14,171,1,7,4,59000,0.0,236000,48000,188000
SO102619,20250703,19,174,4,8,2,169000,0.1,304200,150000,154200
SO107373,20250703,20,95,3,5,3,129000,0.0,387000,165000,222000
SO100049,20250703,8,266,1,1,2,799000,0.1,1438200,840000,598200
SO105785,20250703,14,157,12,7,5,59000,0.1,265500,60000,205500
SO108553,20250703,13,76,9,1,3,89000,0.0,267000,75000,192000
SO109496,20250704,12,112,4,2,5,299000,0.1,1345500,600000,745500
SO101389,20250704,18,146,1,3,3,649000,0.0,1947000,960000,987000
SO107622,20250704,10,139,2,8,1,599000,0.05,569000,310000,259000
SO107474,20250704,13,105,2,2,2,89000,0.0,178000,50000,128000
SO100810,20250704,13,222,15,8,4,89000,0.0,356000,100000,256000
SO109902,20250704,19,189,18,12,3,169000,0.0,507000,225000,282000
SO103553,20250704,17,154,2,2,4,329000,0.0,1316000,600000,716000
SO109820,20250704,6,210,3,12,3,2199000,0.0,6597000,4050000,2547000
SO100551,20250704,13,66,12,3,5,89000,0.0,445000,125000,320000
SO111896,20250704,8,18,18,6,5,799000,0.0,3995000,2100000,1895000
SO102149,20250704,11,286,4,4,3,199000,0.0,597000,255000,342000
SO102492,20250705,14,114,7,10,4,59000,0.0,236000,48000,188000
SO105495,20250705,9,283,11,7,1,349000,0.0,349000,190000,159000
SO108646,20250705,13,33,10,2,1,89000,0.0,89000,25000,64000
SO109122,20250705,11,173,15,2,5,199000,0.0,995000,425000,570000
SO103628,20250706,20,203,14,5,5,129000,0.0,645000,275000,370000
SO102540,20250706,13,150,11,6,4,89000,0.0,356000,100000,256000
SO106730,20250706,12,83,8,5,4,299000,0.05,1136200,480000,656200
SO109460,20250706,12,54,12,4,5,299000,0.1,1345500,600000,745500
SO108627,20250706,2,239,5,1,1,4499000,0.0,4499000,3100000,1399000
SO106703,20250706,14,181,1,4,5,59000,0.0,295000,60000,235000
SO102758,20250706,17,126,1,9,4,329000,0.1,1184400,600000,584400
SO105052,20250706,16,145,14,10,5,1599000,0.05,7595200,4600000,2995200
SO109947,20250706,19,7,8,7,2,169000,0.0,338000,150000,188000
SO104155,20250706,9,109,3,6,5,349000,0.05,1657800,950000,707800
SO105198,20250706,10,216,2,7,3,599000,0.05,1707200,930000,777200
SO110074,20250706,17,278,3,5,4,329000,0.0,1316000,600000,716000
SO110897,20250706,7,154,2,8,3,499000,0.0,1497000,840000,657000
SO110943,20250706,12,87,6,8,3,299000,0.0,897000,360000,537000
SO102157,20250706,5,250,7,12,4,3999000,0.0,15996000,11600000,4396000
SO101567,20250707,13,133,1,8,3,89000,0.05,253600,75000,178600
SO110765,20250707,14,79,8,10,4,59000,0.1,212400,48000,164400
SO101306,20250707,20,149,2,5,4,129000,0.0,516000,220000,296000
SO109745,20250707,15,156,11,11,2,899000,0.05,1708100,960000,748100
SO111881,20250707,18,61,11,10,4,649000,0.05,2466200,1280000,1186200
SO109301,20250707,10,285,5,9,5,599000,0.1,2695500,1550000,1145500
SO103754,20250707,4,248,1,10,1,8999000,0.0,8999000,6200000,2799000
SO109005,20250708,14,131,6,7,2,59000,0.0,118000,24000,94000
SO111597,20250708,8,68,4,7,4,799000,0.05,3036200,1680000,1356200
SO105632,20250708,19,288,2,8,3,169000,0.0,507000,225000,282000
SO102494,20250708,14,139,2,5,4,59000,0.05,224200,48000,176200
SO105568,20250708,11,260,1,7,2,199000,0.0,398000,170000,228000
SO101045,20250708,18,1,2,1,5,649000,0.0,3245000,1600000,1645000
SO106016,20250708,7,37,12,1,3,499000,0.0,1497000,840000,657000
SO100167,20250708,13,71,9,9,3,89000,0.0,267000,75000,192000
SO103087,20250708,7,235,15,11,1,499000,0.1,449100,280000,169100
SO103103,20250708,14,80,1,5,5,59000,0.0,295000,60000,235000
SO110476,20250708,3,32,7,1,2,1999000,0.1,3598200,2900000,698200
SO101623,20250709,9,286,4,5,1,349000,0.0,349000,190000,159000
SO110441,20250709,17,285,5,6,5,329000,0.05,1562800,750000,812800
SO109908,20250709,18,49,1,1,1,649000,0.0,649000,320000,329000
SO108415,20250709,10,291,14,9,2,599000,0.0,1198000,620000,578000
SO107254,20250709,11,55,3,7,1,199000,0.0,199000,85000,114000
SO102127,20250709,11,147,12,4,5,199000,0.0,995000,425000,570000
SO101004,20250709,19,70,8,1,3,169000,0.05,481600,225000,256600
SO103174,20250709,6,228,3,11,2,2199000,0.0,4398000,2700000,1698000
SO109222,20250709,18,208,2,1,2,649000,0.0,1298000,640000,658000
SO106359,20250709,20,261,2,7,4,129000,0.0,516000,220000,296000
SO104960,20250710,19,129,1,11,3,169000,0.0,507000,225000,282000
SO106056,20250710,20,121,13,12,2,129000,0.05,245100,110000,135100
SO110639,20250710,11,41,3,8,5,199000,0.05,945200,425000,520200
SO105809,20250710,9,205,7,3,1,349000,0.0,349000,190000,159000
SO105522,20250710,9,262,1,5,1,349000,0.0,349000,190000,159000
SO108539,20250710,17,29,1,9,2,329000,0.05,625100,300000,325100
SO109493,20250710,13,120,12,2,1,89000,0.05,84600,25000,59600
SO111362,20250710,14,189,18,9,2,59000,0.0,118000,24000,94000
SO106517,20250711,10,1,2,2,3,599000,0.0,1797000,930000,867000
SO108486,20250711,6,246,3,3,5,2199000,0.0,10995000,6750000,4245000
SO107836,20250711,13,41,3,8,4,89000,0.0,356000,100000,256000
SO105982,20250711,14,212,1,5,4,59000,0.05,224200,48000,176200
SO100275,20250711,15,235,15,6,2,899000,0.1,1618200,960000,658200
SO109810,20250711,11,60,1,4,3,199000,0.0,597000,255000,342000
SO104367,20250711,14,210,3,5,4,59000,0.0,236000,48000,188000
SO107748,20250711,15,128,5,1,3,899000,0.05,2562200,1440000,1122200
SO111083,20250711,14,297,4,12,5,59000,0.15,250800,60000,190800
SO108987,20250711,13,140,3,4,2,89000,0.0,178000,50000,128000
SO109464,20250711,13,245,3,11,4,89000,0.0,356000,100000,256000
SO103196,20250711,13,27,6,12,1,89000,0.0,89000,25000,64000
SO109101,20250711,18,30,6,12,2,649000,0.05,1233100,640000,593100
SO111385,20250712,11,291,14,5,3,199000,0.05,567200,255000,312200
SO111350,20250712,18,117,2,10,1,649000,0.0,649000,320000,329000
SO100524,20250712,18,76,9,4,5,649000,0.0,3245000,1600000,1645000
SO104431,20250712,12,285,5,4,1,299000,0.1,269100,120000,149100
SO105967,20250712,15,190,10,11,3,899000,0.0,2697000,1440000,1257000
SO100928,20250712,13,123,17,5,5,89000,0.0,445000,125000,320000
SO108469,20250712,15,150,11,1,2,899000,0.05,1708100,960000,748100
SO100835,20250712,13,95,3,3,4,89000,0.05,338200,100000,238200
SO102409,20250712,15,2,1,2,2,899000,0.05,1708100,960000,748100
SO107381,20250712,15,113,15,2,2,899000,0.05,1708100,960000,748100
SO102803,20250712,11,171,1,11,5,199000,0.1,895500,425000,470500
SO108010,20250713,13,95,3,5,5,89000,0.0,445000,125000,320000
SO106495,20250713,11,70,8,8,1,199000,0.0,199000,85000,114000
SO103568,20250713,17,100,15,8,3,329000,0.0,987000,450000,537000
SO104690,20250713,19,253,1,1,1,169000,0.0,169000,75000,94000
SO100243,20250713,6,49,1,12,2,2199000,0.1,3958200,2700000,1258200
SO106651,20250713,17,166,4,10,1,329000,0.05,312600,150000,162600
SO100655,20250713,6,77,1,3,1,2199000,0.0,2199000,1350000,849000
SO104976,20250713,13,199,6,5,5,89000,0.1,400500,125000,275500
SO105908,20250713,20,191,8,12,4,129000,0.15,438600,220000,218600
SO103241,20250713,7,267,5,7,2,499000,0.05,948100,560000,388100
SO105084,20250713,13,246,3,2,5,89000,0.0,445000,125000,320000
SO100406,20250714,7,108,4,3,3,499000,0.05,1422200,840000,582200
SO102123,20250714,14,48,4,3,2,59000,0.05,112100,24000,88100
SO101730,20250714,13,127,2,1,2,89000,0.0,178000,50000,128000
SO101605,20250714,2,166,4,4,1,4499000,0.05,4274000,3100000,1174000
SO105345,20250714,14,156,11,7,2,59000,0.0,118000,24000,94000
SO102467,20250714,18,262,1,7,4,649000,0.1,2336400,1280000,1056400
SO108964,20250714,12,124,15,7,2,299000,0.0,598000,240000,358000
SO100500,20250714,11,267,5,10,2,199000,0.0,398000,170000,228000
SO103880,20250714,19,298,3,3,1,169000,0.0,169000,75000,94000
SO107121,20250714,20,280,6,2,4,129000,0.05,490200,220000,270200
SO102307,20250714,19,40,5,8,2,169000,0.0,338000,150000,188000
SO110110,20250714,20,103,8,2,3,129000,0.0,387000,165000,222000
SO110809,20250714,19,209,1,2,3,169000,0.0,507000,225000,282000
SO104343,20250714,10,24,12,5,3,599000,0.0,1797000,930000,867000
SO105301,20250715,13,53,1,7,5,89000,0.0,445000,125000,320000
SO110601,20250715,12,50,9,5,4,299000,0.0,1196000,480000,716000
SO102808,20250715,14,53,1,2,3,59000,0.1,159300,36000,123300
SO107809,20250715,19,103,8,4,4,169000,0.0,676000,300000,376000
SO106824,20250715,19,77,1,10,3,169000,0.0,507000,225000,282000
SO108612,20250715,18,241,4,8,4,649000,0.05,2466200,1280000,1186200
SO103465,20250715,13,190,10,8,5,89000,0.05,422800,125000,297800
SO110271,20250715,3,158,3,7,4,1999000,0.05,7596200,5800000,1796200
SO101554,20250716,13,108,4,5,3,89000,0.05,253600,75000,178600
SO106867,20250716,14,155,8,4,2,59000,0.0,118000,24000,94000
SO109584,20250716,13,55,3,4,3,89000,0.0,267000,75000,192000
SO104689,20250716,9,48,4,8,3,349000,0.05,994600,570000,424600
SO103706,20250716,7,244,7,11,2,499000,0.0,998000,560000,438000
SO106373,20250716,17,91,14,8,1,329000,0.0,329000,150000,179000
SO108681,20250716,13,299,1,12,1,89000,0.0,89000,25000,64000
SO108889,20250716,7,246,3,8,4,499000,0.05,1896200,1120000,776200
SO108854,20250716,20,25,12,7,1,129000,0.0,129000,55000,74000
SO100505,20250716,9,62,14,10,3,349000,0.0,1047000,570000,477000
SO101974,20250717,8,108,4,2,1,799000,0.0,799000,420000,379000
SO108430,20250717,17,229,12,7,4,329000,0.0,1316000,600000,716000
SO103169,20250717,8,229,12,3,4,799000,0.0,3196000,1680000,1516000
SO102544,20250717,11,239,5,12,2,199000,0.0,398000,170000,228000
SO100440,20250717,10,174,4,6,1,599000,0.0,599000,310000,289000
SO101754,20250717,15,105,2,10,2,899000,0.05,1708100,960000,748100
SO110320,20250717,9,205,7,8,1,349000,0.0,349000,190000,159000
SO106116,20250717,13,52,3,8,5,89000,0.05,422800,125000,297800
SO106909,20250717,14,226,11,8,4,59000,0.0,236000,48000,188000
SO101844,20250717,14,245,3,6,4,59000,0.0,236000,48000,188000
SO103817,20250717,13,80,1,11,4,89000,0.0,356000,100000,256000
SO101386,20250717,13,262,1,4,4,89000,0.0,356000,100000,256000
SO103956,20250718,13,85,3,3,5,89000,0.1,400500,125000,275500
SO110817,20250718,20,66,12,1,4,129000,0.1,464400,220000,244400
SO101097,20250718,17,199,6,6,4,329000,0.0,1316000,600000,716000
SO106644,20250718,7,267,5,7,3,499000,0.05,1422200,840000,582200
SO110370,20250718,17,18,18,2,2,329000,0.1,592200,300000,292200
SO109693,20250718,19,203,14,12,1,169000,0.1,152100,75000,77100
SO102397,20250718,15,275,3,7,4,899000,0.05,3416200,1920000,1496200
SO107921,20250718,11,13,1,6,2,199000,0.0,398000,170000,228000
SO109549,20250718,10,152,3,2,4,599000,0.1,2156400,1240000,916400
SO108269,20250718,11,205,7,4,5,199000,0.0,995000,425000,570000
SO109554,20250718,15,182,14,2,5,899000,0.15,3820800,2400000,1420800
SO104845,20250718,9,154,2,4,3,349000,0.0,1047000,570000,477000
SO104899,20250718,14,62,14,7,1,59000,0.0,59000,12000,47000
SO109997,20250718,19,141,3,4,5,169000,0.05,802800,375000,427800
SO108289,20250719,16,4,3,4,3,1599000,0.0,4797000,2760000,2037000
SO105807,20250719,18,263,2,10,1,649000,0.05,616600,320000,296600
SO104829,20250719,20,273,2,4,5,129000,0.0,645000,275000,370000
SO111662,20250719,5,245,3,6,3,3999000,0.05,11397200,8700000,2697200
SO102675,20250719,7,102,1,11,4,499000,0.05,1896200,1120000,776200
SO109285,20250719,16,196,1,7,3,1599000,0.0,4797000,2760000,2037000
SO104329,20250719,2,153,3,3,5,4499000,0.0,22495000,15500000,6995000
SO103165,20250719,3,283,11,8,2,1999000,0.05,3798100,2900000,898100
SO101579,20250719,16,154,2,7,1,1599000,0.0,1599000,920000,679000
SO101088,20250720,11,126,1,2,4,199000,0.0,796000,340000,456000
SO104901,20250720,11,132,5,3,2,199000,0.15,338300,170000,168300
SO107978,20250720,11,100,15,9,1,199000,0.1,179100,85000,94100
SO104344,20250720,14,43,8,1,2,59000,0.0,118000,24000,94000
SO109476,20250720,17,194,14,6,4,329000,0.05,1250200,600000,650200
SO109645,20250720,17,16,1,11,5,329000,0.1,1480500,750000,730500
SO107691,20250720,12,118,2,9,5,299000,0.0,1495000,600000,895000
SO104311,20250720,17,299,1,4,5,329000,0.05,1562800,750000,812800
SO109774,20250720,19,292,11,11,3,169000,0.1,456300,225000,231300
SO106987,20250720,14,192,3,11,4,59000,0.05,224200,48000,176200
SO105543,20250720,5,117,2,5,3,3999000,0.0,11997000,8700000,3297000
SO105134,20250720,17,225,7,4,4,329000,0.0,1316000,600000,716000
SO105595,20250720,13,184,6,9,4,89000,0.1,320400,100000,220400
SO101598,20250721,8,217,8,1,3,799000,0.05,2277200,1260000,1017200
SO110600,20250721,14,133,1,12,4,59000,0.1,212400,48000,164400
SO101400,20250721,13,87,6,2,3,89000,0.0,267000,75000,192000
SO105670,20250721,15,255,1,1,1,899000,0.0,899000,480000,419000
SO101513,20250721,11,152,3,1,2,199000,0.15,338300,170000,168300
SO106343,20250721,8,278,3,12,5,799000,0.05,3795200,2100000,1695200
SO103215,20250721,20,300,7,9,1,129000,0.05,122600,55000,67600
SO104828,20250721,12,62,14,2,2,299000,0.0,598000,240000,358000
SO110314,20250721,16,139,2,5,5,1599000,0.0,7995000,4600000,3395000
SO108722,20250721,3,73,1,10,2,1999000,0.0,3998000,2900000,1098000
SO110900,20250721,11,210,3,1,1,199000,0.05,189000,85000,104000
SO104261,20250721,19,53,1,10,3,169000,0.05,481600,225000,256600
SO100070,20250721,13,153,3,12,2,89000,0.05,169100,50000,119100
SO101877,20250721,17,97,1,6,3,329000,0.0,987000,450000,537000
SO111027,20250721,11,224,1,7,5,199000,0.05,945200,425000,520200
SO102626,20250721,20,92,3,8,5,129000,0.0,645000,275000,370000
SO108848,20250721,20,147,12,5,3,129000,0.0,387000,165000,222000
SO106552,20250721,12,242,13,10,4,299000,0.0,1196000,480000,716000
SO100159,20250721,15,7,8,12,3,899000,0.05,2562200,1440000,1122200
SO102177,20250721,19,186,3,7,5,169000,0.0,845000,375000,470000
SO109849,20250721,14,54,12,6,3,59000,0.0,177000,36000,141000
SO108557,20250721,10,145,14,12,1,599000,0.0,599000,310000,289000
SO109138,20250722,14,99,3,7,1,59000,0.05,56000,12000,44000
SO104757,20250722,11,38,2,4,4,199000,0.0,796000,340000,456000
SO100442,20250722,7,113,15,4,5,499000,0.0,2495000,1400000,1095000
SO105878,20250722,8,228,3,5,1,799000,0.05,759000,420000,339000
SO107989,20250722,10,52,3,5,2,599000,0.05,1138100,620000,518100
SO105482,20250722,9,2,1,11,4,349000,0.05,1326200,760000,566200
SO100583,20250722,8,259,7,8,4,799000,0.0,3196000,1680000,1516000
SO108773,20250722,20,262,1,8,3,129000,0.05,367600,165000,202600
SO102478,20250722,20,43,8,4,2,129000,0.0,258000,110000,148000
SO107428,20250722,19,282,14,11,3,169000,0.0,507000,225000,282000
SO111054,20250722,20,241,4,1,4,129000,0.0,516000,220000,296000
SO104692,20250722,19,116,1,11,2,169000,0.0,338000,150000,188000
SO106145,20250722,17,115,4,6,2,329000,0.05,625100,300000,325100
SO102811,20250722,13,10,2,10,5,89000,0.0,445000,125000,320000
SO106494,20250723,11,239,5,4,4,199000,0.0,796000,340000,456000
SO102331,20250723,18,123,17,8,1,649000,0.0,649000,320000,329000
SO102941,20250723,6,95,3,2,2,2199000,0.05,4178100,2700000,1478100
SO103478,20250723,4,125,1,8,3,8999000,0.0,26997000,18600000,8397000
SO102351,20250723,10,276,7,12,5,599000,0.0,2995000,1550000,1445000
SO111395,20250723,12,170,3,12,4,299000,0.0,1196000,480000,716000
SO100045,20250723,17,45,8,2,5,329000,0.0,1645000,750000,895000
SO102243,20250723,20,282,14,3,4,129000,0.1,464400,220000,244400
SO104151,20250723,18,54,12,11,3,649000,0.1,1752300,960000,792300
SO110146,20250723,10,2,1,1,1,599000,0.0,599000,310000,289000
SO100393,20250724,17,230,8,9,5,329000,0.05,1562800,750000,812800
SO106275,20250724,15,78,1,5,5,899000,0.0,4495000,2400000,2095000
SO101893,20250724,8,141,3,10,1,799000,0.05,759000,420000,339000
SO110638,20250724,20,147,12,3,1,129000,0.0,129000,55000,74000
SO106439,20250724,11,163,14,2,4,199000,0.0,796000,340000,456000
SO110526,20250724,12,18,18,12,5,299000,0.0,1495000,600000,895000
SO102538,20250724,16,50,9,1,4,1599000,0.05,6076200,3680000,2396200
SO111145,20250724,7,267,5,8,4,499000,0.05,1896200,1120000,776200
SO109262,20250725,13,222,15,6,1,89000,0.0,89000,25000,64000
SO107712,20250725,15,128,5,7,4,899000,0.0,3596000,1920000,1676000
SO106636,20250725,14,281,3,3,3,59000,0.0,177000,36000,141000
SO100068,20250725,9,292,11,7,5,349000,0.0,1745000,950000,795000
SO100064,20250725,19,259,7,4,3,169000,0.0,507000,225000,282000
SO100087,20250725,10,110,2,2,1,599000,0.1,539100,310000,229100
SO101540,20250725,11,270,6,8,4,199000,0.0,796000,340000,456000
SO109665,20250725,13,174,4,9,5,89000,0.0,445000,125000,320000
SO101520,20250725,12,191,8,11,3,299000,0.05,852200,360000,492200
SO104602,20250725,17,224,1,4,4,329000,0.0,1316000,600000,716000
SO104919,20250725,12,88,6,9,3,299000,0.05,852200,360000,492200
SO106265,20250725,9,162,1,6,3,349000,0.1,942300,570000,372300
SO107035,20250726,10,260,1,12,5,599000,0.0,2995000,1550000,1445000
SO108485,20250726,13,100,15,9,1,89000,0.0,89000,25000,64000
SO105585,20250726,13,135,1,1,3,89000,0.0,267000,75000,192000
SO103361,20250726,11,82,3,11,5,199000,0.0,995000,425000,570000
SO100846,20250726,4,40,5,1,1,8999000,0.0,8999000,6200000,2799000
SO103222,20250726,18,178,1,10,5,649000,0.05,3082800,1600000,1482800
SO101079,20250726,18,146,1,12,1,649000,0.0,649000,320000,329000
SO110135,20250727,12,95,3,3,4,299000,0.05,1136200,480000,656200
SO110262,20250727,11,273,2,1,2,199000,0.0,398000,170000,228000
SO107307,20250727,20,219,7,11,4,129000,0.0,516000,220000,296000
SO104006,20250727,5,96,1,6,1,3999000,0.1,3599100,2900000,699100
SO108797,20250727,17,42,7,4,5,329000,0.0,1645000,750000,895000
SO107591,20250727,13,62,14,4,5,89000,0.0,445000,125000,320000
SO104174,20250727,13,191,8,11,3,89000,0.05,253600,75000,178600
SO109043,20250727,19,75,12,6,4,169000,0.0,676000,300000,376000
SO108156,20250727,14,118,2,9,4,59000,0.05,224200,48000,176200
SO108127,20250727,6,251,7,11,4,2199000,0.0,8796000,5400000,3396000
SO111040,20250728,10,85,3,9,1,599000,0.0,599000,310000,289000
SO109069,20250728,20,199,6,2,4,129000,0.0,516000,220000,296000
SO102378,20250728,11,263,2,3,2,199000,0.05,378100,170000,208100
SO101234,20250728,6,178,1,1,3,2199000,0.15,5607400,4050000,1557400
SO103737,20250728,13,120,12,6,3,89000,0.1,240300,75000,165300
SO109929,20250728,17,240,8,12,4,329000,0.0,1316000,600000,716000
SO106163,20250728,14,260,1,11,4,59000,0.0,236000,48000,188000
SO104618,20250728,13,156,11,7,1,89000,0.05,84600,25000,59600
SO107050,20250728,4,176,1,3,1,8999000,0.0,8999000,6200000,2799000
SO100113,20250728,11,207,18,5,4,199000,0.0,796000,340000,456000
SO107885,20250728,13,293,17,6,1,89000,0.15,75600,25000,50600
SO104768,20250728,11,250,7,11,3,199000,0.1,537300,255000,282300
SO101475,20250728,9,203,14,3,5,349000,0.0,1745000,950000,795000
SO101735,20250728,9,263,2,3,1,349000,0.05,331600,190000,141600
SO104348,20250728,11,295,8,6,1,199000,0.0,199000,85000,114000
SO100206,20250728,14,166,4,11,5,59000,0.0,295000,60000,235000
SO111793,20250729,17,46,17,3,5,329000,0.0,1645000,750000,895000
SO100671,20250729,11,212,1,1,1,199000,0.05,189000,85000,104000
SO107164,20250729,10,290,14,5,2,599000,0.0,1198000,620000,578000
SO101368,20250729,7,224,1,12,1,499000,0.05,474000,280000,194000
SO111969,20250729,9,231,18,12,1,349000,0.05,331600,190000,141600
SO109588,20250729,13,214,3,5,4,89000,0.05,338200,100000,238200
SO107929,20250729,14,21,18,2,4,59000,0.05,224200,48000,176200
SO107874,20250729,13,270,6,1,3,89000,0.1,240300,75000,165300
SO110066,20250729,11,40,5,4,3,199000,0.1,537300,255000,282300
SO107384,20250729,6,162,1,9,5,2199000,0.1,9895500,6750000,3145500
SO107317,20250729,15,251,7,4,1,899000,0.0,899000,480000,419000
SO103013,20250729,14,7,8,12,5,59000,0.0,295000,60000,235000
SO102046,20250729,12,248,1,1,1,299000,0.0,299000,120000,179000
SO104884,20250729,20,196,1,12,4,129000,0.0,516000,220000,296000
SO102829,20250730,15,109,3,3,2,899000,0.0,1798000,960000,838000
SO108778,20250730,15,272,6,7,3,899000,0.0,2697000,1440000,1257000
SO104000,20250730,19,103,8,3,1,169000,0.0,169000,75000,94000
SO109897,20250730,12,39,6,6,1,299000,0.0,299000,120000,179000
SO108237,20250730,19,259,7,11,5,169000,0.0,845000,375000,470000
SO106809,20250730,9,219,7,2,3,349000,0.0,1047000,570000,477000
SO103338,20250730,13,224,1,1,5,89000,0.0,445000,125000,320000
SO107238,20250730,13,191,8,1,1,89000,0.05,84600,25000,59600
SO108151,20250730,18,34,1,10,1,649000,0.1,584100,320000,264100
SO111607,20250730,3,225,7,2,4,1999000,0.0,7996000,5800000,2196000
SO103380,20250730,17,162,1,7,3,329000,0.05,937600,450000,487600
SO111874,20250730,19,226,11,8,4,169000,0.15,574600,300000,274600
SO102956,20250730,13,44,5,3,5,89000,0.0,445000,125000,320000
SO109251,20250730,16,141,3,12,5,1599000,0.0,7995000,4600000,3395000
SO103143,20250730,19,102,1,4,4,169000,0.0,676000,300000,376000
SO101332,20250730,11,152,3,11,4,199000,0.0,796000,340000,456000
SO111991,20250730,10,229,12,1,3,599000,0.05,1707200,930000,777200
SO100104,20250730,14,284,2,6,1,59000,0.0,59000,12000,47000
SO104270,20250730,14,146,1,5,2,59000,0.0,118000,24000,94000
SO101405,20250731,19,293,17,4,5,169000,0.0,845000,375000,470000
SO100621,20250731,6,229,12,10,1,2199000,0.05,2089000,1350000,739000
SO104240,20250731,14,131,6,3,3,59000,0.0,177000,36000,141000
SO111845,20250731,1,173,15,1,2,13999000,0.0,27998000,19600000,8398000
SO101902,20250731,11,138,8,12,4,199000,0.05,756200,340000,416200
SO108989,20250731,7,211,1,6,4,499000,0.05,1896200,1120000,776200
SO104281,20250731,13,165,9,12,1,89000,0.0,89000,25000,64000
SO100716,20250731,13,232,5,12,1,89000,0.0,89000,25000,64000
SO106194,20250731,14,180,1,2,2,59000,0.05,112100,24000,88100
SO101430,20250731,9,94,3,12,1,349000,0.0,349000,190000,159000
SO107655,20250731,14,102,1,2,3,59000,0.0,177000,36000,141000
SO110230,20250801,8,40,5,11,3,799000,0.0,2397000,1260000,1137000
SO106599,20250801,1,278,3,1,3,13999000,0.0,41997000,29400000,12597000
SO100312,20250801,18,74,13,8,5,649000,0.05,3082800,1600000,1482800
SO103949,20250801,19,215,14,8,4,169000,0.1,608400,300000,308400
SO104709,20250801,19,126,1,5,5,169000,0.0,845000,375000,470000
SO104338,20250801,13,219,7,7,5,89000,0.0,445000,125000,320000
SO101262,20250801,8,45,8,11,5,799000,0.05,3795200,2100000,1695200
SO109612,20250801,14,60,1,11,5,59000,0.0,295000,60000,235000
SO110783,20250802,7,114,7,12,2,499000,0.0,998000,560000,438000
SO109583,20250802,13,259,7,3,4,89000,0.0,356000,100000,256000
SO111953,20250802,20,127,2,8,2,129000,0.0,258000,110000,148000
SO106619,20250802,20,273,2,8,5,129000,0.0,645000,275000,370000
SO103334,20250802,19,162,1,5,3,169000,0.05,481600,225000,256600
SO109469,20250802,9,69,8,10,4,349000,0.0,1396000,760000,636000
SO103251,20250803,12,51,4,7,5,299000,0.0,1495000,600000,895000
SO105668,20250803,9,35,6,10,3,349000,0.0,1047000,570000,477000
SO102617,20250803,11,141,3,10,2,199000,0.0,398000,170000,228000
SO106332,20250803,11,190,10,9,1,199000,0.0,199000,85000,114000
SO107246,20250803,19,171,1,1,5,169000,0.05,802800,375000,427800
SO104571,20250803,14,269,15,2,2,59000,0.05,112100,24000,88100
SO100044,20250803,9,69,8,5,1,349000,0.0,349000,190000,159000
SO108888,20250803,3,111,1,2,4,1999000,0.0,7996000,5800000,2196000
SO104802,20250804,13,250,7,2,4,89000,0.1,320400,100000,220400
SO100771,20250804,20,12,6,5,3,129000,0.15,329000,165000,164000
SO110831,20250804,13,266,1,4,3,89000,0.1,240300,75000,165300
SO109543,20250804,12,296,8,5,3,299000,0.15,762400,360000,402400
SO110472,20250804,20,49,1,5,1,129000,0.0,129000,55000,74000
SO100024,20250804,12,263,2,3,4,299000,0.05,1136200,480000,656200
SO105152,20250804,10,222,15,4,5,599000,0.0,2995000,1550000,1445000
SO107155,20250804,8,273,2,9,5,799000,0.05,3795200,2100000,1695200
SO100496,20250805,18,187,5,10,4,649000,0.0,2596000,1280000,1316000
SO107427,20250805,18,41,3,8,3,649000,0.05,1849600,960000,889600
SO108331,20250805,6,195,3,6,1,2199000,0.05,2089000,1350000,739000
SO110551,20250805,10,267,5,2,2,599000,0.0,1198000,620000,578000
SO108249,20250805,20,2,1,12,3,129000,0.0,387000,165000,222000
SO111209,20250805,19,32,7,12,4,169000,0.15,574600,300000,274600
SO108748,20250806,2,151,1,6,2,4499000,0.05,8548100,6200000,2348100
SO106587,20250806,5,126,1,1,1,3999000,0.0,3999000,2900000,1099000
SO109375,20250806,8,245,3,12,2,799000,0.0,1598000,840000,758000
SO100516,20250806,19,234,2,6,3,169000,0.05,481600,225000,256600
SO110328,20250806,7,191,8,2,3,499000,0.1,1347300,840000,507300
SO102303,20250806,12,40,5,10,1,299000,0.05,284000,120000,164000
SO100296,20250806,5,200,8,7,1,3999000,0.1,3599100,2900000,699100
SO104047,20250806,20,217,8,7,5,129000,0.05,612800,275000,337800
SO107305,20250806,9,102,1,12,3,349000,0.05,994600,570000,424600
SO110192,20250806,11,2,1,6,1,199000,0.0,199000,85000,114000
SO107961,20250806,6,73,1,2,2,2199000,0.05,4178100,2700000,1478100
SO108565,20250806,14,178,1,5,5,59000,0.05,280200,60000,220200
SO101249,20250807,19,206,1,12,3,169000,0.0,507000,225000,282000
SO102994,20250807,8,59,1,3,2,799000,0.05,1518100,840000,678100
SO109649,20250807,14,166,4,7,3,59000,0.0,177000,36000,141000
SO101692,20250807,17,94,3,6,1,329000,0.05,312600,150000,162600
SO104519,20250807,10,231,18,12,5,599000,0.0,2995000,1550000,1445000
SO102525,20250807,17,109,3,12,4,329000,0.0,1316000,600000,716000
SO103095,20250807,17,212,1,12,2,329000,0.1,592200,300000,292200
SO105005,20250807,12,61,11,10,2,299000,0.0,598000,240000,358000
SO106317,20250807,15,244,7,2,4,899000,0.0,3596000,1920000,1676000
SO102683,20250808,14,17,4,9,1,59000,0.0,59000,12000,47000
SO104011,20250808,14,258,2,4,5,59000,0.05,280200,60000,220200
SO111353,20250808,19,87,6,1,1,169000,0.0,169000,75000,94000
SO110636,20250808,12,224,1,9,5,299000,0.05,1420200,600000,820200
SO107898,20250808,20,8,8,11,3,129000,0.0,387000,165000,222000
SO109162,20250808,13,149,2,5,5,89000,0.0,445000,125000,320000
SO107956,20250808,4,113,15,8,4,8999000,0.0,35996000,24800000,11196000
SO100475,20250808,15,233,7,6,1,899000,0.05,854000,480000,374000
SO101417,20250808,14,255,1,12,2,59000,0.0,118000,24000,94000
SO101483,20250808,11,105,2,3,2,199000,0.1,358200,170000,188200
SO107279,20250808,17,151,1,8,5,329000,0.0,1645000,750000,895000
SO108244,20250808,19,70,8,3,1,169000,0.0,169000,75000,94000
SO104841,20250808,17,280,6,7,2,329000,0.0,658000,300000,358000
SO100253,20250809,19,258,2,4,5,169000,0.0,845000,375000,470000
SO110764,20250809,19,5,1,12,3,169000,0.0,507000,225000,282000
SO106856,20250809,16,67,3,1,2,1599000,0.0,3198000,1840000,1358000
SO102430,20250809,13,4,3,7,2,89000,0.05,169100,50000,119100
SO100293,20250809,19,46,17,3,2,169000,0.0,338000,150000,188000
SO101654,20250809,12,15,7,8,3,299000,0.0,897000,360000,537000
SO110352,20250809,15,61,11,4,4,899000,0.1,3236400,1920000,1316400
SO106941,20250809,11,18,18,4,1,199000,0.0,199000,85000,114000
SO105994,20250809,4,90,6,1,2,8999000,0.0,17998000,12400000,5598000
SO104074,20250809,11,155,8,6,1,199000,0.0,199000,85000,114000
SO102470,20250809,12,230,8,7,3,299000,0.05,852200,360000,492200
SO111727,20250810,13,51,4,7,4,89000,0.05,338200,100000,238200
SO105186,20250810,17,225,7,1,3,329000,0.0,987000,450000,537000
SO108650,20250810,14,270,6,4,4,59000,0.0,236000,48000,188000
SO109247,20250810,19,282,14,5,4,169000,0.0,676000,300000,376000
SO105167,20250810,16,39,6,1,2,1599000,0.0,3198000,1840000,1358000
SO105140,20250810,11,128,5,11,3,199000,0.0,597000,255000,342000
SO104926,20250810,19,93,1,3,2,169000,0.05,321100,150000,171100
SO107387,20250810,20,243,3,9,3,129000,0.0,387000,165000,222000
SO105344,20250810,7,266,1,4,3,499000,0.0,1497000,840000,657000
SO110298,20250810,13,159,4,5,4,89000,0.0,356000,100000,256000
SO106531,20250810,17,43,8,8,5,329000,0.0,1645000,750000,895000
SO105897,20250810,19,270,6,1,5,169000,0.05,802800,375000,427800
SO101084,20250810,14,181,1,12,2,59000,0.05,112100,24000,88100
SO111819,20250810,6,226,11,7,5,2199000,0.0,10995000,6750000,4245000
SO102384,20250810,14,209,1,8,3,59000,0.0,177000,36000,141000
SO100005,20250811,16,153,3,12,5,1599000,0.0,7995000,4600000,3395000
SO105983,20250811,9,77,1,3,2,349000,0.0,698000,380000,318000
SO105617,20250811,19,268,8,9,5,169000,0.0,845000,375000,470000
SO106878,20250811,16,116,1,1,5,1599000,0.0,7995000,4600000,3395000
SO108956,20250811,20,116,1,10,5,129000,0.05,612800,275000,337800
SO104609,20250811,9,208,2,3,3,349000,0.0,1047000,570000,477000
SO103236,20250812,17,49,1,3,1,329000,0.0,329000,150000,179000
SO106753,20250812,19,98,7,3,1,169000,0.0,169000,75000,94000
SO104436,20250812,8,283,11,10,2,799000,0.0,1598000,840000,758000
SO109658,20250812,12,134,2,2,1,299000,0.0,299000,120000,179000
SO103923,20250812,3,203,14,12,1,1999000,0.0,1999000,1450000,549000
SO106944,20250812,20,133,1,3,4,129000,0.0,516000,220000,296000
SO105454,20250812,8,21,18,3,5,799000,0.0,3995000,2100000,1895000
SO111900,20250812,8,5,1,3,4,799000,0.05,3036200,1680000,1356200
SO107009,20250812,15,176,1,2,3,899000,0.05,2562200,1440000,1122200
SO106910,20250812,18,237,8,6,1,649000,0.1,584100,320000,264100
SO103230,20250812,7,37,12,9,5,499000,0.0,2495000,1400000,1095000
SO106273,20250812,20,252,7,3,4,129000,0.0,516000,220000,296000
SO105092,20250812,20,40,5,1,4,129000,0.0,516000,220000,296000
SO102721,20250813,17,87,6,7,2,329000,0.05,625100,300000,325100
SO105619,20250813,8,110,2,4,2,799000,0.1,1438200,840000,598200
SO101670,20250813,9,151,1,9,3,349000,0.0,1047000,570000,477000
SO101562,20250813,14,108,4,2,2,59000,0.0,118000,24000,94000
SO104799,20250813,8,201,9,9,1,799000,0.05,759000,420000,339000
SO108879,20250813,6,19,1,5,3,2199000,0.05,6267200,4050000,2217200
SO103286,20250814,13,131,6,7,5,89000,0.05,422800,125000,297800
SO106760,20250814,19,7,8,10,5,169000,0.0,845000,375000,470000
SO110442,20250814,20,92,3,10,2,129000,0.0,258000,110000,148000
SO100687,20250814,16,62,14,12,3,1599000,0.0,4797000,2760000,2037000
SO104433,20250814,17,293,17,10,2,329000,0.0,658000,300000,358000
SO111073,20250814,12,131,6,2,1,299000,0.0,299000,120000,179000
SO110587,20250814,9,196,1,8,1,349000,0.0,349000,190000,159000
SO100314,20250815,17,23,1,1,3,329000,0.1,888300,450000,438300
SO103700,20250815,13,144,1,8,1,89000,0.0,89000,25000,64000
SO100955,20250815,19,56,7,11,5,169000,0.0,845000,375000,470000
SO109461,20250815,20,217,8,5,1,129000,0.0,129000,55000,74000
SO104790,20250815,19,295,8,7,1,169000,0.0,169000,75000,94000
SO111342,20250815,12,18,18,9,4,299000,0.0,1196000,480000,716000
SO109447,20250815,17,126,1,11,2,329000,0.0,658000,300000,358000
SO103352,20250815,17,16,1,6,2,329000,0.05,625100,300000,325100
SO104041,20250815,8,204,3,2,4,799000,0.05,3036200,1680000,1356200
SO107323,20250815,13,181,1,6,3,89000,0.1,240300,75000,165300
SO101175,20250815,20,116,1,7,1,129000,0.0,129000,55000,74000
SO110616,20250815,11,79,8,12,4,199000,0.0,796000,340000,456000
SO110711,20250815,20,146,1,5,1,129000,0.0,129000,55000,74000
SO100902,20250815,14,83,8,12,1,59000,0.0,59000,12000,47000
SO111366,20250816,6,21,18,8,3,2199000,0.05,6267200,4050000,2217200
SO108208,20250816,19,166,4,10,5,169000,0.0,845000,375000,470000
SO107365,20250816,12,132,5,9,4,299000,0.1,1076400,480000,596400
SO102038,20250816,4,158,3,11,5,8999000,0.0,44995000,31000000,13995000
SO111646,20250816,9,272,6,1,2,349000,0.0,698000,380000,318000
SO111218,20250816,18,200,8,6,5,649000,0.05,3082800,1600000,1482800
SO111851,20250816,7,199,6,3,4,499000,0.0,1996000,1120000,876000
SO108107,20250816,14,219,7,1,5,59000,0.0,295000,60000,235000
SO109183,20250817,19,235,15,11,1,169000,0.05,160600,75000,85600
SO111875,20250817,12,49,1,1,4,299000,0.0,1196000,480000,716000
SO107917,20250817,11,268,8,10,5,199000,0.05,945200,425000,520200
SO103552,20250817,11,164,12,9,2,199000,0.0,398000,170000,228000
SO101643,20250817,13,71,9,11,1,89000,0.0,89000,25000,64000
SO106521,20250817,16,182,14,10,5,1599000,0.05,7595200,4600000,2995200
SO105571,20250817,14,47,3,6,4,59000,0.05,224200,48000,176200
SO110586,20250817,14,12,6,3,2,59000,0.05,112100,24000,88100
SO105004,20250817,8,182,14,12,5,799000,0.15,3395800,2100000,1295800
SO101041,20250817,18,208,2,3,4,649000,0.0,2596000,1280000,1316000
SO108293,20250818,17,244,7,7,1,329000,0.0,329000,150000,179000
SO104723,20250818,9,159,4,12,2,349000,0.0,698000,380000,318000
SO108017,20250818,9,37,12,8,4,349000,0.05,1326200,760000,566200
SO111861,20250818,3,9,8,9,1,1999000,0.0,1999000,1450000,549000
SO109035,20250818,8,196,1,3,3,799000,0.0,2397000,1260000,1137000
SO110381,20250818,19,61,11,7,5,169000,0.05,802800,375000,427800
SO111719,20250818,12,162,1,9,3,299000,0.0,897000,360000,537000
SO110856,20250818,14,240,8,6,3,59000,0.05,168200,36000,132200
SO106826,20250818,3,70,8,11,5,1999000,0.1,8995500,7250000,1745500
SO109233,20250818,11,191,8,2,2,199000,0.05,378100,170000,208100
SO103787,20250818,10,130,11,3,2,599000,0.0,1198000,620000,578000
SO111058,20250818,17,211,1,2,2,329000,0.1,592200,300000,292200
SO100900,20250819,10,274,17,11,4,599000,0.0,2396000,1240000,1156000
SO106141,20250819,14,70,8,1,5,59000,0.05,280200,60000,220200
SO105447,20250819,14,297,4,11,3,59000,0.0,177000,36000,141000
SO105691,20250819,19,70,8,7,1,169000,0.05,160600,75000,85600
SO105228,20250819,12,139,2,11,1,299000,0.0,299000,120000,179000
SO105213,20250819,11,97,1,8,2,199000,0.1,358200,170000,188200
SO108620,20250819,13,275,3,9,4,89000,0.0,356000,100000,256000
SO109194,20250819,9,80,1,9,3,349000,0.0,1047000,570000,477000
SO103156,20250819,8,49,1,6,3,799000,0.0,2397000,1260000,1137000
SO110597,20250819,14,71,9,2,2,59000,0.0,118000,24000,94000
SO105111,20250819,3,168,4,1,2,1999000,0.05,3798100,2900000,898100
SO101551,20250819,14,276,7,1,2,59000,0.0,118000,24000,94000
SO109896,20250820,18,121,13,9,1,649000,0.0,649000,320000,329000
SO104795,20250820,9,113,15,2,1,349000,0.0,349000,190000,159000
SO109601,20250820,20,196,1,11,1,129000,0.0,129000,55000,74000
SO106483,20250820,12,158,3,2,1,299000,0.0,299000,120000,179000
SO100559,20250820,13,292,11,8,2,89000,0.0,178000,50000,128000
SO101696,20250820,12,103,8,12,2,299000,0.0,598000,240000,358000
SO102227,20250820,11,40,5,10,4,199000,0.0,796000,340000,456000
SO110445,20250820,18,154,2,4,1,649000,0.0,649000,320000,329000
SO106689,20250820,19,253,1,2,3,169000,0.0,507000,225000,282000
SO102939,20250820,11,294,8,8,2,199000,0.05,378100,170000,208100
SO110335,20250821,14,35,6,2,4,59000,0.0,236000,48000,188000
SO101282,20250821,14,208,2,10,2,59000,0.05,112100,24000,88100
SO105396,20250821,11,125,1,4,3,199000,0.0,597000,255000,342000
SO111511,20250821,8,134,2,5,4,799000,0.0,3196000,1680000,1516000
SO100479,20250821,20,274,17,1,1,129000,0.1,116100,55000,61100
SO111448,20250821,7,264,7,6,3,499000,0.0,1497000,840000,657000
SO106409,20250821,14,105,2,12,4,59000,0.05,224200,48000,176200
SO109585,20250821,7,221,3,11,2,499000,0.0,998000,560000,438000
SO109941,20250821,13,46,17,12,1,89000,0.05,84600,25000,59600
SO109348,20250821,11,72,6,7,3,199000,0.0,597000,255000,342000
SO100568,20250822,14,164,12,3,4,59000,0.0,236000,48000,188000
SO107486,20250822,15,252,7,1,4,899000,0.0,3596000,1920000,1676000
SO110205,20250822,7,240,8,12,1,499000,0.05,474000,280000,194000
SO104954,20250822,20,14,1,8,5,129000,0.05,612800,275000,337800
SO106655,20250822,19,49,1,8,4,169000,0.0,676000,300000,376000
SO105209,20250822,10,186,3,6,2,599000,0.0,1198000,620000,578000
SO102229,20250822,7,233,7,7,1,499000,0.1,449100,280000,169100
SO100804,20250822,14,210,3,5,4,59000,0.0,236000,48000,188000
SO110462,20250822,11,237,8,5,3,199000,0.05,567200,255000,312200
SO105394,20250822,2,132,5,3,5,4499000,0.0,22495000,15500000,6995000
SO100869,20250822,15,15,7,6,1,899000,0.1,809100,480000,329100
SO109217,20250822,9,280,6,10,2,349000,0.0,698000,380000,318000
SO103476,20250822,19,116,1,11,3,169000,0.05,481600,225000,256600
SO110502,20250822,20,206,1,5,3,129000,0.05,367600,165000,202600
SO106869,20250822,1,98,7,2,5,13999000,0.05,66495200,49000000,17495200
SO111787,20250822,8,64,3,10,3,799000,0.0,2397000,1260000,1137000
SO108552,20250823,18,94,3,10,5,649000,0.1,2920500,1600000,1320500
SO100756,20250823,9,33,10,5,3,349000,0.0,1047000,570000,477000
SO103528,20250823,10,103,8,2,1,599000,0.0,599000,310000,289000
SO103484,20250823,2,287,6,10,3,4499000,0.0,13497000,9300000,4197000
SO102957,20250823,20,131,6,2,1,129000,0.05,122600,55000,67600
SO110341,20250823,14,215,14,4,4,59000,0.0,236000,48000,188000
SO105565,20250823,14,277,1,7,3,59000,0.0,177000,36000,141000
SO110197,20250823,17,215,14,12,1,329000,0.0,329000,150000,179000
SO107093,20250823,15,45,8,12,5,899000,0.05,4270200,2400000,1870200
SO108736,20250823,13,195,3,3,3,89000,0.0,267000,75000,192000
SO109789,20250823,5,137,6,6,4,3999000,0.1,14396400,11600000,2796400
SO102789,20250823,6,59,1,10,5,2199000,0.0,10995000,6750000,4245000
SO100860,20250823,17,290,14,11,2,329000,0.0,658000,300000,358000
SO100790,20250824,15,297,4,11,4,899000,0.1,3236400,1920000,1316400
SO103425,20250824,5,218,3,4,1,3999000,0.05,3799000,2900000,899000
SO103393,20250824,3,80,1,10,3,1999000,0.0,5997000,4350000,1647000
SO108740,20250824,14,100,15,7,5,59000,0.05,280200,60000,220200
SO104480,20250824,14,252,7,2,4,59000,0.0,236000,48000,188000
SO111648,20250824,3,245,3,6,4,1999000,0.0,7996000,5800000,2196000
SO108165,20250824,9,12,6,4,1,349000,0.15,296600,190000,106600
SO101994,20250824,9,72,6,6,3,349000,0.1,942300,570000,372300
SO106585,20250824,9,271,2,8,3,349000,0.05,994600,570000,424600
SO102321,20250824,2,300,7,7,2,4499000,0.1,8098200,6200000,1898200
SO100884,20250825,18,246,3,6,4,649000,0.0,2596000,1280000,1316000
SO110813,20250825,20,105,2,6,3,129000,0.0,387000,165000,222000
SO103933,20250825,3,264,7,11,4,1999000,0.0,7996000,5800000,2196000
SO106030,20250825,10,112,4,3,4,599000,0.05,2276200,1240000,1036200
SO109173,20250825,9,128,5,8,4,349000,0.0,1396000,760000,636000
SO105519,20250825,14,124,15,4,4,59000,0.0,236000,48000,188000
SO108021,20250825,17,1,2,10,4,329000,0.0,1316000,600000,716000
SO102624,20250825,19,271,2,5,2,169000,0.05,321100,150000,171100
SO100567,20250825,11,155,8,11,5,199000,0.0,995000,425000,570000
SO102904,20250826,9,279,12,2,2,349000,0.0,698000,380000,318000
SO100221,20250826,3,276,7,2,4,1999000,0.0,7996000,5800000,2196000
SO107118,20250826,20,31,2,4,2,129000,0.0,258000,110000,148000
SO100993,20250826,14,45,8,3,1,59000,0.0,59000,12000,47000
SO106046,20250826,15,103,8,5,2,899000,0.0,1798000,960000,838000
SO102616,20250826,14,252,7,6,3,59000,0.0,177000,36000,141000
SO100157,20250826,2,158,3,7,1,4499000,0.0,4499000,3100000,1399000
SO102451,20250826,16,23,1,2,2,1599000,0.05,3038100,1840000,1198100
SO106154,20250827,14,205,7,8,1,59000,0.0,59000,12000,47000
SO107764,20250827,7,295,8,1,4,499000,0.0,1996000,1120000,876000
SO111333,20250827,8,195,3,7,5,799000,0.0,3995000,2100000,1895000
SO109913,20250827,2,220,6,8,3,4499000,0.05,12822200,9300000,3522200
SO108169,20250827,11,11,12,9,5,199000,0.05,945200,425000,520200
SO111102,20250827,20,257,12,7,4,129000,0.0,516000,220000,296000
SO111440,20250828,11,86,2,7,1,199000,0.1,179100,85000,94100
SO105634,20250828,19,174,4,5,5,169000,0.0,845000,375000,470000
SO101253,20250828,17,231,18,7,4,329000,0.05,1250200,600000,650200
SO108487,20250828,12,271,2,3,3,299000,0.1,807300,360000,447300
SO102401,20250828,8,73,1,7,4,799000,0.0,3196000,1680000,1516000
SO105458,20250828,14,115,4,10,5,59000,0.0,295000,60000,235000
SO101583,20250828,18,247,3,11,4,649000,0.0,2596000,1280000,1316000
SO101819,20250828,10,61,11,9,5,599000,0.0,2995000,1550000,1445000
SO106460,20250828,18,43,8,7,4,649000,0.05,2466200,1280000,1186200
SO104600,20250828,16,295,8,4,4,1599000,0.0,6396000,3680000,2716000
SO103220,20250828,12,110,2,9,5,299000,0.1,1345500,600000,745500
SO105340,20250828,9,271,2,5,4,349000,0.0,1396000,760000,636000
SO104909,20250828,13,161,2,10,4,89000,0.05,338200,100000,238200
SO105367,20250829,13,223,3,5,4,89000,0.0,356000,100000,256000
SO103893,20250829,11,207,18,2,4,199000,0.0,796000,340000,456000
SO107693,20250829,14,179,2,12,2,59000,0.0,118000,24000,94000
SO111410,20250829,19,129,1,5,1,169000,0.1,152100,75000,77100
SO110852,20250829,3,250,7,5,3,1999000,0.0,5997000,4350000,1647000
SO103595,20250829,8,189,18,3,5,799000,0.1,3595500,2100000,1495500
SO109530,20250829,13,121,13,9,1,89000,0.0,89000,25000,64000
SO102274,20250829,20,225,7,4,2,129000,0.0,258000,110000,148000
SO103148,20250829,14,200,8,3,4,59000,0.0,236000,48000,188000
SO102394,20250830,19,237,8,12,1,169000,0.0,169000,75000,94000
SO100975,20250830,14,276,7,3,4,59000,0.0,236000,48000,188000
SO108178,20250830,6,269,15,3,5,2199000,0.0,10995000,6750000,4245000
SO104595,20250830,14,25,12,3,5,59000,0.0,295000,60000,235000
SO103400,20250830,20,124,15,6,5,129000,0.0,645000,275000,370000
SO104981,20250830,20,169,5,10,4,129000,0.05,490200,220000,270200
SO106058,20250830,15,250,7,1,5,899000,0.0,4495000,2400000,2095000
SO103039,20250830,9,298,3,5,2,349000,0.0,698000,380000,318000
SO100237,20250830,12,182,14,4,5,299000,0.0,1495000,600000,895000
SO106296,20250830,12,183,2,11,2,299000,0.0,598000,240000,358000
SO105613,20250831,13,112,4,1,1,89000,0.1,80100,25000,55100
SO101057,20250831,17,125,1,12,3,329000,0.0,987000,450000,537000
SO107319,20250831,19,26,5,3,4,169000,0.0,676000,300000,376000
SO103179,20250831,20,297,4,11,3,129000,0.05,367600,165000,202600
SO110894,20250831,19,278,3,4,2,169000,0.0,338000,150000,188000
SO106626,20250831,9,126,1,9,2,349000,0.0,698000,380000,318000
SO108588,20250831,17,198,9,7,4,329000,0.05,1250200,600000,650200
SO108556,20250831,8,11,12,7,5,799000,0.0,3995000,2100000,1895000
SO100690,20250831,8,61,11,6,2,799000,0.05,1518100,840000,678100
SO106652,20250831,3,218,3,4,1,1999000,0.0,1999000,1450000,549000
SO105958,20250831,14,94,3,3,2,59000,0.05,112100,24000,88100
SO103590,20250831,13,148,1,6,2,89000,0.05,169100,50000,119100
SO100398,20250831,10,53,1,2,2,599000,0.0,1198000,620000,578000
SO109783,20250831,20,231,18,3,3,129000,0.05,367600,165000,202600
SO107649,20250831,9,129,1,5,4,349000,0.1,1256400,760000,496400
SO102644,20250831,17,290,14,1,4,329000,0.0,1316000,600000,716000
SO107962,20250831,20,156,11,8,2,129000,0.0,258000,110000,148000
SO104911,20250901,7,209,1,2,5,499000,0.05,2370200,1400000,970200
SO110632,20250901,11,268,8,2,1,199000,0.1,179100,85000,94100
SO106891,20250901,13,284,2,4,1,89000,0.0,89000,25000,64000
SO111044,20250901,19,211,1,9,4,169000,0.0,676000,300000,376000
SO108438,20250901,11,81,17,11,4,199000,0.05,756200,340000,416200
SO110516,20250901,19,28,2,2,5,169000,0.0,845000,375000,470000
SO103508,20250901,20,219,7,11,5,129000,0.1,580500,275000,305500
SO110743,20250901,13,34,1,12,5,89000,0.0,445000,125000,320000
SO110379,20250901,9,158,3,9,4,349000,0.0,1396000,760000,636000
SO103842,20250902,19,117,2,2,3,169000,0.0,507000,225000,282000
SO103858,20250902,8,179,2,6,5,799000,0.05,3795200,2100000,1695200
SO111221,20250902,10,277,1,12,4,599000,0.0,2396000,1240000,1156000
SO102050,20250902,11,180,1,8,4,199000,0.0,796000,340000,456000
SO110002,20250903,8,91,14,6,3,799000,0.05,2277200,1260000,1017200
SO100972,20250903,16,226,11,4,5,1599000,0.15,6795800,4600000,2195800
SO104175,20250903,14,258,2,1,4,59000,0.0,236000,48000,188000
SO100882,20250903,14,138,8,3,3,59000,0.1,159300,36000,123300
SO106997,20250903,4,125,1,9,3,8999000,0.0,26997000,18600000,8397000
SO102551,20250903,8,272,6,3,3,799000,0.05,2277200,1260000,1017200
SO101929,20250903,13,155,8,9,1,89000,0.0,89000,25000,64000
SO108811,20250903,2,131,6,10,5,4499000,0.05,21370200,15500000,5870200
SO108614,20250903,14,182,14,7,3,59000,0.1,159300,36000,123300
SO101479,20250903,5,159,4,11,3,3999000,0.05,11397200,8700000,2697200
SO101180,20250904,14,117,2,3,4,59000,0.0,236000,48000,188000
SO103786,20250904,14,284,2,4,3,59000,0.0,177000,36000,141000
SO101616,20250904,14,242,13,12,4,59000,0.0,236000,48000,188000
SO110453,20250904,19,47,3,2,3,169000,0.0,507000,225000,282000
SO109010,20250904,18,57,1,3,4,649000,0.05,2466200,1280000,1186200
SO111382,20250904,20,161,2,6,2,129000,0.0,258000,110000,148000
SO100142,20250904,7,163,14,3,4,499000,0.0,1996000,1120000,876000
SO106172,20250904,3,17,4,1,3,1999000,0.0,5997000,4350000,1647000
SO111635,20250904,14,253,1,6,4,59000,0.0,236000,48000,188000
SO108026,20250904,20,269,15,6,4,129000,0.0,516000,220000,296000
SO110410,20250904,13,182,14,5,4,89000,0.0,356000,100000,256000
SO100767,20250904,7,14,1,4,1,499000,0.0,499000,280000,219000
SO111146,20250904,13,288,2,10,3,89000,0.1,240300,75000,165300
SO104396,20250904,13,185,3,9,4,89000,0.0,356000,100000,256000
SO110652,20250904,20,224,1,8,1,129000,0.15,109600,55000,54600
SO100000,20250904,17,245,3,9,1,329000,0.0,329000,150000,179000
SO103064,20250904,14,225,7,1,5,59000,0.05,280200,60000,220200
SO108316,20250904,19,15,7,12,3,169000,0.0,507000,225000,282000
SO110225,20250904,14,174,4,1,4,59000,0.0,236000,48000,188000
SO107411,20250904,11,266,1,11,3,199000,0.0,597000,255000,342000
SO101519,20250905,16,10,2,5,1,1599000,0.05,1519000,920000,599000
SO110737,20250905,13,196,1,7,3,89000,0.0,267000,75000,192000
SO102468,20250905,16,131,6,2,1,1599000,0.0,1599000,920000,679000
SO100067,20250905,14,280,6,1,2,59000,0.05,112100,24000,88100
SO110424,20250905,9,140,3,10,4,349000,0.0,1396000,760000,636000
SO109785,20250905,9,102,1,1,1,349000,0.05,331600,190000,141600
SO104900,20250905,19,115,4,3,4,169000,0.0,676000,300000,376000
SO109015,20250905,11,201,9,11,3,199000,0.0,597000,255000,342000
SO102322,20250905,14,97,1,4,2,59000,0.0,118000,24000,94000
SO105729,20250905,12,99,3,5,2,299000,0.0,598000,240000,358000
SO109367,20250906,18,107,1,8,1,649000,0.0,649000,320000,329000
SO100533,20250906,19,139,2,11,4,169000,0.0,676000,300000,376000
SO104001,20250906,20,280,6,9,5,129000,0.0,645000,275000,370000
SO108779,20250906,8,276,7,12,2,799000,0.0,1598000,840000,758000
SO110038,20250906,16,106,1,3,2,1599000,0.05,3038100,1840000,1198100
SO105020,20250907,12,294,8,1,1,299000,0.0,299000,120000,179000
SO101248,20250907,2,275,3,4,4,4499000,0.0,17996000,12400000,5596000
SO104475,20250907,18,119,8,3,1,649000,0.0,649000,320000,329000
SO109936,20250907,14,85,3,9,5,59000,0.0,295000,60000,235000
SO108589,20250907,17,291,14,11,3,329000,0.0,987000,450000,537000
SO111990,20250907,9,162,1,12,4,349000,0.05,1326200,760000,566200
SO101545,20250907,16,287,6,7,5,1599000,0.1,7195500,4600000,2595500
SO103175,20250907,14,130,11,8,2,59000,0.05,112100,24000,88100
SO110186,20250907,8,279,12,4,4,799000,0.1,2876400,1680000,1196400
SO104194,20250907,20,195,3,9,2,129000,0.0,258000,110000,148000
SO108546,20250908,6,133,1,4,4,2199000,0.05,8356200,5400000,2956200
SO106895,20250908,9,208,2,10,3,349000,0.0,1047000,570000,477000
SO106623,20250908,18,234,2,3,2,649000,0.0,1298000,640000,658000
SO108299,20250908,11,106,1,12,4,199000,0.05,756200,340000,416200
SO104224,20250908,20,19,1,9,4,129000,0.0,516000,220000,296000
SO101373,20250908,2,221,3,11,4,4499000,0.05,17096200,12400000,4696200
SO107718,20250908,18,109,3,8,4,649000,0.0,2596000,1280000,1316000
SO100354,20250908,12,12,6,12,1,299000,0.05,284000,120000,164000
SO105900,20250908,14,56,7,12,2,59000,0.0,118000,24000,94000
SO102452,20250908,15,60,1,7,5,899000,0.0,4495000,2400000,2095000
SO102089,20250908,18,38,2,1,2,649000,0.0,1298000,640000,658000
SO105452,20250908,15,233,7,8,3,899000,0.05,2562200,1440000,1122200
SO103512,20250908,12,145,14,4,1,299000,0.0,299000,120000,179000
SO107346,20250908,9,276,7,7,3,349000,0.0,1047000,570000,477000
SO104753,20250908,14,132,5,2,3,59000,0.0,177000,36000,141000
SO105490,20250908,6,136,11,7,3,2199000,0.05,6267200,4050000,2217200
SO111115,20250909,11,252,7,5,4,199000,0.0,796000,340000,456000
SO107531,20250909,20,277,1,3,2,129000,0.0,258000,110000,148000
SO110085,20250909,19,138,8,6,3,169000,0.05,481600,225000,256600
SO103386,20250909,20,21,18,7,2,129000,0.1,232200,110000,122200
SO110486,20250910,1,68,4,3,2,13999000,0.0,27998000,19600000,8398000
SO108063,20250910,12,53,1,10,4,299000,0.0,1196000,480000,716000
SO111000,20250910,17,27,6,2,1,329000,0.0,329000,150000,179000
SO103019,20250910,20,206,1,12,1,129000,0.0,129000,55000,74000
SO100629,20250910,15,263,2,5,4,899000,0.0,3596000,1920000,1676000
SO107585,20250910,17,191,8,2,2,329000,0.05,625100,300000,325100
SO102814,20250910,10,55,3,6,4,599000,0.1,2156400,1240000,916400
SO105224,20250910,18,205,7,4,2,649000,0.0,1298000,640000,658000
SO103439,20250910,19,32,7,1,1,169000,0.05,160600,75000,85600
SO104087,20250911,14,17,4,9,3,59000,0.0,177000,36000,141000
SO105371,20250911,13,195,3,10,1,89000,0.0,89000,25000,64000
SO102283,20250911,10,178,1,1,2,599000,0.1,1078200,620000,458200
SO111785,20250911,19,116,1,9,1,169000,0.05,160600,75000,85600
SO100180,20250911,11,207,18,11,5,199000,0.0,995000,425000,570000
SO107872,20250911,20,31,2,6,3,129000,0.0,387000,165000,222000
SO100636,20250911,19,298,3,10,4,169000,0.0,676000,300000,376000
SO108193,20250911,13,259,7,7,4,89000,0.05,338200,100000,238200
SO105508,20250911,18,149,2,9,3,649000,0.1,1752300,960000,792300
SO106937,20250911,13,270,6,11,5,89000,0.0,445000,125000,320000
SO107680,20250911,11,179,2,12,2,199000,0.1,358200,170000,188200
SO104685,20250911,20,177,5,7,4,129000,0.05,490200,220000,270200
SO108787,20250911,9,32,7,3,4,349000,0.0,1396000,760000,636000
SO102823,20250912,17,244,7,3,5,329000,0.0,1645000,750000,895000
SO107820,20250912,9,129,1,3,1,349000,0.0,349000,190000,159000
SO100310,20250912,7,195,3,11,5,499000,0.05,2370200,1400000,970200
SO100461,20250912,16,41,3,9,3,1599000,0.0,4797000,2760000,2037000
SO102612,20250912,20,74,13,12,1,129000,0.0,129000,55000,74000
SO100571,20250912,16,25,12,9,4,1599000,0.0,6396000,3680000,2716000
SO104582,20250912,20,106,1,5,5,129000,0.0,645000,275000,370000
SO109990,20250912,17,22,6,4,3,329000,0.05,937600,450000,487600
SO102078,20250912,10,218,3,2,4,599000,0.1,2156400,1240000,916400
SO111977,20250912,14,106,1,9,4,59000,0.0,236000,48000,188000
SO107464,20250912,14,197,3,1,5,59000,0.1,265500,60000,205500
SO107226,20250912,20,26,5,1,5,129000,0.05,612800,275000,337800
SO110006,20250912,8,78,1,11,2,799000,0.0,1598000,840000,758000
SO110937,20250913,9,266,1,7,5,349000,0.0,1745000,950000,795000
SO110584,20250913,14,197,3,2,3,59000,0.0,177000,36000,141000
SO111279,20250913,16,202,1,3,2,1599000,0.0,3198000,1840000,1358000
SO108707,20250913,17,223,3,10,3,329000,0.1,888300,450000,438300
SO105384,20250913,13,192,3,2,1,89000,0.05,84600,25000,59600
SO101238,20250913,13,93,1,10,3,89000,0.0,267000,75000,192000
SO103687,20250913,14,65,8,11,2,59000,0.0,118000,24000,94000
SO103139,20250913,13,232,5,6,5,89000,0.05,422800,125000,297800
SO102423,20250913,14,212,1,9,3,59000,0.0,177000,36000,141000
SO109701,20250913,12,3,1,3,1,299000,0.0,299000,120000,179000
SO106025,20250913,2,58,16,3,4,4499000,0.0,17996000,12400000,5596000
SO105266,20250914,8,257,12,12,5,799000,0.0,3995000,2100000,1895000
SO109397,20250914,17,213,6,10,4,329000,0.05,1250200,600000,650200
SO108996,20250914,18,91,14,10,4,649000,0.0,2596000,1280000,1316000
SO102498,20250914,3,188,1,4,1,1999000,0.0,1999000,1450000,549000
SO106218,20250914,13,258,2,3,1,89000,0.0,89000,25000,64000
SO103650,20250914,14,207,18,1,1,59000,0.05,56000,12000,44000
SO111172,20250914,20,121,13,6,1,129000,0.0,129000,55000,74000
SO104573,20250914,13,251,7,8,2,89000,0.05,169100,50000,119100
SO101171,20250914,14,130,11,3,3,59000,0.0,177000,36000,141000
SO104244,20250914,9,161,2,5,2,349000,0.0,698000,380000,318000
SO101176,20250914,12,92,3,1,5,299000,0.0,1495000,600000,895000
SO104820,20250914,14,293,17,5,2,59000,0.05,112100,24000,88100
SO109206,20250914,18,299,1,7,4,649000,0.0,2596000,1280000,1316000
SO101976,20250914,14,216,2,10,2,59000,0.0,118000,24000,94000
SO109687,20250914,14,63,1,10,4,59000,0.0,236000,48000,188000
SO104967,20250915,16,186,3,4,5,1599000,0.0,7995000,4600000,3395000
SO109794,20250915,13,15,7,9,1,89000,0.1,80100,25000,55100
SO101658,20250915,10,266,1,4,1,599000,0.0,599000,310000,289000
SO111036,20250915,19,134,2,6,1,169000,0.1,152100,75000,77100
SO104169,20250915,11,213,6,2,4,199000,0.0,796000,340000,456000
SO107219,20250915,14,124,15,5,4,59000,0.1,212400,48000,164400
SO103557,20250915,18,228,3,10,4,649000,0.05,2466200,1280000,1186200
SO110617,20250915,5,17,4,9,5,3999000,0.05,18995200,14500000,4495200
SO104927,20250916,20,90,6,1,2,129000,0.0,258000,110000,148000
SO111628,20250916,9,110,2,4,1,349000,0.15,296600,190000,106600
SO106418,20250916,1,181,1,4,3,13999000,0.05,39897200,29400000,10497200
SO110389,20250916,17,215,14,12,5,329000,0.0,1645000,750000,895000
SO108571,20250916,13,99,3,12,5,89000,0.0,445000,125000,320000
SO101601,20250916,14,30,6,10,2,59000,0.0,118000,24000,94000
SO110296,20250916,10,202,1,3,5,599000,0.0,2995000,1550000,1445000
SO107058,20250917,7,96,1,8,2,499000,0.0,998000,560000,438000
SO107494,20250917,14,28,2,4,5,59000,0.0,295000,60000,235000
SO109974,20250917,11,198,9,5,1,199000,0.0,199000,85000,114000
SO111031,20250917,9,130,11,6,1,349000,0.1,314100,190000,124100
SO111493,20250917,6,289,2,7,4,2199000,0.0,8796000,5400000,3396000
SO111728,20250917,9,238,3,12,2,349000,0.0,698000,380000,318000
SO100279,20250917,17,29,1,4,1,329000,0.0,329000,150000,179000
SO105283,20250917,6,225,7,5,4,2199000,0.0,8796000,5400000,3396000
SO101278,20250917,11,246,3,10,3,199000,0.1,537300,255000,282300
SO109954,20250917,17,186,3,1,2,329000,0.0,658000,300000,358000
SO103127,20250918,13,82,3,3,3,89000,0.0,267000,75000,192000
SO101362,20250918,15,245,3,1,1,899000,0.1,809100,480000,329100
SO108188,20250918,17,21,18,5,3,329000,0.05,937600,450000,487600
SO100096,20250918,12,120,12,6,4,299000,0.0,1196000,480000,716000
SO108171,20250918,11,182,14,1,5,199000,0.05,945200,425000,520200
SO101114,20250918,6,124,15,4,1,2199000,0.0,2199000,1350000,849000
SO103875,20250918,6,40,5,8,1,2199000,0.0,2199000,1350000,849000
SO100481,20250918,10,274,17,8,3,599000,0.0,1797000,930000,867000
SO108024,20250918,14,168,4,4,4,59000,0.0,236000,48000,188000
SO110366,20250919,12,152,3,8,4,299000,0.05,1136200,480000,656200
SO107902,20250919,12,40,5,4,4,299000,0.0,1196000,480000,716000
SO109589,20250919,20,209,1,6,3,129000,0.0,387000,165000,222000
SO105242,20250919,12,247,3,2,1,299000,0.0,299000,120000,179000
SO109082,20250919,20,36,1,6,2,129000,0.0,258000,110000,148000
SO106815,20250919,18,168,4,7,4,649000,0.0,2596000,1280000,1316000
SO106679,20250919,11,34,1,6,5,199000,0.0,995000,425000,570000
SO101713,20250919,10,91,14,12,5,599000,0.1,2695500,1550000,1145500
SO104738,20250920,2,155,8,4,5,4499000,0.0,22495000,15500000,6995000
SO111252,20250920,18,87,6,10,5,649000,0.0,3245000,1600000,1645000
SO104036,20250920,10,57,1,5,3,599000,0.0,1797000,930000,867000
SO107461,20250920,11,144,1,2,3,199000,0.0,597000,255000,342000
SO109504,20250920,12,135,1,11,5,299000,0.0,1495000,600000,895000
SO111698,20250920,9,113,15,1,4,349000,0.0,1396000,760000,636000
SO103581,20250920,12,141,3,2,3,299000,0.0,897000,360000,537000
SO107773,20250920,9,183,2,11,1,349000,0.05,331600,190000,141600
SO100256,20250920,18,192,3,8,2,649000,0.0,1298000,640000,658000
SO105460,20250921,11,48,4,11,3,199000,0.05,567200,255000,312200
SO100094,20250921,9,246,3,2,5,349000,0.05,1657800,950000,707800
SO103310,20250921,17,93,1,10,3,329000,0.0,987000,450000,537000
SO104173,20250921,13,47,3,5,2,89000,0.0,178000,50000,128000
SO100610,20250921,20,89,3,6,1,129000,0.0,129000,55000,74000
SO101596,20250921,17,21,18,6,5,329000,0.0,1645000,750000,895000
SO101851,20250921,13,132,5,10,1,89000,0.1,80100,25000,55100
SO110209,20250921,14,291,14,8,2,59000,0.0,118000,24000,94000
SO103570,20250921,13,205,7,6,2,89000,0.0,178000,50000,128000
SO101992,20250921,11,104,12,9,3,199000,0.0,597000,255000,342000
SO104406,20250921,11,184,6,12,2,199000,0.1,358200,170000,188200
SO109592,20250921,16,75,12,7,4,1599000,0.0,6396000,3680000,2716000
SO101881,20250921,14,100,15,9,2,59000,0.0,118000,24000,94000
SO102649,20250922,15,156,11,10,4,899000,0.1,3236400,1920000,1316400
SO105279,20250922,13,131,6,9,2,89000,0.0,178000,50000,128000
SO104157,20250922,13,18,18,9,1,89000,0.0,89000,25000,64000
SO104673,20250922,13,119,8,4,2,89000,0.05,169100,50000,119100
SO103473,20250922,16,89,3,6,5,1599000,0.05,7595200,4600000,2995200
SO101594,20250922,16,137,6,6,5,1599000,0.0,7995000,4600000,3395000
SO110199,20250922,10,235,15,11,1,599000,0.1,539100,310000,229100
SO111357,20250922,19,54,12,12,1,169000,0.05,160600,75000,85600
SO107727,20250922,10,129,1,12,5,599000,0.0,2995000,1550000,1445000
SO102850,20250922,10,279,12,10,5,599000,0.0,2995000,1550000,1445000
SO106699,20250922,9,84,12,5,1,349000,0.0,349000,190000,159000
SO101137,20250922,13,210,3,4,1,89000,0.05,84600,25000,59600
SO106742,20250922,10,235,15,9,2,599000,0.05,1138100,620000,518100
SO110059,20250922,13,259,7,9,5,89000,0.0,445000,125000,320000
SO111130,20250922,6,194,14,11,5,2199000,0.1,9895500,6750000,3145500
SO108362,20250923,6,5,1,2,5,2199000,0.0,10995000,6750000,4245000
SO105287,20250923,10,150,11,1,1,599000,0.0,599000,310000,289000
SO100580,20250923,14,52,3,9,4,59000,0.1,212400,48000,164400
SO103249,20250923,18,132,5,9,1,649000,0.05,616600,320000,296600
SO105405,20250923,7,76,9,6,3,499000,0.0,1497000,840000,657000
SO104830,20250923,14,18,18,12,2,59000,0.0,118000,24000,94000
SO110983,20250923,19,263,2,8,2,169000,0.0,338000,150000,188000
SO104937,20250923,1,193,1,3,4,13999000,0.0,55996000,39200000,16796000
SO103414,20250923,11,3,1,10,4,199000,0.0,796000,340000,456000
SO109600,20250924,9,197,3,4,5,349000,0.0,1745000,950000,795000
SO100240,20250924,16,180,1,11,3,1599000,0.05,4557200,2760000,1797200
SO103344,20250924,9,139,2,4,3,349000,0.0,1047000,570000,477000
SO108836,20250924,9,255,1,7,1,349000,0.0,349000,190000,159000
SO106244,20250924,12,34,1,3,4,299000,0.0,1196000,480000,716000
SO102306,20250924,14,226,11,7,3,59000,0.05,168200,36000,132200
SO105320,20250924,18,277,1,6,4,649000,0.0,2596000,1280000,1316000
SO102577,20250924,8,218,3,6,2,799000,0.0,1598000,840000,758000
SO101522,20250924,14,110,2,6,5,59000,0.05,280200,60000,220200
SO106319,20250924,11,53,1,1,5,199000,0.0,995000,425000,570000
SO111204,20250925,11,52,3,5,1,199000,0.05,189000,85000,104000
SO103805,20250925,19,159,4,1,5,169000,0.0,845000,375000,470000
SO103742,20250925,11,179,2,4,5,199000,0.1,895500,425000,470500
SO104688,20250925,12,103,8,7,2,299000,0.1,538200,240000,298200
SO102346,20250925,19,236,3,9,1,169000,0.0,169000,75000,94000
SO110163,20250925,15,61,11,4,4,899000,0.0,3596000,1920000,1676000
SO103924,20250925,3,101,2,7,4,1999000,0.1,7196400,5800000,1396400
SO106204,20250925,19,198,9,8,4,169000,0.05,642200,300000,342200
SO106148,20250925,2,268,8,7,5,4499000,0.0,22495000,15500000,6995000
SO104925,20250925,15,84,12,9,3,899000,0.0,2697000,1440000,1257000
SO104457,20250925,5,47,3,4,4,3999000,0.1,14396400,11600000,2796400
SO100227,20250925,14,294,8,8,5,59000,0.05,280200,60000,220200
SO100053,20250925,17,247,3,8,4,329000,0.05,1250200,600000,650200
SO104471,20250925,15,284,2,9,5,899000,0.0,4495000,2400000,2095000
SO102329,20250925,16,143,9,9,4,1599000,0.0,6396000,3680000,2716000
SO108930,20250926,17,132,5,11,1,329000,0.0,329000,150000,179000
SO103825,20250926,17,179,2,11,3,329000,0.05,937600,450000,487600
SO106342,20250926,3,128,5,9,5,1999000,0.0,9995000,7250000,2745000
SO109032,20250926,20,131,6,3,2,129000,0.0,258000,110000,148000
SO101066,20250926,7,205,7,6,2,499000,0.0,998000,560000,438000
SO102560,20250926,15,123,17,3,5,899000,0.0,4495000,2400000,2095000
SO107778,20250926,19,288,2,4,5,169000,0.05,802800,375000,427800
SO102150,20250926,14,83,8,7,1,59000,0.0,59000,12000,47000
SO109904,20250926,10,290,14,8,5,599000,0.0,2995000,1550000,1445000
SO111763,20250926,10,125,1,4,4,599000,0.0,2396000,1240000,1156000
SO111245,20250926,20,104,12,8,3,129000,0.05,367600,165000,202600
SO103808,20250926,13,74,13,8,2,89000,0.05,169100,50000,119100
SO107726,20250926,13,178,1,7,1,89000,0.1,80100,25000,55100
SO109514,20250926,13,195,3,3,2,89000,0.0,178000,50000,128000
SO105244,20250927,9,56,7,12,2,349000,0.05,663100,380000,283100
SO111390,20250927,20,180,1,6,5,129000,0.0,645000,275000,370000
SO104096,20250927,8,125,1,8,5,799000,0.0,3995000,2100000,1895000
SO105534,20250927,16,133,1,2,5,1599000,0.0,7995000,4600000,3395000
SO107310,20250927,15,220,6,3,3,899000,0.0,2697000,1440000,1257000
SO104388,20250927,14,75,12,11,5,59000,0.0,295000,60000,235000
SO107711,20250927,8,68,4,3,5,799000,0.0,3995000,2100000,1895000
SO102847,20250928,9,219,7,11,5,349000,0.1,1570500,950000,620500
SO105272,20250928,15,234,2,4,3,899000,0.0,2697000,1440000,1257000
SO104807,20250928,1,16,1,3,2,13999000,0.1,25198200,19600000,5598200
SO104627,20250928,15,67,3,4,2,899000,0.0,1798000,960000,838000
SO102809,20250928,8,130,11,11,1,799000,0.0,799000,420000,379000
SO101835,20250928,6,196,1,10,5,2199000,0.0,10995000,6750000,4245000
SO101547,20250928,20,38,2,5,4,129000,0.05,490200,220000,270200
SO100675,20250929,13,288,2,8,3,89000,0.0,267000,75000,192000
SO110264,20250929,18,179,2,4,5,649000,0.05,3082800,1600000,1482800
SO107334,20250929,14,289,2,7,1,59000,0.0,59000,12000,47000
SO107892,20250929,9,43,8,6,2,349000,0.0,698000,380000,318000
SO103558,20250929,12,152,3,10,5,299000,0.05,1420200,600000,820200
SO111642,20250929,14,253,1,11,2,59000,0.0,118000,24000,94000
SO107253,20250929,13,35,6,11,3,89000,0.0,267000,75000,192000
SO106961,20250929,20,145,14,4,4,129000,0.0,516000,220000,296000
SO108662,20250929,11,274,17,4,3,199000,0.05,567200,255000,312200
SO101656,20250929,20,143,9,3,4,129000,0.0,516000,220000,296000
SO107758,20250929,3,54,12,11,2,1999000,0.1,3598200,2900000,698200
SO111767,20250929,14,217,8,9,5,59000,0.0,295000,60000,235000
SO100424,20250930,14,13,1,8,4,59000,0.0,236000,48000,188000
SO104552,20250930,4,246,3,2,4,8999000,0.0,35996000,24800000,11196000
SO100615,20250930,12,116,1,2,3,299000,0.05,852200,360000,492200
SO102499,20250930,11,58,16,7,3,199000,0.0,597000,255000,342000
SO105563,20250930,7,103,8,8,4,499000,0.0,1996000,1120000,876000
SO102239,20250930,9,246,3,6,2,349000,0.05,663100,380000,283100
SO103491,20250930,13,250,7,6,1,89000,0.0,89000,25000,64000
SO110069,20250930,15,86,2,9,5,899000,0.0,4495000,2400000,2095000
SO108962,20250930,11,248,1,1,5,199000,0.0,995000,425000,570000
SO102602,20250930,20,263,2,11,3,129000,0.1,348300,165000,183300
SO101965,20250930,8,72,6,5,3,799000,0.05,2277200,1260000,1017200
SO101396,20250930,10,151,1,9,2,599000,0.0,1198000,620000,578000
SO108418,20251001,17,113,15,1,2,329000,0.0,658000,300000,358000
SO106452,20251001,17,96,1,10,1,329000,0.0,329000,150000,179000
SO109911,20251001,20,231,18,8,4,129000,0.05,490200,220000,270200
SO106467,20251001,14,53,1,12,2,59000,0.1,106200,24000,82200
SO103940,20251001,7,88,6,11,4,499000,0.05,1896200,1120000,776200
SO108721,20251001,20,97,1,5,2,129000,0.0,258000,110000,148000
SO104386,20251001,20,281,3,2,5,129000,0.05,612800,275000,337800
SO106099,20251001,14,168,4,11,4,59000,0.0,236000,48000,188000
SO106162,20251001,13,224,1,2,4,89000,0.0,356000,100000,256000
SO104266,20251001,17,152,3,2,2,329000,0.1,592200,300000,292200
SO105659,20251002,11,74,13,7,4,199000,0.0,796000,340000,456000
SO107692,20251002,15,66,12,5,4,899000,0.05,3416200,1920000,1496200
SO105162,20251002,15,18,18,5,5,899000,0.0,4495000,2400000,2095000
SO103099,20251002,10,227,1,12,3,599000,0.0,1797000,930000,867000
SO100021,20251002,14,129,1,3,4,59000,0.05,224200,48000,176200
SO105706,20251002,13,134,2,4,3,89000,0.0,267000,75000,192000
SO102528,20251002,13,201,9,4,3,89000,0.05,253600,75000,178600
SO100907,20251002,19,71,9,2,2,169000,0.0,338000,150000,188000
SO106818,20251002,3,267,5,1,3,1999000,0.05,5697200,4350000,1347200
SO108394,20251002,20,211,1,10,5,129000,0.0,645000,275000,370000
SO109873,20251003,12,24,12,7,3,299000,0.05,852200,360000,492200
SO103763,20251003,19,186,3,2,4,169000,0.05,642200,300000,342200
SO105589,20251003,16,151,1,10,1,1599000,0.0,1599000,920000,679000
SO105817,20251003,7,206,1,1,2,499000,0.0,998000,560000,438000
SO111405,20251003,20,240,8,11,1,129000,0.05,122600,55000,67600
SO107055,20251003,19,57,1,6,2,169000,0.0,338000,150000,188000
SO106233,20251003,14,197,3,5,4,59000,0.05,224200,48000,176200
SO101265,20251003,14,115,4,8,5,59000,0.0,295000,60000,235000
SO104165,20251003,14,3,1,2,2,59000,0.0,118000,24000,94000
SO110881,20251003,19,152,3,6,4,169000,0.0,676000,300000,376000
SO100638,20251003,13,252,7,5,4,89000,0.0,356000,100000,256000
SO110406,20251003,20,240,8,10,3,129000,0.0,387000,165000,222000
SO109678,20251003,15,281,3,4,5,899000,0.0,4495000,2400000,2095000
SO110986,20251003,11,68,4,9,5,199000,0.0,995000,425000,570000
SO102444,20251003,9,275,3,6,1,349000,0.0,349000,190000,159000
SO110331,20251004,7,70,8,2,4,499000,0.1,1796400,1120000,676400
SO101952,20251004,19,52,3,1,5,169000,0.05,802800,375000,427800
SO111898,20251004,12,57,1,3,2,299000,0.0,598000,240000,358000
SO106854,20251004,13,25,12,6,3,89000,0.1,240300,75000,165300
SO110118,20251004,11,75,12,11,1,199000,0.0,199000,85000,114000
SO108288,20251004,18,59,1,4,3,649000,0.0,1947000,960000,987000
SO103024,20251004,3,281,3,4,4,1999000,0.0,7996000,5800000,2196000
SO109948,20251004,9,286,4,8,4,349000,0.05,1326200,760000,566200
SO104961,20251004,18,183,2,4,3,649000,0.0,1947000,960000,987000
SO108218,20251004,11,173,15,7,4,199000,0.0,796000,340000,456000
SO101512,20251004,2,218,3,10,2,4499000,0.0,8998000,6200000,2798000
SO106534,20251004,13,111,1,12,3,89000,0.0,267000,75000,192000
SO104633,20251004,6,283,11,12,5,2199000,0.0,10995000,6750000,4245000
SO110836,20251004,12,245,3,4,2,299000,0.1,538200,240000,298200
SO105940,20251004,14,107,1,10,1,59000,0.05,56000,12000,44000
SO105583,20251005,15,119,8,1,1,899000,0.05,854000,480000,374000
SO103163,20251005,19,251,7,3,3,169000,0.1,456300,225000,231300
SO106497,20251005,19,44,5,7,4,169000,0.05,642200,300000,342200
SO100654,20251005,19,128,5,8,4,169000,0.0,676000,300000,376000
SO107395,20251005,20,51,4,6,2,129000,0.0,258000,110000,148000
SO101188,20251005,14,137,6,3,3,59000,0.15,150400,36000,114400
SO109074,20251005,19,215,14,11,5,169000,0.0,845000,375000,470000
SO107935,20251005,17,149,2,8,5,329000,0.0,1645000,750000,895000
SO101534,20251005,19,146,1,2,2,169000,0.0,338000,150000,188000
SO101674,20251005,13,37,12,6,5,89000,0.0,445000,125000,320000
SO111079,20251006,14,10,2,11,4,59000,0.0,236000,48000,188000
SO102442,20251006,12,230,8,1,1,299000,0.0,299000,120000,179000
SO110569,20251006,16,267,5,5,3,1599000,0.05,4557200,2760000,1797200
SO108272,20251006,14,143,9,10,1,59000,0.0,59000,12000,47000
SO105387,20251006,11,145,14,7,5,199000,0.1,895500,425000,470500
SO100150,20251006,19,295,8,6,3,169000,0.0,507000,225000,282000
SO109231,20251006,13,154,2,4,3,89000,0.0,267000,75000,192000
SO109158,20251006,14,256,9,1,4,59000,0.0,236000,48000,188000
SO104625,20251006,11,91,14,7,1,199000,0.0,199000,85000,114000
SO103800,20251006,20,272,6,9,4,129000,0.05,490200,220000,270200
SO104747,20251007,12,10,2,8,2,299000,0.0,598000,240000,358000
SO111329,20251007,13,68,4,3,2,89000,0.05,169100,50000,119100
SO101913,20251007,11,153,3,1,5,199000,0.0,995000,425000,570000
SO107914,20251007,19,98,7,12,1,169000,0.0,169000,75000,94000
SO100482,20251007,12,96,1,4,2,299000,0.0,598000,240000,358000
SO100464,20251007,18,127,2,9,1,649000,0.0,649000,320000,329000
SO107571,20251007,12,252,7,3,4,299000,0.0,1196000,480000,716000
SO111807,20251007,18,201,9,11,5,649000,0.0,3245000,1600000,1645000
SO102515,20251008,3,111,1,11,4,1999000,0.0,7996000,5800000,2196000
SO105191,20251008,19,299,1,8,5,169000,0.0,845000,375000,470000
SO108814,20251008,13,40,5,7,1,89000,0.05,84600,25000,59600
SO109188,20251008,17,251,7,1,3,329000,0.0,987000,450000,537000
SO105906,20251008,14,203,14,1,1,59000,0.05,56000,12000,44000
SO100127,20251008,11,230,8,5,1,199000,0.0,199000,85000,114000
SO105851,20251008,18,44,5,8,1,649000,0.0,649000,320000,329000
SO102564,20251008,19,25,12,7,1,169000,0.05,160600,75000,85600
SO108821,20251009,20,198,9,11,3,129000,0.05,367600,165000,202600
SO111922,20251009,20,87,6,1,1,129000,0.1,116100,55000,61100
SO105579,20251009,8,25,12,5,2,799000,0.0,1598000,840000,758000
SO105066,20251009,11,33,10,12,4,199000,0.1,716400,340000,376400
SO111571,20251009,7,65,8,1,3,499000,0.1,1347300,840000,507300
SO109189,20251010,4,6,1,4,2,8999000,0.0,17998000,12400000,5598000
SO103256,20251010,16,74,13,3,3,1599000,0.0,4797000,2760000,2037000
SO105442,20251010,16,7,8,7,5,1599000,0.0,7995000,4600000,3395000
SO104569,20251010,13,200,8,3,3,89000,0.0,267000,75000,192000
SO110755,20251010,13,177,5,1,2,89000,0.0,178000,50000,128000
SO108653,20251010,13,271,2,5,3,89000,0.0,267000,75000,192000
SO101305,20251010,17,15,7,11,4,329000,0.05,1250200,600000,650200
SO101608,20251010,11,188,1,12,2,199000,0.1,358200,170000,188200
SO105594,20251010,15,287,6,8,5,899000,0.05,4270200,2400000,1870200
SO104591,20251010,10,299,1,5,3,599000,0.0,1797000,930000,867000
SO109539,20251011,13,17,4,12,1,89000,0.05,84600,25000,59600
SO102272,20251011,19,41,3,7,2,169000,0.0,338000,150000,188000
SO100051,20251011,10,272,6,4,4,599000,0.0,2396000,1240000,1156000
SO104923,20251011,19,102,1,10,1,169000,0.0,169000,75000,94000
SO109070,20251011,20,97,1,3,4,129000,0.0,516000,220000,296000
SO100811,20251011,12,263,2,8,4,299000,0.0,1196000,480000,716000
SO107077,20251011,20,276,7,3,3,129000,0.0,387000,165000,222000
SO101631,20251011,13,195,3,9,4,89000,0.1,320400,100000,220400
SO106461,20251011,3,290,14,10,1,1999000,0.0,1999000,1450000,549000
SO107359,20251011,17,124,15,9,5,329000,0.05,1562800,750000,812800
SO111790,20251011,9,94,3,9,2,349000,0.0,698000,380000,318000
SO101493,20251011,20,258,2,4,2,129000,0.05,245100,110000,135100
SO110914,20251012,20,136,11,1,4,129000,0.0,516000,220000,296000
SO104050,20251012,9,142,8,4,4,349000,0.0,1396000,760000,636000
SO108649,20251012,18,148,1,5,4,649000,0.0,2596000,1280000,1316000
SO107136,20251012,10,200,8,3,2,599000,0.0,1198000,620000,578000
SO110812,20251012,20,270,6,5,4,129000,0.1,464400,220000,244400
SO101068,20251012,14,182,14,8,3,59000,0.05,168200,36000,132200
SO109353,20251013,11,75,12,2,4,199000,0.0,796000,340000,456000
SO100416,20251013,9,247,3,8,1,349000,0.0,349000,190000,159000
SO107212,20251013,3,160,2,8,1,1999000,0.0,1999000,1450000,549000
SO104090,20251013,7,279,12,2,5,499000,0.0,2495000,1400000,1095000
SO109786,20251013,6,54,12,11,4,2199000,0.05,8356200,5400000,2956200
SO101104,20251013,19,180,1,4,1,169000,0.05,160600,75000,85600
SO111547,20251013,20,127,2,4,4,129000,0.0,516000,220000,296000
SO101568,20251013,4,63,1,8,5,8999000,0.0,44995000,31000000,13995000
SO108544,20251013,14,281,3,11,4,59000,0.0,236000,48000,188000
SO100124,20251013,14,159,4,3,2,59000,0.0,118000,24000,94000
SO109756,20251014,12,19,1,6,4,299000,0.1,1076400,480000,596400
SO103938,20251014,20,254,2,11,3,129000,0.0,387000,165000,222000
SO107260,20251014,10,254,2,4,1,599000,0.0,599000,310000,289000
SO101042,20251014,13,184,6,5,5,89000,0.0,445000,125000,320000
SO109426,20251014,17,239,5,9,1,329000,0.0,329000,150000,179000
SO105741,20251014,13,104,12,8,5,89000,0.0,445000,125000,320000
SO104048,20251014,19,263,2,3,2,169000,0.0,338000,150000,188000
SO109381,20251014,13,72,6,6,2,89000,0.05,169100,50000,119100
SO104635,20251014,8,265,14,7,1,799000,0.15,679200,420000,259200
SO109891,20251014,11,72,6,3,5,199000,0.0,995000,425000,570000
SO109830,20251014,12,5,1,2,1,299000,0.05,284000,120000,164000
SO110838,20251014,15,194,14,11,3,899000,0.1,2427300,1440000,987300
SO106883,20251015,13,62,14,1,5,89000,0.0,445000,125000,320000
SO104645,20251015,19,70,8,11,3,169000,0.0,507000,225000,282000
SO111267,20251015,7,137,6,10,2,499000,0.1,898200,560000,338200
SO100390,20251015,13,227,1,9,4,89000,0.0,356000,100000,256000
SO108938,20251015,14,99,3,2,2,59000,0.0,118000,24000,94000
SO106017,20251015,5,133,1,1,3,3999000,0.0,11997000,8700000,3297000
SO103280,20251015,4,171,1,6,2,8999000,0.0,17998000,12400000,5598000
SO106511,20251015,9,226,11,6,1,349000,0.05,331600,190000,141600
SO103186,20251015,16,280,6,10,1,1599000,0.0,1599000,920000,679000
SO107721,20251015,19,1,2,2,4,169000,0.0,676000,300000,376000
SO109631,20251015,17,50,9,2,5,329000,0.05,1562800,750000,812800
SO111053,20251016,4,273,2,7,3,8999000,0.1,24297300,18600000,5697300
SO106506,20251016,5,5,1,10,4,3999000,0.0,15996000,11600000,4396000
SO104504,20251016,8,291,14,10,5,799000,0.0,3995000,2100000,1895000
SO109053,20251016,19,105,2,2,2,169000,0.05,321100,150000,171100
SO108795,20251016,3,64,3,3,4,1999000,0.05,7596200,5800000,1796200
SO106903,20251016,20,291,14,8,4,129000,0.1,464400,220000,244400
SO109501,20251016,14,8,8,2,3,59000,0.05,168200,36000,132200
SO106264,20251016,14,238,3,7,5,59000,0.0,295000,60000,235000
SO101211,20251017,12,75,12,1,5,299000,0.0,1495000,600000,895000
SO110426,20251017,20,269,15,5,5,129000,0.0,645000,275000,370000
SO101126,20251017,13,185,3,6,5,89000,0.05,422800,125000,297800
SO109968,20251017,13,165,9,3,4,89000,0.1,320400,100000,220400
SO102142,20251017,14,86,2,5,3,59000,0.0,177000,36000,141000
SO110360,20251017,8,9,8,1,4,799000,0.05,3036200,1680000,1356200
SO105471,20251017,13,215,14,3,3,89000,0.0,267000,75000,192000
SO103081,20251017,20,195,3,4,4,129000,0.0,516000,220000,296000
SO106297,20251017,16,237,8,4,4,1599000,0.0,6396000,3680000,2716000
SO110278,20251017,19,51,4,1,5,169000,0.05,802800,375000,427800
SO107468,20251017,14,29,1,10,5,59000,0.0,295000,60000,235000
SO106877,20251018,12,55,3,9,4,299000,0.0,1196000,480000,716000
SO105931,20251018,19,68,4,2,3,169000,0.0,507000,225000,282000
SO103525,20251018,14,276,7,11,5,59000,0.0,295000,60000,235000
SO100320,20251018,10,49,1,12,5,599000,0.0,2995000,1550000,1445000
SO106396,20251018,20,275,3,8,1,129000,0.05,122600,55000,67600
SO111272,20251018,7,131,6,8,4,499000,0.0,1996000,1120000,876000
SO108159,20251019,20,154,2,9,1,129000,0.0,129000,55000,74000
SO106816,20251019,9,241,4,10,4,349000,0.0,1396000,760000,636000
SO104265,20251019,7,21,18,3,5,499000,0.0,2495000,1400000,1095000
SO101326,20251019,9,227,1,5,4,349000,0.05,1326200,760000,566200
SO109661,20251019,12,165,9,6,2,299000,0.0,598000,240000,358000
SO107938,20251019,14,117,2,12,5,59000,0.0,295000,60000,235000
SO109300,20251019,14,271,2,6,4,59000,0.0,236000,48000,188000
SO109396,20251019,20,143,9,2,4,129000,0.05,490200,220000,270200
SO100996,20251019,3,244,7,6,4,1999000,0.0,7996000,5800000,2196000
SO102033,20251020,4,38,2,3,1,8999000,0.0,8999000,6200000,2799000
SO111772,20251020,9,216,2,9,2,349000,0.1,628200,380000,248200
SO107263,20251020,11,171,1,3,4,199000,0.0,796000,340000,456000
SO103615,20251020,14,220,6,7,2,59000,0.0,118000,24000,94000
SO110022,20251020,20,24,12,5,5,129000,0.05,612800,275000,337800
SO107803,20251020,13,244,7,4,4,89000,0.0,356000,100000,256000
SO110494,20251020,3,110,2,8,1,1999000,0.05,1899000,1450000,449000
SO104599,20251020,18,130,11,11,5,649000,0.0,3245000,1600000,1645000
SO103333,20251021,9,52,3,5,1,349000,0.0,349000,190000,159000
SO105903,20251021,20,281,3,1,4,129000,0.1,464400,220000,244400
SO106529,20251021,20,63,1,10,3,129000,0.0,387000,165000,222000
SO110982,20251021,14,20,1,1,1,59000,0.0,59000,12000,47000
SO101521,20251021,7,85,3,9,5,499000,0.0,2495000,1400000,1095000
SO106237,20251021,8,268,8,11,5,799000,0.0,3995000,2100000,1895000
SO106241,20251021,17,114,7,12,4,329000,0.0,1316000,600000,716000
SO110475,20251021,15,294,8,4,1,899000,0.0,899000,480000,419000
SO102359,20251021,11,113,15,9,1,199000,0.05,189000,85000,104000
SO102925,20251021,14,292,11,3,5,59000,0.0,295000,60000,235000
SO100290,20251022,13,264,7,10,1,89000,0.0,89000,25000,64000
SO106654,20251022,9,248,1,10,2,349000,0.0,698000,380000,318000
SO106880,20251022,16,185,3,4,4,1599000,0.1,5756400,3680000,2076400
SO108076,20251022,4,159,4,5,5,8999000,0.0,44995000,31000000,13995000
SO107033,20251022,15,284,2,4,5,899000,0.0,4495000,2400000,2095000
SO108691,20251022,20,49,1,9,4,129000,0.0,516000,220000,296000
SO101429,20251022,19,185,3,10,4,169000,0.05,642200,300000,342200
SO108842,20251022,14,273,2,12,4,59000,0.0,236000,48000,188000
SO110647,20251022,15,255,1,11,4,899000,0.1,3236400,1920000,1316400
SO111137,20251022,13,63,1,5,3,89000,0.0,267000,75000,192000
SO106478,20251022,17,247,3,12,2,329000,0.1,592200,300000,292200
SO100660,20251022,9,70,8,12,1,349000,0.05,331600,190000,141600
SO100814,20251023,19,241,4,6,4,169000,0.0,676000,300000,376000
SO104577,20251023,11,289,2,4,1,199000,0.0,199000,85000,114000
SO107096,20251023,13,30,6,10,1,89000,0.05,84600,25000,59600
SO104608,20251023,14,129,1,12,4,59000,0.0,236000,48000,188000
SO107252,20251023,19,20,1,3,2,169000,0.05,321100,150000,171100
SO111157,20251024,14,248,1,3,4,59000,0.0,236000,48000,188000
SO110928,20251024,11,156,11,1,2,199000,0.0,398000,170000,228000
SO104256,20251024,14,41,3,5,4,59000,0.0,236000,48000,188000
SO102464,20251024,14,25,12,9,1,59000,0.0,59000,12000,47000
SO108391,20251024,20,28,2,5,4,129000,0.1,464400,220000,244400
SO111509,20251024,10,264,7,10,1,599000,0.0,599000,310000,289000
SO106851,20251024,19,131,6,11,3,169000,0.05,481600,225000,256600
SO109747,20251025,15,172,1,11,5,899000,0.1,4045500,2400000,1645500
SO103001,20251025,20,300,7,3,2,129000,0.0,258000,110000,148000
SO100753,20251025,13,283,11,1,3,89000,0.1,240300,75000,165300
SO106493,20251025,20,29,1,1,2,129000,0.0,258000,110000,148000
SO100856,20251025,20,207,18,3,1,129000,0.0,129000,55000,74000
SO107529,20251025,20,122,18,1,5,129000,0.0,645000,275000,370000
SO105838,20251025,7,25,12,3,1,499000,0.0,499000,280000,219000
SO105243,20251025,17,182,14,5,1,329000,0.1,296100,150000,146100
SO110058,20251025,2,13,1,1,1,4499000,0.0,4499000,3100000,1399000
SO103372,20251025,12,145,14,8,4,299000,0.0,1196000,480000,716000
SO105763,20251025,7,279,12,10,5,499000,0.05,2370200,1400000,970200
SO102931,20251025,13,88,6,3,3,89000,0.0,267000,75000,192000
SO106470,20251026,20,291,14,10,5,129000,0.0,645000,275000,370000
SO110039,20251026,7,47,3,1,4,499000,0.1,1796400,1120000,676400
SO104630,20251026,20,31,2,12,5,129000,0.0,645000,275000,370000
SO101977,20251026,14,39,6,2,2,59000,0.0,118000,24000,94000
SO109068,20251026,14,298,3,8,3,59000,0.0,177000,36000,141000
SO102633,20251026,14,121,13,12,1,59000,0.1,53100,12000,41100
SO106365,20251026,5,147,12,11,1,3999000,0.05,3799000,2900000,899000
SO100776,20251026,13,102,1,11,4,89000,0.0,356000,100000,256000
SO109422,20251026,8,61,11,6,4,799000,0.0,3196000,1680000,1516000
SO103058,20251027,10,105,2,12,4,599000,0.0,2396000,1240000,1156000
SO111105,20251027,5,172,1,5,1,3999000,0.0,3999000,2900000,1099000
SO103006,20251027,14,141,3,4,2,59000,0.0,118000,24000,94000
SO108973,20251027,7,260,1,4,3,499000,0.05,1422200,840000,582200
SO108170,20251027,20,209,1,8,3,129000,0.1,348300,165000,183300
SO100550,20251027,6,44,5,7,3,2199000,0.05,6267200,4050000,2217200
SO109524,20251027,7,211,1,7,1,499000,0.0,499000,280000,219000
SO104699,20251027,12,67,3,8,4,299000,0.0,1196000,480000,716000
SO105194,20251027,19,26,5,7,1,169000,0.05,160600,75000,85600
SO102305,20251027,15,112,4,1,5,899000,0.05,4270200,2400000,1870200
SO105894,20251027,14,256,9,7,5,59000,0.0,295000,60000,235000
SO110909,20251028,19,272,6,1,5,169000,0.0,845000,375000,470000
SO103031,20251028,13,48,4,4,2,89000,0.0,178000,50000,128000
SO110637,20251028,15,164,12,9,5,899000,0.0,4495000,2400000,2095000
SO100465,20251028,12,271,2,5,5,299000,0.0,1495000,600000,895000
SO106159,20251028,13,199,6,3,2,89000,0.1,160200,50000,110200
SO104895,20251028,11,300,7,11,1,199000,0.0,199000,85000,114000
SO105132,20251028,6,256,9,8,1,2199000,0.0,2199000,1350000,849000
SO102563,20251028,14,294,8,1,3,59000,0.0,177000,36000,141000
SO106200,20251028,12,252,7,1,4,299000,0.05,1136200,480000,656200
SO107924,20251028,7,225,7,12,2,499000,0.0,998000,560000,438000
SO110959,20251028,2,81,17,2,3,4499000,0.1,12147300,9300000,2847300
SO106381,20251028,13,195,3,8,1,89000,0.0,89000,25000,64000
SO102379,20251029,18,90,6,9,3,649000,0.05,1849600,960000,889600
SO105861,20251029,11,151,1,12,3,199000,0.0,597000,255000,342000
SO108728,20251029,5,129,1,5,5,3999000,0.0,19995000,14500000,5495000
SO103731,20251029,14,185,3,11,1,59000,0.0,59000,12000,47000
SO106954,20251029,18,118,2,3,4,649000,0.05,2466200,1280000,1186200
SO107710,20251029,3,182,14,10,2,1999000,0.0,3998000,2900000,1098000
SO109901,20251029,16,34,1,1,3,1599000,0.0,4797000,2760000,2037000
SO103636,20251029,12,8,8,11,3,299000,0.0,897000,360000,537000
SO106657,20251029,14,185,3,4,5,59000,0.0,295000,60000,235000
SO108135,20251029,12,51,4,6,4,299000,0.1,1076400,480000,596400
SO105664,20251030,17,288,2,9,1,329000,0.05,312600,150000,162600
SO109154,20251030,14,152,3,9,2,59000,0.1,106200,24000,82200
SO101158,20251030,1,108,4,7,4,13999000,0.0,55996000,39200000,16796000
SO103188,20251030,13,24,12,9,5,89000,0.0,445000,125000,320000
SO100696,20251030,10,227,1,5,1,599000,0.0,599000,310000,289000
SO102831,20251030,8,120,12,12,1,799000,0.0,799000,420000,379000
SO104505,20251030,7,188,1,3,2,499000,0.0,998000,560000,438000
SO105527,20251030,11,71,9,6,1,199000,0.0,199000,85000,114000
SO105655,20251030,2,26,5,3,4,4499000,0.0,17996000,12400000,5596000
SO102970,20251030,10,246,3,5,3,599000,0.1,1617300,930000,687300
SO105343,20251031,9,61,11,2,3,349000,0.05,994600,570000,424600
SO104663,20251031,13,213,6,2,1,89000,0.0,89000,25000,64000
SO109937,20251031,7,100,15,6,5,499000,0.05,2370200,1400000,970200
SO104115,20251031,20,262,1,2,3,129000,0.0,387000,165000,222000
SO106793,20251031,17,23,1,11,2,329000,0.05,625100,300000,325100
SO111318,20251031,20,76,9,12,2,129000,0.0,258000,110000,148000
SO103882,20251031,18,272,6,8,4,649000,0.0,2596000,1280000,1316000
SO106645,20251031,9,263,2,7,2,349000,0.0,698000,380000,318000
SO111888,20251031,14,63,1,7,5,59000,0.0,295000,60000,235000
SO106580,20251101,14,142,8,2,4,59000,0.0,236000,48000,188000
SO109339,20251101,7,227,1,2,1,499000,0.0,499000,280000,219000
SO105156,20251101,19,220,6,11,4,169000,0.0,676000,300000,376000
SO111503,20251101,7,196,1,3,1,499000,0.0,499000,280000,219000
SO100348,20251101,20,7,8,2,1,129000,0.0,129000,55000,74000
SO104387,20251101,3,125,1,9,1,1999000,0.05,1899000,1450000,449000
SO110540,20251101,14,253,1,5,3,59000,0.0,177000,36000,141000
SO104938,20251101,14,142,8,11,1,59000,0.0,59000,12000,47000
SO104558,20251101,14,63,1,11,5,59000,0.0,295000,60000,235000
SO111652,20251101,10,263,2,6,2,599000,0.0,1198000,620000,578000
SO108723,20251101,14,49,1,10,3,59000,0.05,168200,36000,132200
SO103489,20251101,20,240,8,9,2,129000,0.05,245100,110000,135100
SO109874,20251101,14,278,3,6,5,59000,0.0,295000,60000,235000
SO103345,20251101,19,151,1,5,1,169000,0.1,152100,75000,77100
SO101426,20251101,20,151,1,1,4,129000,0.0,516000,220000,296000
SO105829,20251101,14,210,3,7,5,59000,0.0,295000,60000,235000
SO104252,20251102,10,74,13,7,3,599000,0.0,1797000,930000,867000
SO106270,20251102,19,55,3,5,4,169000,0.1,608400,300000,308400
SO111473,20251102,2,234,2,12,3,4499000,0.0,13497000,9300000,4197000
SO110742,20251102,17,174,4,9,2,329000,0.0,658000,300000,358000
SO109161,20251102,7,211,1,9,5,499000,0.0,2495000,1400000,1095000
SO100502,20251102,14,220,6,12,2,59000,0.0,118000,24000,94000
SO106170,20251102,14,116,1,6,2,59000,0.0,118000,24000,94000
SO103881,20251102,20,75,12,5,2,129000,0.1,232200,110000,122200
SO101497,20251102,14,92,3,6,5,59000,0.05,280200,60000,220200
SO111212,20251102,17,135,1,12,5,329000,0.0,1645000,750000,895000
SO106187,20251102,19,186,3,10,4,169000,0.05,642200,300000,342200
SO106462,20251102,4,188,1,5,4,8999000,0.0,35996000,24800000,11196000
SO107870,20251102,11,20,1,12,4,199000,0.0,796000,340000,456000
SO101861,20251102,11,74,13,4,4,199000,0.0,796000,340000,456000
SO101428,20251102,20,184,6,7,4,129000,0.05,490200,220000,270200
SO104640,20251102,13,37,12,1,4,89000,0.0,356000,100000,256000
SO100593,20251102,15,130,11,9,2,899000,0.1,1618200,960000,658200
SO108494,20251102,3,128,5,6,4,1999000,0.0,7996000,5800000,2196000
SO101855,20251102,11,169,5,1,1,199000,0.0,199000,85000,114000
SO108791,20251103,19,300,7,12,1,169000,0.0,169000,75000,94000
SO104427,20251103,12,5,1,10,1,299000,0.0,299000,120000,179000
SO107399,20251103,17,94,3,9,4,329000,0.0,1316000,600000,716000
SO103010,20251103,19,129,1,6,2,169000,0.0,338000,150000,188000
SO102486,20251103,18,247,3,2,3,649000,0.0,1947000,960000,987000
SO102783,20251103,13,39,6,3,4,89000,0.1,320400,100000,220400
SO102279,20251103,3,168,4,12,1,1999000,0.0,1999000,1450000,549000
SO108057,20251103,8,150,11,6,2,799000,0.0,1598000,840000,758000
SO111314,20251103,17,300,7,8,2,329000,0.0,658000,300000,358000
SO106543,20251103,13,55,3,10,5,89000,0.05,422800,125000,297800
SO103287,20251103,11,244,7,11,3,199000,0.0,597000,255000,342000
SO104498,20251103,4,162,1,5,4,8999000,0.05,34196200,24800000,9396200
SO105402,20251103,12,171,1,6,1,299000,0.05,284000,120000,164000
SO107189,20251103,18,34,1,4,2,649000,0.0,1298000,640000,658000
SO110919,20251103,9,143,9,8,2,349000,0.05,663100,380000,283100
SO104133,20251103,19,78,1,5,3,169000,0.0,507000,225000,282000
SO111856,20251104,14,104,12,1,5,59000,0.05,280200,60000,220200
SO107963,20251104,13,240,8,5,4,89000,0.0,356000,100000,256000
SO102104,20251104,14,13,1,1,3,59000,0.0,177000,36000,141000
SO104170,20251104,17,140,3,12,3,329000,0.05,937600,450000,487600
SO108422,20251104,19,215,14,9,1,169000,0.0,169000,75000,94000
SO106341,20251104,9,70,8,2,4,349000,0.0,1396000,760000,636000
SO104030,20251104,12,86,2,5,4,299000,0.05,1136200,480000,656200
SO106383,20251104,6,292,11,11,2,2199000,0.1,3958200,2700000,1258200
SO101993,20251104,14,233,7,6,5,59000,0.15,250800,60000,190800
SO100299,20251104,12,274,17,5,1,299000,0.0,299000,120000,179000
SO105550,20251104,7,237,8,6,1,499000,0.05,474000,280000,194000
SO105335,20251104,14,177,5,10,2,59000,0.05,112100,24000,88100
SO103633,20251104,14,287,6,10,4,59000,0.1,212400,48000,164400
SO103563,20251104,20,5,1,11,1,129000,0.05,122600,55000,67600
SO102060,20251104,14,205,7,12,4,59000,0.0,236000,48000,188000
SO103684,20251104,1,106,1,5,4,13999000,0.1,50396400,39200000,11196400
SO111136,20251105,11,40,5,10,2,199000,0.0,398000,170000,228000
SO106173,20251105,6,123,17,7,1,2199000,0.0,2199000,1350000,849000
SO100602,20251105,19,6,1,1,4,169000,0.0,676000,300000,376000
SO108436,20251105,13,258,2,1,3,89000,0.0,267000,75000,192000
SO105050,20251105,19,201,9,3,1,169000,0.05,160600,75000,85600
SO104972,20251105,16,285,5,11,1,1599000,0.1,1439100,920000,519100
SO100566,20251105,17,53,1,11,2,329000,0.0,658000,300000,358000
SO107933,20251105,18,125,1,10,4,649000,0.0,2596000,1280000,1316000
SO109340,20251105,3,188,1,5,2,1999000,0.0,3998000,2900000,1098000
SO103548,20251105,16,157,12,3,3,1599000,0.0,4797000,2760000,2037000
SO104219,20251105,9,124,15,1,3,349000,0.05,994600,570000,424600
SO111397,20251106,17,263,2,9,2,329000,0.0,658000,300000,358000
SO107218,20251106,19,153,3,10,4,169000,0.1,608400,300000,308400
SO101991,20251106,13,96,1,4,2,89000,0.0,178000,50000,128000
SO105157,20251106,11,252,7,12,3,199000,0.0,597000,255000,342000
SO109829,20251106,16,254,2,6,3,1599000,0.05,4557200,2760000,1797200
SO101663,20251106,14,199,6,12,5,59000,0.1,265500,60000,205500
SO107362,20251106,17,117,2,1,1,329000,0.0,329000,150000,179000
SO103922,20251106,14,141,3,12,5,59000,0.0,295000,60000,235000
SO103890,20251106,14,254,2,3,5,59000,0.0,295000,60000,235000
SO110814,20251106,17,97,1,9,3,329000,0.1,888300,450000,438300
SO107879,20251106,14,54,12,10,5,59000,0.05,280200,60000,220200
SO101221,20251106,14,93,1,1,5,59000,0.0,295000,60000,235000
SO102416,20251106,8,269,15,5,3,799000,0.0,2397000,1260000,1137000
SO111504,20251106,14,170,3,2,5,59000,0.1,265500,60000,205500
SO101950,20251106,14,248,1,3,3,59000,0.05,168200,36000,132200
SO106457,20251106,9,289,2,10,3,349000,0.0,1047000,570000,477000
SO109841,20251106,3,161,2,6,2,1999000,0.05,3798100,2900000,898100
SO103086,20251106,3,171,1,7,2,1999000,0.0,3998000,2900000,1098000
SO108452,20251106,7,138,8,9,2,499000,0.05,948100,560000,388100
SO102144,20251106,6,194,14,5,5,2199000,0.0,10995000,6750000,4245000
SO107954,20251106,18,160,2,8,2,649000,0.0,1298000,640000,658000
SO105253,20251106,17,241,4,7,4,329000,0.0,1316000,600000,716000
SO103308,20251106,11,206,1,10,4,199000,0.0,796000,340000,456000
SO111786,20251106,19,290,14,9,2,169000,0.0,338000,150000,188000
SO109416,20251106,13,239,5,5,2,89000,0.0,178000,50000,128000
SO109457,20251106,11,100,15,12,4,199000,0.0,796000,340000,456000
SO104229,20251107,13,134,2,10,5,89000,0.05,422800,125000,297800
SO107125,20251107,19,269,15,5,4,169000,0.05,642200,300000,342200
SO110892,20251107,16,193,1,9,3,1599000,0.0,4797000,2760000,2037000
SO108801,20251107,18,44,5,7,4,649000,0.05,2466200,1280000,1186200
SO109097,20251107,19,185,3,6,2,169000,0.1,304200,150000,154200
SO103231,20251107,6,237,8,6,5,2199000,0.0,10995000,6750000,4245000
SO109047,20251107,10,2,1,12,3,599000,0.05,1707200,930000,777200
SO110080,20251107,20,270,6,1,4,129000,0.0,516000,220000,296000
SO103820,20251107,1,233,7,9,5,13999000,0.15,59495800,49000000,10495800
SO111709,20251107,9,264,7,6,3,349000,0.0,1047000,570000,477000
SO102825,20251108,14,230,8,10,5,59000,0.0,295000,60000,235000
SO108174,20251108,19,34,1,1,5,169000,0.0,845000,375000,470000
SO111260,20251108,19,196,1,8,2,169000,0.05,321100,150000,171100
SO111250,20251108,8,247,3,8,5,799000,0.05,3795200,2100000,1695200
SO100661,20251108,13,10,2,11,4,89000,0.05,338200,100000,238200
SO110944,20251108,15,11,12,3,1,899000,0.0,899000,480000,419000
SO101116,20251108,11,295,8,11,5,199000,0.05,945200,425000,520200
SO103966,20251108,19,215,14,2,2,169000,0.0,338000,150000,188000
SO110259,20251108,14,183,2,10,2,59000,0.0,118000,24000,94000
SO110956,20251108,20,47,3,10,3,129000,0.05,367600,165000,202600
SO101810,20251108,13,204,3,9,5,89000,0.0,445000,125000,320000
SO102284,20251108,19,132,5,4,5,169000,0.0,845000,375000,470000
SO103664,20251108,11,85,3,1,2,199000,0.0,398000,170000,228000
SO100730,20251108,12,220,6,3,5,299000,0.0,1495000,600000,895000
SO102103,20251108,12,300,7,11,4,299000,0.0,1196000,480000,716000
SO106080,20251108,17,231,18,1,3,329000,0.0,987000,450000,537000
SO101395,20251109,19,230,8,11,5,169000,0.0,845000,375000,470000
SO107565,20251109,10,110,2,9,4,599000,0.05,2276200,1240000,1036200
SO108570,20251109,9,242,13,7,2,349000,0.0,698000,380000,318000
SO104930,20251109,14,20,1,12,4,59000,0.05,224200,48000,176200
SO110739,20251109,17,250,7,8,4,329000,0.0,1316000,600000,716000
SO110267,20251109,19,170,3,12,5,169000,0.15,718200,375000,343200
SO111573,20251109,19,200,8,11,5,169000,0.0,845000,375000,470000
SO101943,20251109,18,247,3,8,5,649000,0.0,3245000,1600000,1645000
SO108967,20251109,13,185,3,11,5,89000,0.0,445000,125000,320000
SO102987,20251109,14,52,3,7,2,59000,0.0,118000,24000,94000
SO101721,20251109,11,17,4,4,3,199000,0.1,537300,255000,282300
SO108609,20251109,19,198,9,10,5,169000,0.0,845000,375000,470000
SO107134,20251109,14,123,17,11,2,59000,0.0,118000,24000,94000
SO105444,20251109,17,194,14,9,1,329000,0.0,329000,150000,179000
SO100539,20251109,10,230,8,2,2,599000,0.0,1198000,620000,578000
SO109856,20251109,14,260,1,6,5,59000,0.0,295000,60000,235000
SO111823,20251109,4,142,8,8,3,8999000,0.0,26997000,18600000,8397000
SO103656,20251109,14,131,6,8,1,59000,0.0,59000,12000,47000
SO102330,20251109,3,147,12,10,5,1999000,0.05,9495200,7250000,2245200
SO103503,20251109,9,103,8,6,4,349000,0.0,1396000,760000,636000
SO100213,20251109,15,219,7,5,2,899000,0.05,1708100,960000,748100
SO102945,20251110,10,108,4,5,2,599000,0.05,1138100,620000,518100
SO108771,20251110,13,255,1,9,2,89000,0.05,169100,50000,119100
SO107180,20251110,7,50,9,10,4,499000,0.05,1896200,1120000,776200
SO109442,20251110,10,22,6,6,5,599000,0.0,2995000,1550000,1445000
SO107095,20251110,14,85,3,10,4,59000,0.0,236000,48000,188000
SO106271,20251110,14,250,7,7,2,59000,0.0,118000,24000,94000
SO108928,20251110,12,235,15,8,4,299000,0.15,1016600,480000,536600
SO111268,20251110,8,277,1,11,4,799000,0.0,3196000,1680000,1516000
SO107627,20251110,14,14,1,3,1,59000,0.0,59000,12000,47000
SO100847,20251110,18,227,1,5,4,649000,0.0,2596000,1280000,1316000
SO102796,20251110,17,35,6,6,2,329000,0.0,658000,300000,358000
SO100851,20251110,13,167,4,7,4,89000,0.0,356000,100000,256000
SO107138,20251110,13,191,8,9,5,89000,0.15,378200,125000,253200
SO109452,20251110,17,141,3,10,2,329000,0.0,658000,300000,358000
SO105798,20251111,17,86,2,12,2,329000,0.0,658000,300000,358000
SO102297,20251111,20,95,3,3,2,129000,0.1,232200,110000,122200
SO106884,20251111,15,221,3,9,4,899000,0.0,3596000,1920000,1676000
SO100186,20251111,20,135,1,9,4,129000,0.1,464400,220000,244400
SO104017,20251111,18,176,1,1,2,649000,0.05,1233100,640000,593100
SO108765,20251111,9,68,4,12,2,349000,0.0,698000,380000,318000
SO105941,20251111,17,190,10,8,1,329000,0.0,329000,150000,179000
SO111815,20251111,14,232,5,2,1,59000,0.0,59000,12000,47000
SO100887,20251111,12,238,3,7,5,299000,0.05,1420200,600000,820200
SO101557,20251111,7,300,7,12,1,499000,0.0,499000,280000,219000
SO108181,20251111,19,86,2,4,5,169000,0.0,845000,375000,470000
SO101481,20251111,10,125,1,6,4,599000,0.0,2396000,1240000,1156000
SO102459,20251111,10,142,8,3,1,599000,0.05,569000,310000,259000
SO111133,20251111,12,121,13,8,5,299000,0.0,1495000,600000,895000
SO109454,20251112,13,86,2,3,4,89000,0.0,356000,100000,256000
SO100207,20251112,9,256,9,2,3,349000,0.05,994600,570000,424600
SO104330,20251112,14,261,2,1,1,59000,0.0,59000,12000,47000
SO111708,20251112,14,197,3,1,1,59000,0.0,59000,12000,47000
SO109302,20251112,13,169,5,4,1,89000,0.0,89000,25000,64000
SO107957,20251112,12,12,6,3,2,299000,0.1,538200,240000,298200
SO102660,20251112,16,264,7,2,5,1599000,0.1,7195500,4600000,2595500
SO101017,20251112,5,224,1,1,2,3999000,0.0,7998000,5800000,2198000
SO104257,20251112,20,57,1,12,3,129000,0.0,387000,165000,222000
SO107418,20251112,8,117,2,11,1,799000,0.0,799000,420000,379000
SO108209,20251112,11,192,3,11,2,199000,0.0,398000,170000,228000
SO100722,20251112,20,38,2,12,3,129000,0.0,387000,165000,222000
SO105193,20251112,11,184,6,3,4,199000,0.05,756200,340000,416200
SO108574,20251112,9,113,15,6,1,349000,0.05,331600,190000,141600
SO111656,20251112,6,192,3,8,3,2199000,0.0,6597000,4050000,2547000
SO108285,20251112,9,27,6,12,1,349000,0.05,331600,190000,141600
SO102687,20251112,2,203,14,10,3,4499000,0.0,13497000,9300000,4197000
SO102106,20251112,9,199,6,11,4,349000,0.05,1326200,760000,566200
SO107087,20251112,19,57,1,11,1,169000,0.0,169000,75000,94000
SO101035,20251112,14,300,7,5,1,59000,0.05,56000,12000,44000
SO110037,20251113,11,58,16,8,4,199000,0.0,796000,340000,456000
SO106331,20251113,20,225,7,10,4,129000,0.0,516000,220000,296000
SO100849,20251113,2,159,4,11,1,4499000,0.0,4499000,3100000,1399000
SO102790,20251113,20,142,8,1,4,129000,0.0,516000,220000,296000
SO100945,20251113,19,237,8,7,1,169000,0.0,169000,75000,94000
SO100967,20251113,14,49,1,6,3,59000,0.0,177000,36000,141000
SO104109,20251113,6,147,12,3,3,2199000,0.0,6597000,4050000,2547000
SO100151,20251113,7,295,8,4,4,499000,0.05,1896200,1120000,776200
SO104045,20251113,5,94,3,4,1,3999000,0.0,3999000,2900000,1099000
SO109843,20251113,3,155,8,6,3,1999000,0.05,5697200,4350000,1347200
SO101047,20251113,19,206,1,1,4,169000,0.0,676000,300000,376000
SO109811,20251113,12,26,5,2,4,299000,0.05,1136200,480000,656200
SO109239,20251113,11,123,17,9,1,199000,0.0,199000,85000,114000
SO109660,20251113,13,40,5,3,4,89000,0.0,356000,100000,256000
SO101119,20251113,14,129,1,11,1,59000,0.1,53100,12000,41100
SO100458,20251113,14,36,1,3,3,59000,0.1,159300,36000,123300
SO101091,20251113,19,162,1,1,1,169000,0.05,160600,75000,85600
SO102914,20251113,16,89,3,9,4,1599000,0.0,6396000,3680000,2716000
SO111744,20251113,14,129,1,7,1,59000,0.05,56000,12000,44000
SO106820,20251113,3,133,1,3,1,1999000,0.0,1999000,1450000,549000
SO104462,20251113,6,256,9,4,5,2199000,0.0,10995000,6750000,4245000
SO110065,20251114,14,169,5,3,1,59000,0.1,53100,12000,41100
SO101803,20251114,12,58,16,7,5,299000,0.0,1495000,600000,895000
SO110189,20251114,8,268,8,4,5,799000,0.0,3995000,2100000,1895000
SO109237,20251114,12,39,6,11,2,299000,0.0,598000,240000,358000
SO106946,20251114,12,124,15,11,5,299000,0.0,1495000,600000,895000
SO101875,20251114,19,7,8,4,4,169000,0.05,642200,300000,342200
SO101770,20251114,14,68,4,2,2,59000,0.0,118000,24000,94000
SO107001,20251114,11,143,9,2,1,199000,0.1,179100,85000,94100
SO108560,20251114,14,194,14,8,1,59000,0.05,56000,12000,44000
SO100332,20251114,20,146,1,8,5,129000,0.0,645000,275000,370000
SO105061,20251114,12,177,5,6,4,299000,0.0,1196000,480000,716000
SO109151,20251114,15,230,8,2,4,899000,0.0,3596000,1920000,1676000
SO104291,20251114,20,59,1,5,2,129000,0.0,258000,110000,148000
SO111938,20251114,13,211,1,11,4,89000,0.05,338200,100000,238200
SO106225,20251114,12,87,6,4,2,299000,0.05,568100,240000,328100
SO111084,20251114,11,68,4,12,1,199000,0.0,199000,85000,114000
SO101321,20251114,9,13,1,9,2,349000,0.0,698000,380000,318000
SO107306,20251115,11,211,1,6,5,199000,0.0,995000,425000,570000
SO109816,20251115,17,278,3,4,1,329000,0.0,329000,150000,179000
SO106066,20251115,15,162,1,1,1,899000,0.05,854000,480000,374000
SO106186,20251115,9,257,12,8,3,349000,0.1,942300,570000,372300
SO108417,20251115,14,190,10,2,4,59000,0.0,236000,48000,188000
SO104665,20251115,13,121,13,1,3,89000,0.0,267000,75000,192000
SO104326,20251115,19,232,5,11,1,169000,0.0,169000,75000,94000
SO111756,20251115,20,47,3,8,2,129000,0.0,258000,110000,148000
SO104466,20251115,14,171,1,2,3,59000,0.05,168200,36000,132200
SO102380,20251115,7,44,5,11,4,499000,0.05,1896200,1120000,776200
SO106848,20251115,15,135,1,3,1,899000,0.05,854000,480000,374000
SO107435,20251115,11,171,1,2,1,199000,0.0,199000,85000,114000
SO111702,20251115,11,28,2,12,3,199000,0.0,597000,255000,342000
SO103661,20251115,19,283,11,7,1,169000,0.1,152100,75000,77100
SO101311,20251115,15,127,2,8,5,899000,0.0,4495000,2400000,2095000
SO101525,20251115,17,41,3,2,4,329000,0.05,1250200,600000,650200
SO107393,20251115,14,145,14,4,5,59000,0.0,295000,60000,235000
SO100187,20251115,14,7,8,5,5,59000,0.0,295000,60000,235000
SO100015,20251115,5,210,3,6,2,3999000,0.0,7998000,5800000,2198000
SO104356,20251115,10,133,1,2,2,599000,0.05,1138100,620000,518100
SO100768,20251115,14,1,2,9,2,59000,0.05,112100,24000,88100
SO102101,20251115,14,214,3,7,2,59000,0.0,118000,24000,94000
SO102684,20251115,13,253,1,1,3,89000,0.0,267000,75000,192000
SO111594,20251116,6,195,3,1,4,2199000,0.0,8796000,5400000,3396000
SO110714,20251116,2,249,1,7,1,4499000,0.1,4049100,3100000,949100
SO103986,20251116,19,239,5,7,2,169000,0.0,338000,150000,188000
SO111738,20251116,1,213,6,5,1,13999000,0.05,13299000,9800000,3499000
SO107168,20251116,6,67,3,8,2,2199000,0.05,4178100,2700000,1478100
SO109293,20251116,19,118,2,1,4,169000,0.05,642200,300000,342200
SO102212,20251116,14,283,11,12,5,59000,0.05,280200,60000,220200
SO109509,20251116,20,87,6,11,2,129000,0.0,258000,110000,148000
SO107841,20251116,10,48,4,10,4,599000,0.05,2276200,1240000,1036200
SO111817,20251116,14,248,1,9,1,59000,0.0,59000,12000,47000
SO108199,20251116,10,123,17,9,4,599000,0.05,2276200,1240000,1036200
SO109471,20251116,12,100,15,11,3,299000,0.15,762400,360000,402400
SO107897,20251116,14,129,1,5,2,59000,0.0,118000,24000,94000
SO100292,20251117,18,8,8,9,5,649000,0.05,3082800,1600000,1482800
SO102506,20251117,14,16,1,5,3,59000,0.0,177000,36000,141000
SO101690,20251117,13,207,18,10,2,89000,0.0,178000,50000,128000
SO109711,20251117,13,244,7,10,3,89000,0.0,267000,75000,192000
SO102730,20251117,16,255,1,2,2,1599000,0.0,3198000,1840000,1358000
SO109923,20251117,13,92,3,2,1,89000,0.05,84600,25000,59600
SO106574,20251117,19,234,2,10,1,169000,0.0,169000,75000,94000
SO103218,20251117,16,200,8,7,5,1599000,0.05,7595200,4600000,2995200
SO102710,20251117,4,62,14,3,5,8999000,0.0,44995000,31000000,13995000
SO109960,20251117,7,50,9,1,3,499000,0.05,1422200,840000,582200
SO111306,20251117,11,115,4,1,2,199000,0.0,398000,170000,228000
SO102620,20251117,13,207,18,2,1,89000,0.0,89000,25000,64000
SO106956,20251117,19,119,8,1,5,169000,0.05,802800,375000,427800
SO106565,20251117,13,185,3,1,3,89000,0.05,253600,75000,178600
SO110666,20251117,10,50,9,8,1,599000,0.0,599000,310000,289000
SO108916,20251117,9,177,5,8,4,349000,0.1,1256400,760000,496400
SO100130,20251117,8,190,10,8,4,799000,0.0,3196000,1680000,1516000
SO111632,20251117,19,236,3,12,2,169000,0.0,338000,150000,188000
SO103990,20251118,13,196,1,12,1,89000,0.0,89000,25000,64000
SO102213,20251118,19,242,13,8,4,169000,0.0,676000,300000,376000
SO102632,20251118,12,229,12,7,1,299000,0.0,299000,120000,179000
SO102082,20251118,13,50,9,6,4,89000,0.1,320400,100000,220400
SO109004,20251118,20,218,3,5,3,129000,0.0,387000,165000,222000
SO109931,20251118,10,91,14,7,4,599000,0.0,2396000,1240000,1156000
SO101103,20251118,20,119,8,10,3,129000,0.0,387000,165000,222000
SO105723,20251118,14,72,6,7,3,59000,0.05,168200,36000,132200
SO109846,20251118,15,199,6,1,3,899000,0.0,2697000,1440000,1257000
SO111456,20251118,20,51,4,9,4,129000,0.0,516000,220000,296000
SO104015,20251118,18,138,8,10,1,649000,0.0,649000,320000,329000
SO101005,20251118,20,254,2,4,3,129000,0.0,387000,165000,222000
SO101409,20251118,5,264,7,11,4,3999000,0.05,15196200,11600000,3596200
SO107783,20251118,11,249,1,12,4,199000,0.0,796000,340000,456000
SO107522,20251118,11,240,8,8,5,199000,0.0,995000,425000,570000
SO100340,20251118,11,291,14,4,4,199000,0.0,796000,340000,456000
SO100372,20251118,14,39,6,11,1,59000,0.1,53100,12000,41100
SO105786,20251118,11,17,4,1,5,199000,0.0,995000,425000,570000
SO111258,20251119,20,174,4,12,3,129000,0.0,387000,165000,222000
SO100487,20251119,20,68,4,7,5,129000,0.05,612800,275000,337800
SO100577,20251119,20,188,1,10,5,129000,0.0,645000,275000,370000
SO107340,20251119,12,76,9,10,1,299000,0.05,284000,120000,164000
SO109692,20251119,13,121,13,8,5,89000,0.0,445000,125000,320000
SO103523,20251119,13,213,6,11,1,89000,0.1,80100,25000,55100
SO110890,20251119,14,294,8,2,1,59000,0.0,59000,12000,47000
SO107225,20251119,13,77,1,10,3,89000,0.0,267000,75000,192000
SO111424,20251119,19,10,2,10,2,169000,0.0,338000,150000,188000
SO102358,20251119,17,214,3,3,5,329000,0.0,1645000,750000,895000
SO105148,20251119,16,217,8,10,2,1599000,0.0,3198000,1840000,1358000
SO109853,20251119,18,35,6,5,1,649000,0.0,649000,320000,329000
SO107017,20251119,12,156,11,5,4,299000,0.05,1136200,480000,656200
SO102011,20251119,19,134,2,9,3,169000,0.0,507000,225000,282000
SO104063,20251120,14,77,1,7,1,59000,0.0,59000,12000,47000
SO108631,20251120,12,52,3,8,3,299000,0.0,897000,360000,537000
SO103210,20251120,20,57,1,3,1,129000,0.05,122600,55000,67600
SO111526,20251120,7,125,1,11,4,499000,0.0,1996000,1120000,876000
SO106988,20251120,20,195,3,4,1,129000,0.05,122600,55000,67600
SO109700,20251120,9,187,5,1,3,349000,0.0,1047000,570000,477000
SO111465,20251120,19,146,1,9,1,169000,0.05,160600,75000,85600
SO110088,20251120,7,101,2,3,1,499000,0.05,474000,280000,194000
SO103233,20251120,14,180,1,9,5,59000,0.05,280200,60000,220200
SO101757,20251120,14,284,2,8,3,59000,0.05,168200,36000,132200
SO102672,20251120,20,58,16,4,3,129000,0.05,367600,165000,202600
SO111190,20251120,19,262,1,1,3,169000,0.0,507000,225000,282000
SO106966,20251120,13,80,1,8,1,89000,0.0,89000,25000,64000
SO107165,20251120,19,256,9,2,3,169000,0.0,507000,225000,282000
SO104748,20251121,20,91,14,5,5,129000,0.0,645000,275000,370000
SO103815,20251121,17,11,12,1,1,329000,0.05,312600,150000,162600
SO111963,20251121,20,106,1,1,4,129000,0.0,516000,220000,296000
SO110874,20251121,14,142,8,6,4,59000,0.05,224200,48000,176200
SO109642,20251121,13,269,15,9,5,89000,0.0,445000,125000,320000
SO103715,20251121,14,198,9,2,3,59000,0.05,168200,36000,132200
SO101408,20251121,17,29,1,1,2,329000,0.0,658000,300000,358000
SO101789,20251121,18,132,5,9,5,649000,0.0,3245000,1600000,1645000
SO108217,20251121,16,281,3,2,4,1599000,0.0,6396000,3680000,2716000
SO100745,20251121,14,270,6,2,2,59000,0.0,118000,24000,94000
SO106861,20251121,19,87,6,11,5,169000,0.0,845000,375000,470000
SO105588,20251122,6,134,2,1,5,2199000,0.0,10995000,6750000,4245000
SO108937,20251122,13,168,4,8,2,89000,0.0,178000,50000,128000
SO102202,20251122,7,153,3,8,5,499000,0.0,2495000,1400000,1095000
SO107388,20251122,20,102,1,9,5,129000,0.1,580500,275000,305500
SO105408,20251122,17,117,2,8,3,329000,0.0,987000,450000,537000
SO101500,20251122,13,298,3,12,2,89000,0.1,160200,50000,110200
SO108352,20251122,7,91,14,2,3,499000,0.0,1497000,840000,657000
SO100938,20251122,20,132,5,7,4,129000,0.05,490200,220000,270200
SO108512,20251122,3,299,1,8,3,1999000,0.0,5997000,4350000,1647000
SO109018,20251122,13,61,11,10,3,89000,0.0,267000,75000,192000
SO107352,20251122,18,77,1,4,1,649000,0.05,616600,320000,296600
SO107318,20251122,19,7,8,6,2,169000,0.0,338000,150000,188000
SO105259,20251122,10,125,1,5,3,599000,0.0,1797000,930000,867000
SO100879,20251122,20,97,1,5,1,129000,0.0,129000,55000,74000
SO110321,20251122,17,166,4,6,1,329000,0.0,329000,150000,179000
SO106663,20251122,14,63,1,3,4,59000,0.0,236000,48000,188000
SO108043,20251123,20,270,6,2,3,129000,0.0,387000,165000,222000
SO104340,20251123,8,36,1,5,2,799000,0.0,1598000,840000,758000
SO111178,20251123,20,67,3,6,1,129000,0.0,129000,55000,74000
SO100315,20251123,10,47,3,4,1,599000,0.0,599000,310000,289000
SO108507,20251123,18,51,4,4,5,649000,0.0,3245000,1600000,1645000
SO106893,20251123,4,153,3,5,4,8999000,0.0,35996000,24800000,11196000
SO102854,20251123,14,106,1,2,4,59000,0.1,212400,48000,164400
SO104374,20251123,14,200,8,8,5,59000,0.0,295000,60000,235000
SO103582,20251123,10,73,1,1,1,599000,0.0,599000,310000,289000
SO100556,20251123,11,112,4,8,4,199000,0.05,756200,340000,416200
SO109869,20251123,13,213,6,1,4,89000,0.05,338200,100000,238200
SO101381,20251123,13,228,3,7,5,89000,0.0,445000,125000,320000
SO107026,20251123,17,78,1,4,5,329000,0.05,1562800,750000,812800
SO102031,20251123,13,227,1,4,5,89000,0.05,422800,125000,297800
SO107146,20251123,16,259,7,4,5,1599000,0.05,7595200,4600000,2995200
SO107473,20251123,6,265,14,11,1,2199000,0.0,2199000,1350000,849000
SO102289,20251123,9,202,1,7,4,349000,0.0,1396000,760000,636000
SO105465,20251123,1,269,15,12,1,13999000,0.05,13299000,9800000,3499000
SO102232,20251123,19,48,4,9,3,169000,0.0,507000,225000,282000
SO101667,20251124,18,39,6,6,5,649000,0.0,3245000,1600000,1645000
SO111243,20251124,3,239,5,2,2,1999000,0.0,3998000,2900000,1098000
SO100360,20251124,14,206,1,5,5,59000,0.05,280200,60000,220200
SO111639,20251124,1,120,12,7,2,13999000,0.1,25198200,19600000,5598200
SO108112,20251124,15,220,6,7,1,899000,0.0,899000,480000,419000
SO100211,20251124,11,188,1,10,2,199000,0.05,378100,170000,208100
SO106804,20251124,20,221,3,4,5,129000,0.0,645000,275000,370000
SO106284,20251124,13,160,2,3,2,89000,0.0,178000,50000,128000
SO106888,20251124,17,227,1,4,2,329000,0.0,658000,300000,358000
SO100962,20251124,8,247,3,9,4,799000,0.1,2876400,1680000,1196400
SO100632,20251124,14,85,3,1,1,59000,0.0,59000,12000,47000
SO106710,20251124,7,64,3,10,5,499000,0.05,2370200,1400000,970200
SO110579,20251124,8,154,2,6,5,799000,0.0,3995000,2100000,1895000
SO106392,20251125,13,147,12,3,5,89000,0.05,422800,125000,297800
SO105315,20251125,2,61,11,10,5,4499000,0.0,22495000,15500000,6995000
SO108393,20251125,14,293,17,12,1,59000,0.0,59000,12000,47000
SO106442,20251125,3,99,3,1,2,1999000,0.05,3798100,2900000,898100
SO105801,20251125,14,77,1,11,2,59000,0.05,112100,24000,88100
SO106924,20251125,10,16,1,7,1,599000,0.0,599000,310000,289000
SO101120,20251125,17,227,1,9,4,329000,0.0,1316000,600000,716000
SO107410,20251125,19,140,3,2,5,169000,0.0,845000,375000,470000
SO110316,20251125,17,247,3,9,5,329000,0.05,1562800,750000,812800
SO107014,20251125,11,247,3,4,2,199000,0.0,398000,170000,228000
SO102927,20251125,20,81,17,1,5,129000,0.0,645000,275000,370000
SO106889,20251125,14,283,11,12,4,59000,0.0,236000,48000,188000
SO100273,20251125,13,73,1,6,5,89000,0.0,445000,125000,320000
SO105969,20251125,17,241,4,2,2,329000,0.0,658000,300000,358000
SO111025,20251125,20,133,1,6,2,129000,0.0,258000,110000,148000
SO109009,20251125,5,48,4,9,3,3999000,0.0,11997000,8700000,3297000
SO102859,20251125,14,210,3,3,2,59000,0.1,106200,24000,82200
SO107439,20251126,13,204,3,9,4,89000,0.05,338200,100000,238200
SO101202,20251126,20,187,5,1,1,129000,0.05,122600,55000,67600
SO109092,20251126,15,143,9,9,5,899000,0.1,4045500,2400000,1645500
SO111560,20251126,11,40,5,3,4,199000,0.05,756200,340000,416200
SO100355,20251126,14,222,15,8,1,59000,0.05,56000,12000,44000
SO101918,20251126,12,241,4,4,1,299000,0.0,299000,120000,179000
SO101592,20251126,20,58,16,2,3,129000,0.0,387000,165000,222000
SO106781,20251126,14,199,6,5,3,59000,0.0,177000,36000,141000
SO110681,20251126,12,218,3,3,5,299000,0.0,1495000,600000,895000
SO107716,20251126,14,123,17,8,1,59000,0.0,59000,12000,47000
SO109576,20251126,10,258,2,11,3,599000,0.0,1797000,930000,867000
SO109858,20251126,17,57,1,3,1,329000,0.0,329000,150000,179000
SO107806,20251126,9,93,1,4,1,349000,0.0,349000,190000,159000
SO111826,20251126,19,163,14,9,1,169000,0.05,160600,75000,85600
SO100165,20251126,11,149,2,7,3,199000,0.05,567200,255000,312200
SO106528,20251126,16,83,8,6,1,1599000,0.05,1519000,920000,599000
SO107553,20251126,12,4,3,7,3,299000,0.05,852200,360000,492200
SO104921,20251126,14,207,18,6,3,59000,0.05,168200,36000,132200
SO108343,20251126,14,267,5,3,3,59000,0.0,177000,36000,141000
SO111710,20251126,10,205,7,2,2,599000,0.0,1198000,620000,578000
SO108530,20251127,14,125,1,9,3,59000,0.0,177000,36000,141000
SO108182,20251127,14,282,14,5,4,59000,0.0,236000,48000,188000
SO107130,20251127,11,206,1,9,2,199000,0.0,398000,170000,228000
SO110785,20251127,13,142,8,6,4,89000,0.05,338200,100000,238200
SO106539,20251127,19,265,14,2,3,169000,0.05,481600,225000,256600
SO106473,20251127,17,223,3,4,4,329000,0.0,1316000,600000,716000
SO111315,20251127,14,39,6,2,4,59000,0.05,224200,48000,176200
SO101455,20251127,18,41,3,5,4,649000,0.0,2596000,1280000,1316000
SO104890,20251127,15,180,1,11,4,899000,0.0,3596000,1920000,1676000
SO103757,20251127,12,249,1,10,3,299000,0.0,897000,360000,537000
SO107193,20251127,14,291,14,6,1,59000,0.0,59000,12000,47000
SO100494,20251127,14,71,9,1,5,59000,0.0,295000,60000,235000
SO102952,20251127,16,196,1,7,2,1599000,0.0,3198000,1840000,1358000
SO101135,20251127,9,143,9,5,1,349000,0.15,296600,190000,106600
SO103247,20251127,3,11,12,3,1,1999000,0.0,1999000,1450000,549000
SO108524,20251127,6,168,4,9,1,2199000,0.0,2199000,1350000,849000
SO109394,20251127,17,293,17,8,2,329000,0.0,658000,300000,358000
SO107731,20251127,20,243,3,3,4,129000,0.0,516000,220000,296000
SO109510,20251127,13,272,6,4,2,89000,0.0,178000,50000,128000
SO105709,20251127,2,248,1,11,4,4499000,0.0,17996000,12400000,5596000
SO109029,20251127,11,103,8,5,5,199000,0.05,945200,425000,520200
SO102766,20251127,14,120,12,1,2,59000,0.05,112100,24000,88100
SO103022,20251128,11,155,8,8,3,199000,0.0,597000,255000,342000
SO110762,20251128,3,53,1,1,5,1999000,0.1,8995500,7250000,1745500
SO107476,20251128,12,13,1,5,4,299000,0.1,1076400,480000,596400
SO111076,20251128,9,246,3,10,4,349000,0.1,1256400,760000,496400
SO104267,20251128,3,81,17,12,5,1999000,0.0,9995000,7250000,2745000
SO101404,20251128,13,272,6,4,2,89000,0.05,169100,50000,119100
SO104328,20251128,13,275,3,6,5,89000,0.05,422800,125000,297800
SO110801,20251128,7,197,3,6,2,499000,0.0,998000,560000,438000
SO101501,20251128,17,291,14,11,5,329000,0.05,1562800,750000,812800
SO102500,20251128,15,232,5,7,1,899000,0.05,854000,480000,374000
SO104487,20251128,20,220,6,1,5,129000,0.0,645000,275000,370000
SO105875,20251128,7,47,3,12,1,499000,0.1,449100,280000,169100
SO102170,20251128,3,263,2,4,3,1999000,0.0,5997000,4350000,1647000
SO111183,20251128,11,281,3,2,3,199000,0.05,567200,255000,312200
SO104637,20251129,20,142,8,10,5,129000,0.0,645000,275000,370000
SO106254,20251129,16,60,1,4,2,1599000,0.0,3198000,1840000,1358000
SO103258,20251129,17,175,15,1,2,329000,0.0,658000,300000,358000
SO105214,20251129,14,240,8,4,5,59000,0.0,295000,60000,235000
SO111718,20251129,13,298,3,7,5,89000,0.0,445000,125000,320000
SO100821,20251129,20,236,3,11,1,129000,0.0,129000,55000,74000
SO102589,20251129,11,282,14,11,2,199000,0.05,378100,170000,208100
SO105015,20251129,11,8,8,7,5,199000,0.0,995000,425000,570000
SO106675,20251129,14,164,12,7,5,59000,0.0,295000,60000,235000
SO100904,20251129,15,110,2,7,4,899000,0.1,3236400,1920000,1316400
SO111562,20251129,11,88,6,1,3,199000,0.0,597000,255000,342000
SO111534,20251129,13,196,1,12,1,89000,0.05,84600,25000,59600
SO106901,20251129,7,201,9,11,4,499000,0.05,1896200,1120000,776200
SO109421,20251129,12,74,13,6,3,299000,0.0,897000,360000,537000
SO109245,20251129,19,201,9,1,3,169000,0.0,507000,225000,282000
SO107358,20251129,20,21,18,5,1,129000,0.0,129000,55000,74000
SO106366,20251129,7,143,9,9,4,499000,0.0,1996000,1120000,876000
SO100852,20251129,19,103,8,3,3,169000,0.05,481600,225000,256600
SO102779,20251129,20,207,18,12,1,129000,0.0,129000,55000,74000
SO102002,20251129,14,217,8,3,2,59000,0.05,112100,24000,88100
SO105370,20251130,19,189,18,7,2,169000,0.0,338000,150000,188000
SO105751,20251130,7,4,3,9,3,499000,0.05,1422200,840000,582200
SO111805,20251130,18,256,9,6,1,649000,0.0,649000,320000,329000
SO110026,20251130,16,108,4,10,4,1599000,0.0,6396000,3680000,2716000
SO110388,20251130,9,266,1,11,4,349000,0.0,1396000,760000,636000
SO104649,20251130,17,112,4,5,5,329000,0.0,1645000,750000,895000
SO108443,20251130,11,65,8,3,1,199000,0.0,199000,85000,114000
SO109067,20251130,11,114,7,12,2,199000,0.0,398000,170000,228000
SO102872,20251130,11,183,2,12,3,199000,0.0,597000,255000,342000
SO104430,20251130,13,55,3,10,2,89000,0.0,178000,50000,128000
SO106059,20251130,18,121,13,7,5,649000,0.0,3245000,1600000,1645000
SO102281,20251130,19,97,1,1,3,169000,0.05,481600,225000,256600
SO102138,20251130,15,234,2,12,5,899000,0.0,4495000,2400000,2095000
SO111437,20251130,9,226,11,12,4,349000,0.0,1396000,760000,636000
SO102959,20251130,17,222,15,1,1,329000,0.0,329000,150000,179000
SO105248,20251130,14,171,1,4,4,59000,0.0,236000,48000,188000
SO106806,20251130,14,93,1,10,3,59000,0.05,168200,36000,132200
SO106097,20251201,13,157,12,9,3,89000,0.05,253600,75000,178600
SO100419,20251201,7,211,1,2,4,499000,0.0,1996000,1120000,876000
SO105981,20251201,12,147,12,6,1,299000,0.1,269100,120000,149100
SO106024,20251201,20,282,14,10,2,129000,0.0,258000,110000,148000
SO109185,20251201,14,4,3,7,4,59000,0.05,224200,48000,176200
SO110912,20251201,20,163,14,3,5,129000,0.05,612800,275000,337800
SO103695,20251201,14,250,7,2,3,59000,0.0,177000,36000,141000
SO106356,20251201,14,264,7,8,3,59000,0.0,177000,36000,141000
SO103160,20251201,18,284,2,11,1,649000,0.05,616600,320000,296600
SO101725,20251201,20,89,3,12,1,129000,0.1,116100,55000,61100
SO101337,20251202,17,248,1,8,5,329000,0.05,1562800,750000,812800
SO108652,20251202,20,79,8,5,4,129000,0.0,516000,220000,296000
SO105038,20251202,11,55,3,8,4,199000,0.05,756200,340000,416200
SO104182,20251202,4,242,13,10,3,8999000,0.0,26997000,18600000,8397000
SO105233,20251202,17,79,8,8,4,329000,0.05,1250200,600000,650200
SO108985,20251202,11,243,3,10,5,199000,0.0,995000,425000,570000
SO111498,20251202,14,147,12,9,4,59000,0.0,236000,48000,188000
SO106279,20251202,20,297,4,4,5,129000,0.15,548200,275000,273200
SO105787,20251202,16,232,5,5,2,1599000,0.0,3198000,1840000,1358000
SO110233,20251202,20,240,8,9,2,129000,0.0,258000,110000,148000
SO104172,20251202,2,38,2,8,3,4499000,0.05,12822200,9300000,3522200
SO110075,20251202,13,108,4,5,2,89000,0.0,178000,50000,128000
SO111184,20251202,18,48,4,10,2,649000,0.0,1298000,640000,658000
SO109722,20251202,11,98,7,6,5,199000,0.0,995000,425000,570000
SO108390,20251202,8,131,6,8,4,799000,0.05,3036200,1680000,1356200
SO107759,20251202,9,8,8,2,5,349000,0.0,1745000,950000,795000
SO109976,20251202,8,176,1,9,3,799000,0.0,2397000,1260000,1137000
SO109441,20251202,20,71,9,10,4,129000,0.0,516000,220000,296000
SO107729,20251202,18,202,1,11,4,649000,0.1,2336400,1280000,1056400
SO108027,20251203,19,137,6,6,1,169000,0.05,160600,75000,85600
SO108584,20251203,13,9,8,12,5,89000,0.0,445000,125000,320000
SO106800,20251203,5,94,3,8,5,3999000,0.05,18995200,14500000,4495200
SO100286,20251203,14,110,2,3,5,59000,0.0,295000,60000,235000
SO107143,20251203,8,122,18,7,5,799000,0.05,3795200,2100000,1695200
SO101436,20251203,20,9,8,4,3,129000,0.05,367600,165000,202600
SO106012,20251203,7,84,12,4,3,499000,0.0,1497000,840000,657000
SO102412,20251203,6,3,1,6,4,2199000,0.0,8796000,5400000,3396000
SO107684,20251203,20,199,6,7,2,129000,0.1,232200,110000,122200
SO102746,20251203,20,234,2,11,4,129000,0.0,516000,220000,296000
SO100645,20251203,16,98,7,4,3,1599000,0.1,4317300,2760000,1557300
SO110174,20251203,18,182,14,5,2,649000,0.1,1168200,640000,528200
SO101850,20251203,18,46,17,12,3,649000,0.0,1947000,960000,987000
SO108887,20251203,8,76,9,7,4,799000,0.05,3036200,1680000,1356200
SO107837,20251203,14,197,3,7,4,59000,0.05,224200,48000,176200
SO106879,20251203,11,299,1,12,3,199000,0.05,567200,255000,312200
SO101392,20251203,17,80,1,5,2,329000,0.0,658000,300000,358000
SO105559,20251203,5,268,8,1,2,3999000,0.05,7598100,5800000,1798100
SO102853,20251203,8,12,6,1,5,799000,0.0,3995000,2100000,1895000
SO110353,20251204,8,71,9,7,3,799000,0.0,2397000,1260000,1137000
SO107415,20251204,11,273,2,12,2,199000,0.0,398000,170000,228000
SO108023,20251204,10,73,1,8,1,599000,0.0,599000,310000,289000
SO110204,20251204,10,153,3,11,1,599000,0.0,599000,310000,289000
SO103162,20251204,6,125,1,8,5,2199000,0.0,10995000,6750000,4245000
SO104319,20251204,17,113,15,1,5,329000,0.05,1562800,750000,812800
SO110275,20251204,13,31,2,2,1,89000,0.05,84600,25000,59600
SO106308,20251204,18,145,14,11,5,649000,0.05,3082800,1600000,1482800
SO108969,20251204,19,284,2,6,2,169000,0.05,321100,150000,171100
SO102004,20251204,17,162,1,12,5,329000,0.05,1562800,750000,812800
SO109847,20251204,13,64,3,8,1,89000,0.0,89000,25000,64000
SO104785,20251204,1,243,3,3,3,13999000,0.05,39897200,29400000,10497200
SO101523,20251204,13,198,9,12,1,89000,0.05,84600,25000,59600
SO104346,20251204,18,176,1,8,3,649000,0.0,1947000,960000,987000
SO100403,20251204,11,149,2,3,1,199000,0.0,199000,85000,114000
SO102172,20251204,11,283,11,12,3,199000,0.0,597000,255000,342000
SO109520,20251204,2,100,15,1,2,4499000,0.1,8098200,6200000,1898200
SO105481,20251204,11,107,1,1,4,199000,0.1,716400,340000,376400
SO102688,20251204,20,244,7,10,1,129000,0.0,129000,55000,74000
SO110658,20251204,14,56,7,5,1,59000,0.0,59000,12000,47000
SO104442,20251205,20,184,6,12,1,129000,0.0,129000,55000,74000
SO102673,20251205,1,298,3,10,4,13999000,0.0,55996000,39200000,16796000
SO111946,20251205,7,70,8,4,4,499000,0.1,1796400,1120000,676400
SO107111,20251205,14,2,1,3,1,59000,0.0,59000,12000,47000
SO107835,20251205,20,117,2,8,3,129000,0.0,387000,165000,222000
SO110231,20251205,19,164,12,7,5,169000,0.0,845000,375000,470000
SO104812,20251205,17,46,17,5,3,329000,0.05,937600,450000,487600
SO102628,20251205,11,274,17,6,5,199000,0.0,995000,425000,570000
SO103072,20251205,18,207,18,9,1,649000,0.0,649000,320000,329000
SO109848,20251205,12,207,18,3,1,299000,0.0,299000,120000,179000
SO106437,20251205,19,164,12,12,1,169000,0.05,160600,75000,85600
SO110459,20251205,11,160,2,1,1,199000,0.0,199000,85000,114000
SO105946,20251205,11,89,3,11,4,199000,0.05,756200,340000,416200
SO108141,20251205,20,200,8,1,4,129000,0.1,464400,220000,244400
SO108315,20251205,13,198,9,8,5,89000,0.0,445000,125000,320000
SO102681,20251205,12,272,6,1,3,299000,0.05,852200,360000,492200
SO100600,20251205,10,249,1,4,3,599000,0.0,1797000,930000,867000
SO111965,20251205,8,221,3,8,2,799000,0.0,1598000,840000,758000
SO110188,20251205,3,276,7,4,1,1999000,0.05,1899000,1450000,449000
SO107715,20251206,11,5,1,6,1,199000,0.0,199000,85000,114000
SO108950,20251206,17,25,12,2,3,329000,0.0,987000,450000,537000
SO106930,20251206,15,252,7,8,1,899000,0.0,899000,480000,419000
SO108434,20251206,14,73,1,3,2,59000,0.0,118000,24000,94000
SO104894,20251206,15,8,8,8,4,899000,0.05,3416200,1920000,1496200
SO109797,20251206,11,165,9,2,4,199000,0.0,796000,340000,456000
SO104114,20251206,13,206,1,2,2,89000,0.1,160200,50000,110200
SO108103,20251206,1,153,3,9,1,13999000,0.05,13299000,9800000,3499000
SO105947,20251206,19,186,3,7,3,169000,0.0,507000,225000,282000
SO100733,20251206,3,1,2,7,1,1999000,0.05,1899000,1450000,449000
SO109428,20251206,16,73,1,10,5,1599000,0.0,7995000,4600000,3395000
SO107829,20251206,14,235,15,2,5,59000,0.0,295000,60000,235000
SO109864,20251206,12,40,5,10,3,299000,0.0,897000,360000,537000
SO110585,20251206,12,65,8,3,3,299000,0.05,852200,360000,492200
SO105308,20251206,12,198,9,4,1,299000,0.0,299000,120000,179000
SO101973,20251207,19,280,6,10,3,169000,0.0,507000,225000,282000
SO107167,20251207,20,149,2,6,3,129000,0.0,387000,165000,222000
SO102521,20251207,11,215,14,3,1,199000,0.0,199000,85000,114000
SO100308,20251207,8,153,3,7,5,799000,0.0,3995000,2100000,1895000
SO109942,20251207,9,203,14,1,3,349000,0.0,1047000,570000,477000
SO100236,20251207,13,38,2,11,5,89000,0.0,445000,125000,320000
SO107072,20251207,15,128,5,11,2,899000,0.0,1798000,960000,838000
SO106579,20251207,14,139,2,3,4,59000,0.0,236000,48000,188000
SO110634,20251207,18,18,18,6,3,649000,0.0,1947000,960000,987000
SO107330,20251207,14,34,1,2,4,59000,0.05,224200,48000,176200
SO100508,20251207,2,157,12,2,4,4499000,0.0,17996000,12400000,5596000
SO104398,20251207,20,265,14,5,3,129000,0.05,367600,165000,202600
SO109972,20251207,17,23,1,2,4,329000,0.1,1184400,600000,584400
SO110969,20251207,9,79,8,6,1,349000,0.0,349000,190000,159000
SO106408,20251207,15,247,3,3,1,899000,0.05,854000,480000,374000
SO109817,20251207,5,51,4,11,5,3999000,0.0,19995000,14500000,5495000
SO105149,20251207,14,147,12,1,2,59000,0.05,112100,24000,88100
SO102063,20251207,10,132,5,6,5,599000,0.05,2845200,1550000,1295200
SO110712,20251207,7,277,1,12,2,499000,0.0,998000,560000,438000
SO101995,20251207,18,180,1,3,1,649000,0.0,649000,320000,329000
SO105201,20251208,9,262,1,3,5,349000,0.0,1745000,950000,795000
SO109924,20251208,16,289,2,9,1,1599000,0.1,1439100,920000,519100
SO105883,20251208,14,214,3,7,5,59000,0.1,265500,60000,205500
SO100235,20251208,11,4,3,11,3,199000,0.0,597000,255000,342000
SO111317,20251208,13,43,8,1,5,89000,0.0,445000,125000,320000
SO102533,20251208,13,175,15,5,1,89000,0.05,84600,25000,59600
SO106912,20251208,13,128,5,12,4,89000,0.1,320400,100000,220400
SO106687,20251208,11,128,5,12,2,199000,0.05,378100,170000,208100
SO109317,20251208,17,77,1,11,4,329000,0.05,1250200,600000,650200
SO108382,20251208,15,145,14,12,1,899000,0.0,899000,480000,419000
SO108741,20251208,20,243,3,1,1,129000,0.0,129000,55000,74000
SO101156,20251208,20,44,5,11,5,129000,0.0,645000,275000,370000
SO102197,20251208,9,290,14,8,4,349000,0.0,1396000,760000,636000
SO111380,20251208,18,75,12,5,5,649000,0.0,3245000,1600000,1645000
SO108568,20251208,14,30,6,11,1,59000,0.1,53100,12000,41100
SO105489,20251209,3,163,14,1,5,1999000,0.05,9495200,7250000,2245200
SO105007,20251209,14,218,3,12,3,59000,0.0,177000,36000,141000
SO105853,20251209,12,64,3,2,2,299000,0.0,598000,240000,358000
SO101083,20251209,19,161,2,10,5,169000,0.05,802800,375000,427800
SO108573,20251209,13,125,1,12,5,89000,0.0,445000,125000,320000
SO103686,20251209,13,250,7,1,3,89000,0.0,267000,75000,192000
SO105917,20251209,13,66,12,5,3,89000,0.0,267000,75000,192000
SO104651,20251209,12,241,4,12,5,299000,0.1,1345500,600000,745500
SO110251,20251209,9,180,1,12,1,349000,0.0,349000,190000,159000
SO107325,20251209,9,183,2,10,5,349000,0.0,1745000,950000,795000
SO111860,20251209,14,83,8,12,4,59000,0.0,236000,48000,188000
SO108716,20251209,13,187,5,12,2,89000,0.05,169100,50000,119100
SO106732,20251209,14,157,12,3,2,59000,0.0,118000,24000,94000
SO102371,20251209,8,212,1,5,1,799000,0.05,759000,420000,339000
SO102962,20251209,13,239,5,1,5,89000,0.0,445000,125000,320000
SO107424,20251209,13,269,15,5,3,89000,0.05,253600,75000,178600
SO109163,20251209,20,164,12,5,1,129000,0.0,129000,55000,74000
SO104792,20251209,7,189,18,2,2,499000,0.1,898200,560000,338200
SO106228,20251210,20,247,3,3,3,129000,0.0,387000,165000,222000
SO105189,20251210,18,46,17,10,1,649000,0.0,649000,320000,329000
SO104650,20251210,14,220,6,7,2,59000,0.0,118000,24000,94000
SO108275,20251210,8,55,3,1,4,799000,0.05,3036200,1680000,1356200
SO107673,20251210,10,274,17,4,5,599000,0.0,2995000,1550000,1445000
SO105882,20251210,12,275,3,1,2,299000,0.0,598000,240000,358000
SO101808,20251210,14,275,3,7,2,59000,0.05,112100,24000,88100
SO100304,20251210,12,175,15,7,2,299000,0.0,598000,240000,358000
SO104876,20251210,20,225,7,4,2,129000,0.0,258000,110000,148000
SO108533,20251210,7,212,1,7,3,499000,0.05,1422200,840000,582200
SO109905,20251210,7,173,15,5,5,499000,0.0,2495000,1400000,1095000
SO109695,20251210,13,237,8,2,3,89000,0.1,240300,75000,165300
SO109538,20251210,11,31,2,1,5,199000,0.05,945200,425000,520200
SO105480,20251210,20,228,3,8,4,129000,0.0,516000,220000,296000
SO105721,20251210,18,32,7,7,1,649000,0.15,551600,320000,231600
SO105422,20251210,12,94,3,2,4,299000,0.0,1196000,480000,716000
SO103381,20251211,12,27,6,10,5,299000,0.0,1495000,600000,895000
SO101081,20251211,6,12,6,7,4,2199000,0.1,7916400,5400000,2516400
SO101863,20251211,7,8,8,4,5,499000,0.0,2495000,1400000,1095000
SO103365,20251211,5,108,4,8,4,3999000,0.0,15996000,11600000,4396000
SO108999,20251211,20,286,4,12,2,129000,0.0,258000,110000,148000
SO111140,20251211,15,286,4,7,4,899000,0.0,3596000,1920000,1676000
SO106780,20251211,7,105,2,3,3,499000,0.05,1422200,840000,582200
SO101448,20251211,13,134,2,2,3,89000,0.0,267000,75000,192000
SO109857,20251211,14,216,2,5,1,59000,0.05,56000,12000,44000
SO107855,20251211,5,131,6,10,2,3999000,0.0,7998000,5800000,2198000
SO108001,20251211,14,291,14,4,1,59000,0.05,56000,12000,44000
SO100857,20251211,14,275,3,5,4,59000,0.05,224200,48000,176200
SO100855,20251211,19,25,12,7,2,169000,0.0,338000,150000,188000
SO100873,20251211,11,80,1,1,4,199000,0.0,796000,340000,456000
SO107211,20251211,9,193,1,4,1,349000,0.0,349000,190000,159000
SO102152,20251212,17,12,6,12,3,329000,0.0,987000,450000,537000
SO100969,20251212,17,145,14,2,5,329000,0.0,1645000,750000,895000
SO101612,20251212,8,209,1,1,1,799000,0.1,719100,420000,299100
SO109489,20251212,14,254,2,11,3,59000,0.0,177000,36000,141000
SO110487,20251212,14,177,5,9,2,59000,0.0,118000,24000,94000
SO111753,20251212,13,87,6,9,3,89000,0.05,253600,75000,178600
SO104448,20251212,9,21,18,12,5,349000,0.05,1657800,950000,707800
SO100321,20251212,14,208,2,5,5,59000,0.05,280200,60000,220200
SO108961,20251212,17,6,1,2,1,329000,0.05,312600,150000,162600
SO106219,20251212,8,291,14,6,3,799000,0.0,2397000,1260000,1137000
SO110541,20251212,19,267,5,12,4,169000,0.1,608400,300000,308400
SO101192,20251212,19,42,7,9,1,169000,0.0,169000,75000,94000
SO102415,20251212,12,168,4,8,3,299000,0.0,897000,360000,537000
SO100172,20251212,11,263,2,5,2,199000,0.0,398000,170000,228000
SO108827,20251212,2,146,1,1,3,4499000,0.0,13497000,9300000,4197000
SO106720,20251213,17,192,3,5,1,329000,0.0,329000,150000,179000
SO108055,20251213,9,102,1,8,1,349000,0.1,314100,190000,124100
SO100659,20251213,13,111,1,6,5,89000,0.0,445000,125000,320000
SO105274,20251213,20,289,2,8,1,129000,0.05,122600,55000,67600
SO107057,20251213,19,130,11,11,4,169000,0.0,676000,300000,376000
SO106581,20251213,11,207,18,9,1,199000,0.0,199000,85000,114000
SO107113,20251213,15,229,12,7,3,899000,0.0,2697000,1440000,1257000
SO104996,20251213,12,8,8,10,5,299000,0.05,1420200,600000,820200
SO109771,20251213,17,197,3,7,2,329000,0.0,658000,300000,358000
SO109362,20251213,14,161,2,8,2,59000,0.0,118000,24000,94000
SO107900,20251213,18,194,14,6,4,649000,0.1,2336400,1280000,1056400
SO108361,20251213,6,132,5,4,2,2199000,0.1,3958200,2700000,1258200
SO106885,20251213,13,31,2,1,3,89000,0.05,253600,75000,178600
SO103511,20251213,19,280,6,2,1,169000,0.0,169000,75000,94000
SO102466,20251213,14,3,1,7,4,59000,0.0,236000,48000,188000
SO107288,20251213,20,287,6,1,5,129000,0.1,580500,275000,305500
SO103353,20251213,17,139,2,8,2,329000,0.0,658000,300000,358000
SO106079,20251213,7,77,1,2,3,499000,0.05,1422200,840000,582200
SO111625,20251213,13,155,8,8,5,89000,0.0,445000,125000,320000
SO100276,20251214,20,195,3,11,1,129000,0.05,122600,55000,67600
SO107445,20251214,18,132,5,2,3,649000,0.05,1849600,960000,889600
SO104097,20251214,19,296,8,5,1,169000,0.1,152100,75000,77100
SO105831,20251214,12,105,2,1,1,299000,0.05,284000,120000,164000
SO108377,20251214,7,236,3,2,4,499000,0.0,1996000,1120000,876000
SO107916,20251214,19,39,6,6,4,169000,0.0,676000,300000,376000
SO102637,20251214,18,142,8,4,1,649000,0.05,616600,320000,296600
SO102786,20251214,15,122,18,4,1,899000,0.05,854000,480000,374000
SO109916,20251214,8,146,1,2,3,799000,0.1,2157300,1260000,897300
SO107174,20251214,1,130,11,3,4,13999000,0.0,55996000,39200000,16796000
SO105386,20251214,18,91,14,1,4,649000,0.0,2596000,1280000,1316000
SO109382,20251214,19,265,14,7,3,169000,0.1,456300,225000,231300
SO101798,20251214,5,53,1,12,3,3999000,0.05,11397200,8700000,2697200
SO102294,20251214,19,81,17,10,3,169000,0.0,507000,225000,282000
SO101313,20251214,1,208,2,3,2,13999000,0.0,27998000,19600000,8398000
SO107355,20251214,12,82,3,12,1,299000,0.0,299000,120000,179000
SO109220,20251214,11,28,2,11,5,199000,0.05,945200,425000,520200
SO105735,20251214,13,20,1,11,1,89000,0.0,89000,25000,64000
SO111335,20251214,7,65,8,8,4,499000,0.0,1996000,1120000,876000
SO109002,20251214,19,45,8,10,4,169000,0.1,608400,300000,308400
SO110035,20251214,15,1,2,10,1,899000,0.0,899000,480000,419000
SO103120,20251215,14,268,8,8,1,59000,0.0,59000,12000,47000
SO108321,20251215,20,280,6,5,5,129000,0.05,612800,275000,337800
SO108865,20251215,2,263,2,12,3,4499000,0.0,13497000,9300000,4197000
SO105913,20251215,15,211,1,1,3,899000,0.1,2427300,1440000,987300
SO106445,20251215,14,203,14,4,1,59000,0.05,56000,12000,44000
SO108366,20251215,7,74,13,9,1,499000,0.0,499000,280000,219000
SO100095,20251215,11,124,15,5,3,199000,0.0,597000,255000,342000
SO104031,20251215,6,215,14,6,2,2199000,0.1,3958200,2700000,1258200
SO103132,20251215,7,264,7,7,4,499000,0.0,1996000,1120000,876000
SO100313,20251215,9,95,3,10,5,349000,0.0,1745000,950000,795000
SO109243,20251215,19,204,3,3,3,169000,0.05,481600,225000,256600
SO107751,20251215,11,50,9,7,4,199000,0.0,796000,340000,456000
SO100978,20251215,10,231,18,11,2,599000,0.0,1198000,620000,578000
SO105290,20251215,18,90,6,7,4,649000,0.0,2596000,1280000,1316000
SO100337,20251215,13,293,17,5,1,89000,0.05,84600,25000,59600
SO111942,20251215,7,15,7,11,2,499000,0.0,998000,560000,438000
SO107069,20251215,8,87,6,11,3,799000,0.1,2157300,1260000,897300
SO101947,20251215,19,200,8,10,4,169000,0.05,642200,300000,342200
SO105637,20251216,1,255,1,7,5,13999000,0.0,69995000,49000000,20995000
SO106670,20251216,17,265,14,10,2,329000,0.15,559300,300000,259300
SO109545,20251216,20,191,8,12,3,129000,0.05,367600,165000,202600
SO103602,20251216,12,100,15,7,1,299000,0.05,284000,120000,164000
SO108400,20251216,17,209,1,2,2,329000,0.05,625100,300000,325100
SO108122,20251216,5,269,15,6,2,3999000,0.0,7998000,5800000,2198000
SO100958,20251216,13,168,4,8,4,89000,0.0,356000,100000,256000
SO105675,20251216,14,91,14,1,2,59000,0.0,118000,24000,94000
SO100036,20251216,7,261,2,1,1,499000,0.1,449100,280000,169100
SO107889,20251216,9,185,3,12,5,349000,0.0,1745000,950000,795000
SO108604,20251216,14,45,8,4,1,59000,0.0,59000,12000,47000
SO110301,20251216,12,115,4,11,4,299000,0.0,1196000,480000,716000
SO100341,20251216,7,217,8,3,5,499000,0.0,2495000,1400000,1095000
SO111950,20251216,19,134,2,12,4,169000,0.0,676000,300000,376000
SO103497,20251216,12,59,1,4,5,299000,0.0,1495000,600000,895000
SO110788,20251216,14,267,5,7,4,59000,0.0,236000,48000,188000
SO106949,20251216,7,115,4,1,5,499000,0.0,2495000,1400000,1095000
SO106471,20251216,19,268,8,6,5,169000,0.0,845000,375000,470000
SO111479,20251217,11,25,12,3,3,199000,0.0,597000,255000,342000
SO111582,20251217,14,199,6,12,5,59000,0.0,295000,60000,235000
SO100169,20251217,13,11,12,10,2,89000,0.0,178000,50000,128000
SO110529,20251217,6,128,5,12,2,2199000,0.05,4178100,2700000,1478100
SO108909,20251217,20,38,2,12,4,129000,0.1,464400,220000,244400
SO104922,20251217,19,273,2,12,3,169000,0.0,507000,225000,282000
SO103265,20251217,13,126,1,11,2,89000,0.0,178000,50000,128000
SO104294,20251217,14,139,2,11,2,59000,0.0,118000,24000,94000
SO106980,20251217,3,278,3,6,1,1999000,0.0,1999000,1450000,549000
SO101900,20251217,11,299,1,6,2,199000,0.1,358200,170000,188200
SO105604,20251217,20,242,13,6,4,129000,0.0,516000,220000,296000
SO101726,20251218,13,100,15,6,1,89000,0.05,84600,25000,59600
SO102892,20251218,9,131,6,8,1,349000,0.05,331600,190000,141600
SO103448,20251218,11,202,1,3,5,199000,0.0,995000,425000,570000
SO100016,20251218,7,134,2,3,5,499000,0.0,2495000,1400000,1095000
SO105952,20251218,13,133,1,10,2,89000,0.0,178000,50000,128000
SO105072,20251218,17,265,14,2,2,329000,0.0,658000,300000,358000
SO107103,20251218,7,66,12,4,2,499000,0.0,998000,560000,438000
SO103855,20251218,19,275,3,5,4,169000,0.05,642200,300000,342200
SO105008,20251218,7,8,8,1,3,499000,0.0,1497000,840000,657000
SO103951,20251218,2,233,7,12,2,4499000,0.05,8548100,6200000,2348100
SO106971,20251218,3,126,1,10,2,1999000,0.1,3598200,2900000,698200
SO111061,20251218,17,117,2,11,4,329000,0.0,1316000,600000,716000
SO105923,20251218,13,48,4,2,1,89000,0.0,89000,25000,64000
SO107554,20251218,20,3,1,6,3,129000,0.0,387000,165000,222000
SO109608,20251218,14,147,12,5,5,59000,0.05,280200,60000,220200
SO100614,20251218,20,105,2,3,1,129000,0.0,129000,55000,74000
SO106817,20251218,18,73,1,6,1,649000,0.05,616600,320000,296600
SO100388,20251219,11,7,8,10,2,199000,0.05,378100,170000,208100
SO108118,20251219,9,164,12,7,2,349000,0.05,663100,380000,283100
SO108510,20251219,13,231,18,7,2,89000,0.0,178000,50000,128000
SO106105,20251219,14,164,12,4,1,59000,0.0,59000,12000,47000
SO101793,20251219,12,155,8,3,4,299000,0.05,1136200,480000,656200
SO103485,20251219,18,81,17,9,2,649000,0.0,1298000,640000,658000
SO104478,20251219,19,185,3,2,4,169000,0.1,608400,300000,308400
SO106477,20251219,7,116,1,11,5,499000,0.0,2495000,1400000,1095000
SO102062,20251219,7,297,4,10,5,499000,0.05,2370200,1400000,970200
SO100246,20251219,8,280,6,2,5,799000,0.05,3795200,2100000,1695200
SO107267,20251219,19,136,11,7,2,169000,0.1,304200,150000,154200
SO100946,20251219,18,52,3,3,1,649000,0.05,616600,320000,296600
SO109153,20251219,19,231,18,11,4,169000,0.0,676000,300000,376000
SO104417,20251219,10,161,2,2,1,599000,0.0,599000,310000,289000
SO109181,20251220,20,163,14,1,2,129000,0.05,245100,110000,135100
SO106197,20251220,10,77,1,3,1,599000,0.05,569000,310000,259000
SO107300,20251220,7,236,3,6,1,499000,0.05,474000,280000,194000
SO108085,20251220,7,292,11,4,4,499000,0.0,1996000,1120000,876000
SO110621,20251220,13,211,1,12,5,89000,0.0,445000,125000,320000
SO100536,20251220,17,107,1,6,2,329000,0.0,658000,300000,358000
SO110820,20251220,10,59,1,1,1,599000,0.0,599000,310000,289000
SO103845,20251220,20,125,1,7,5,129000,0.0,645000,275000,370000
SO111521,20251220,12,116,1,1,2,299000,0.0,598000,240000,358000
SO104614,20251220,20,44,5,2,2,129000,0.05,245100,110000,135100
SO108258,20251220,19,274,17,5,2,169000,0.0,338000,150000,188000
SO105740,20251220,4,174,4,9,4,8999000,0.0,35996000,24800000,11196000
SO106812,20251221,3,90,6,11,3,1999000,0.0,5997000,4350000,1647000
SO108087,20251221,11,258,2,7,4,199000,0.05,756200,340000,416200
SO102334,20251221,20,215,14,1,1,129000,0.05,122600,55000,67600
SO106503,20251221,20,113,15,4,5,129000,0.0,645000,275000,370000
SO108012,20251221,6,98,7,3,1,2199000,0.0,2199000,1350000,849000
SO108874,20251221,11,180,1,12,3,199000,0.05,567200,255000,312200
SO105516,20251221,14,151,1,4,4,59000,0.1,212400,48000,164400
SO108162,20251221,13,89,3,9,2,89000,0.1,160200,50000,110200
SO100775,20251221,19,54,12,10,3,169000,0.05,481600,225000,256600
SO103976,20251221,12,219,7,7,2,299000,0.05,568100,240000,328100
SO102075,20251221,19,78,1,8,2,169000,0.0,338000,150000,188000
SO101936,20251221,19,246,3,3,1,169000,0.0,169000,75000,94000
SO100603,20251221,11,168,4,5,1,199000,0.05,189000,85000,104000
SO107669,20251221,7,209,1,1,5,499000,0.1,2245500,1400000,845500
SO109635,20251221,12,117,2,5,3,299000,0.0,897000,360000,537000
SO106976,20251221,8,267,5,7,4,799000,0.05,3036200,1680000,1356200
SO107574,20251222,20,133,1,1,1,129000,0.05,122600,55000,67600
SO104184,20251222,20,90,6,5,2,129000,0.0,258000,110000,148000
SO101163,20251222,14,98,7,6,1,59000,0.05,56000,12000,44000
SO105922,20251222,19,117,2,12,5,169000,0.1,760500,375000,385500
SO103504,20251222,7,225,7,8,2,499000,0.0,998000,560000,438000
SO110418,20251222,12,73,1,5,5,299000,0.0,1495000,600000,895000
SO102072,20251222,12,110,2,7,2,299000,0.05,568100,240000,328100
SO110816,20251222,9,106,1,3,1,349000,0.0,349000,190000,159000
SO108442,20251222,16,112,4,10,1,1599000,0.0,1599000,920000,679000
SO100774,20251222,19,65,8,8,3,169000,0.1,456300,225000,231300
SO101796,20251222,12,36,1,2,2,299000,0.0,598000,240000,358000
SO109591,20251222,17,224,1,5,1,329000,0.05,312600,150000,162600
SO109626,20251222,20,208,2,3,1,129000,0.0,129000,55000,74000
SO108884,20251222,20,60,1,5,1,129000,0.1,116100,55000,61100
SO103079,20251222,15,292,11,7,5,899000,0.0,4495000,2400000,2095000
SO100607,20251222,17,271,2,2,4,329000,0.0,1316000,600000,716000
SO111120,20251222,1,168,4,4,2,13999000,0.1,25198200,19600000,5598200
SO101842,20251222,14,134,2,12,3,59000,0.0,177000,36000,141000
SO101227,20251222,14,36,1,6,1,59000,0.05,56000,12000,44000
SO106507,20251222,14,131,6,9,2,59000,0.0,118000,24000,94000
SO102414,20251223,20,164,12,8,3,129000,0.1,348300,165000,183300
SO101595,20251223,9,291,14,1,1,349000,0.05,331600,190000,141600
SO109271,20251223,19,273,2,2,4,169000,0.05,642200,300000,342200
SO108623,20251223,12,193,1,11,4,299000,0.0,1196000,480000,716000
SO102662,20251223,11,290,14,4,4,199000,0.0,796000,340000,456000
SO101288,20251223,14,20,1,12,2,59000,0.05,112100,24000,88100
SO110399,20251223,11,76,9,6,5,199000,0.05,945200,425000,520200
SO109861,20251223,20,102,1,5,2,129000,0.05,245100,110000,135100
SO107505,20251223,19,8,8,2,3,169000,0.0,507000,225000,282000
SO106147,20251223,7,112,4,10,1,499000,0.0,499000,280000,219000
SO109201,20251223,11,155,8,10,5,199000,0.05,945200,425000,520200
SO102788,20251223,20,174,4,9,5,129000,0.0,645000,275000,370000
SO111914,20251223,19,75,12,7,1,169000,0.0,169000,75000,94000
SO106726,20251223,11,203,14,11,1,199000,0.0,199000,85000,114000
SO105810,20251223,8,108,4,1,5,799000,0.0,3995000,2100000,1895000
SO110203,20251223,20,61,11,10,5,129000,0.1,580500,275000,305500
SO100952,20251223,11,138,8,7,5,199000,0.05,945200,425000,520200
SO100890,20251223,19,219,7,7,3,169000,0.1,456300,225000,231300
SO109344,20251224,14,54,12,1,1,59000,0.0,59000,12000,47000
SO101695,20251224,19,81,17,6,3,169000,0.0,507000,225000,282000
SO102858,20251224,16,291,14,3,3,1599000,0.0,4797000,2760000,2037000
SO109686,20251224,11,287,6,8,4,199000,0.0,796000,340000,456000
SO111266,20251224,13,72,6,6,1,89000,0.1,80100,25000,55100
SO111941,20251224,1,82,3,11,1,13999000,0.0,13999000,9800000,4199000
SO106131,20251224,7,282,14,6,4,499000,0.0,1996000,1120000,876000
SO103659,20251224,13,1,2,3,2,89000,0.0,178000,50000,128000
SO105553,20251224,17,133,1,5,2,329000,0.05,625100,300000,325100
SO101260,20251224,7,276,7,1,2,499000,0.05,948100,560000,388100
SO103444,20251224,11,293,17,3,3,199000,0.1,537300,255000,282300
SO107543,20251224,20,15,7,3,4,129000,0.05,490200,220000,270200
SO106981,20251224,5,175,15,5,2,3999000,0.0,7998000,5800000,2198000
SO104062,20251225,18,89,3,12,4,649000,0.05,2466200,1280000,1186200
SO105743,20251225,13,56,7,8,3,89000,0.0,267000,75000,192000
SO101619,20251225,17,61,11,12,3,329000,0.05,937600,450000,487600
SO105195,20251225,11,275,3,6,1,199000,0.0,199000,85000,114000
SO105101,20251225,7,288,2,10,4,499000,0.05,1896200,1120000,776200
SO107628,20251225,12,166,4,5,4,299000,0.1,1076400,480000,596400
SO110905,20251225,8,125,1,5,3,799000,0.0,2397000,1260000,1137000
SO105391,20251225,8,167,4,2,3,799000,0.0,2397000,1260000,1137000
SO101034,20251225,19,78,1,11,4,169000,0.0,676000,300000,376000
SO105077,20251225,3,62,14,1,1,1999000,0.0,1999000,1450000,549000
SO106995,20251225,2,189,18,6,3,4499000,0.1,12147300,9300000,2847300
SO110979,20251225,9,113,15,3,4,349000,0.0,1396000,760000,636000
SO100668,20251225,14,235,15,5,1,59000,0.15,50200,12000,38200
SO101671,20251225,11,136,11,9,1,199000,0.0,199000,85000,114000
SO109534,20251225,11,217,8,11,2,199000,0.0,398000,170000,228000
SO100764,20251225,13,39,6,10,3,89000,0.05,253600,75000,178600
SO100089,20251225,6,242,13,3,5,2199000,0.0,10995000,6750000,4245000
SO103462,20251225,17,225,7,11,5,329000,0.0,1645000,750000,895000
SO102356,20251225,9,97,1,2,2,349000,0.0,698000,380000,318000
SO111470,20251225,9,191,8,12,4,349000,0.1,1256400,760000,496400
SO102890,20251225,5,159,4,1,2,3999000,0.0,7998000,5800000,2198000
SO105374,20251226,19,12,6,3,2,169000,0.1,304200,150000,154200
SO103370,20251226,12,269,15,9,1,299000,0.0,299000,120000,179000
SO107713,20251226,19,42,7,3,3,169000,0.1,456300,225000,231300
SO107950,20251226,8,212,1,4,2,799000,0.0,1598000,840000,758000
SO101297,20251226,9,252,7,5,5,349000,0.0,1745000,950000,795000
SO106572,20251226,7,230,8,9,3,499000,0.0,1497000,840000,657000
SO107564,20251226,13,188,1,1,1,89000,0.0,89000,25000,64000
SO108183,20251226,13,186,3,4,2,89000,0.0,178000,50000,128000
SO104198,20251226,13,273,2,7,3,89000,0.0,267000,75000,192000
SO106328,20251226,18,133,1,3,1,649000,0.0,649000,320000,329000
SO104832,20251226,12,77,1,6,5,299000,0.1,1345500,600000,745500
SO102614,20251226,13,37,12,3,5,89000,0.0,445000,125000,320000
SO110855,20251226,20,154,2,4,5,129000,0.0,645000,275000,370000
SO111836,20251226,20,175,15,6,1,129000,0.0,129000,55000,74000
SO100031,20251226,7,204,3,8,1,499000,0.0,499000,280000,219000
SO105433,20251226,20,91,14,12,3,129000,0.0,387000,165000,222000
SO106563,20251226,19,122,18,3,1,169000,0.0,169000,75000,94000
SO109564,20251226,18,136,11,3,3,649000,0.05,1849600,960000,889600
SO105979,20251227,17,142,8,11,4,329000,0.05,1250200,600000,650200
SO104936,20251227,13,294,8,10,5,89000,0.0,445000,125000,320000
SO108634,20251227,19,60,1,4,1,169000,0.05,160600,75000,85600
SO101009,20251227,9,232,5,10,1,349000,0.0,349000,190000,159000
SO100520,20251227,1,258,2,9,3,13999000,0.1,37797300,29400000,8397300
SO110644,20251227,13,198,9,11,5,89000,0.1,400500,125000,275500
SO101552,20251227,14,65,8,3,2,59000,0.0,118000,24000,94000
SO110473,20251227,19,143,9,11,1,169000,0.0,169000,75000,94000
SO107923,20251227,20,41,3,2,3,129000,0.05,367600,165000,202600
SO100285,20251227,2,262,1,12,1,4499000,0.0,4499000,3100000,1399000
SO108119,20251227,18,281,3,1,2,649000,0.0,1298000,640000,658000
SO110561,20251227,14,18,18,8,1,59000,0.0,59000,12000,47000
SO100763,20251227,19,157,12,8,4,169000,0.0,676000,300000,376000
SO110505,20251227,11,52,3,9,3,199000,0.05,567200,255000,312200
SO109390,20251227,17,112,4,12,1,329000,0.0,329000,150000,179000
SO111981,20251227,13,168,4,1,3,89000,0.0,267000,75000,192000
SO110133,20251227,15,45,8,12,1,899000,0.1,809100,480000,329100
SO111069,20251227,16,173,15,12,5,1599000,0.0,7995000,4600000,3395000
SO111637,20251228,14,101,2,6,2,59000,0.15,100300,24000,76300
SO110977,20251228,14,159,4,1,2,59000,0.0,118000,24000,94000
SO101471,20251228,20,77,1,8,1,129000,0.0,129000,55000,74000
SO103190,20251228,3,25,12,6,3,1999000,0.0,5997000,4350000,1647000
SO109934,20251228,7,297,4,3,4,499000,0.0,1996000,1120000,876000
SO107959,20251228,10,227,1,6,3,599000,0.0,1797000,930000,867000
SO101212,20251228,3,179,2,10,4,1999000,0.1,7196400,5800000,1396400
SO104752,20251228,13,25,12,5,2,89000,0.0,178000,50000,128000
SO103547,20251228,12,166,4,6,3,299000,0.0,897000,360000,537000
SO104683,20251228,19,32,7,11,1,169000,0.15,143600,75000,68600
SO100480,20251228,19,188,1,1,2,169000,0.05,321100,150000,171100
SO101049,20251228,20,67,3,4,4,129000,0.0,516000,220000,296000
SO104682,20251228,9,292,11,3,4,349000,0.0,1396000,760000,636000
SO107144,20251228,7,248,1,6,2,499000,0.0,998000,560000,438000
SO108853,20251228,11,165,9,10,1,199000,0.0,199000,85000,114000
SO104875,20251228,19,91,14,3,3,169000,0.05,481600,225000,256600
SO103996,20251228,19,239,5,4,4,169000,0.0,676000,300000,376000
SO105752,20251228,11,212,1,2,5,199000,0.0,995000,425000,570000
SO100379,20251228,14,245,3,4,5,59000,0.0,295000,60000,235000
SO111261,20251228,7,115,4,2,2,499000,0.05,948100,560000,388100
SO110763,20251228,12,216,2,1,1,299000,0.0,299000,120000,179000
SO111741,20251229,10,118,2,8,4,599000,0.05,2276200,1240000,1036200
SO101805,20251229,12,73,1,2,3,299000,0.0,897000,360000,537000
SO108569,20251229,16,216,2,11,5,1599000,0.0,7995000,4600000,3395000
SO104273,20251229,13,104,12,4,2,89000,0.1,160200,50000,110200
SO100161,20251229,19,99,3,12,1,169000,0.0,169000,75000,94000
SO102891,20251229,13,88,6,8,4,89000,0.1,320400,100000,220400
SO102044,20251229,3,225,7,12,1,1999000,0.0,1999000,1450000,549000
SO103074,20251229,12,120,12,6,3,299000,0.1,807300,360000,447300
SO109337,20251229,10,125,1,5,4,599000,0.0,2396000,1240000,1156000
SO103586,20251229,12,104,12,6,2,299000,0.0,598000,240000,358000
SO104619,20251229,14,15,7,1,1,59000,0.0,59000,12000,47000
SO103394,20251229,14,196,1,10,1,59000,0.0,59000,12000,47000
SO104945,20251229,10,249,1,11,4,599000,0.0,2396000,1240000,1156000
SO103026,20251229,14,252,7,3,3,59000,0.0,177000,36000,141000
SO109776,20251229,11,222,15,11,2,199000,0.05,378100,170000,208100
SO106582,20251229,8,213,6,11,2,799000,0.05,1518100,840000,678100
SO108925,20251229,20,126,1,7,4,129000,0.0,516000,220000,296000
SO109627,20251230,14,169,5,12,1,59000,0.0,59000,12000,47000
SO106489,20251230,10,136,11,4,1,599000,0.0,599000,310000,289000
SO106502,20251230,13,226,11,9,1,89000,0.1,80100,25000,55100
SO110715,20251230,12,80,1,8,2,299000,0.0,598000,240000,358000
SO106027,20251230,19,118,2,8,4,169000,0.0,676000,300000,376000
SO103683,20251230,19,218,3,10,5,169000,0.0,845000,375000,470000
SO108128,20251230,13,112,4,6,1,89000,0.0,89000,25000,64000
SO102449,20251230,11,129,1,8,1,199000,0.0,199000,85000,114000
SO108077,20251230,20,105,2,8,1,129000,0.0,129000,55000,74000
SO110413,20251230,16,109,3,2,2,1599000,0.05,3038100,1840000,1198100
SO101342,20251230,9,142,8,8,3,349000,0.0,1047000,570000,477000
SO103204,20251230,13,70,8,7,3,89000,0.0,267000,75000,192000
SO102497,20251230,3,135,1,2,2,1999000,0.0,3998000,2900000,1098000
SO111330,20251230,20,113,15,5,3,129000,0.0,387000,165000,222000
SO103172,20251230,20,164,12,1,5,129000,0.0,645000,275000,370000
SO111026,20251230,19,154,2,9,1,169000,0.0,169000,75000,94000
SO101702,20251230,4,21,18,3,4,8999000,0.0,35996000,24800000,11196000
SO102776,20251231,20,233,7,8,2,129000,0.0,258000,110000,148000
SO109215,20251231,18,168,4,1,3,649000,0.1,1752300,960000,792300
SO109987,20251231,12,207,18,1,1,299000,0.0,299000,120000,179000
SO111198,20251231,14,181,1,1,3,59000,0.05,168200,36000,132200
SO103947,20251231,20,297,4,2,3,129000,0.0,387000,165000,222000
SO101112,20251231,18,299,1,5,1,649000,0.0,649000,320000,329000
SO104208,20251231,11,45,8,3,3,199000,0.0,597000,255000,342000
SO106054,20251231,7,21,18,5,5,499000,0.1,2245500,1400000,845500
SO103791,20251231,18,250,7,11,3,649000,0.05,1849600,960000,889600
SO101822,20251231,13,271,2,2,2,89000,0.0,178000,50000,128000
SO105427,20251231,12,79,8,9,4,299000,0.0,1196000,480000,716000
SO100010,20251231,18,163,14,3,2,649000,0.05,1233100,640000,593100
SO100757,20251231,14,94,3,4,5,59000,0.05,280200,60000,220200
SO102205,20251231,10,253,1,9,4,599000,0.0,2396000,1240000,1156000
SO100462,20251231,2,22,6,3,1,4499000,0.05,4274000,3100000,1174000
SO108278,20251231,20,277,1,10,5,129000,0.0,645000,275000,370000
SO110918,20251231,18,21,18,4,4,649000,0.1,2336400,1280000,1056400
SO109889,20251231,9,23,1,12,3,349000,0.0,1047000,570000,477000
SO104381,20251231,14,244,7,8,5,59000,0.05,280200,60000,220200
SO110839,20251231,11,217,8,8,1,199000,0.0,199000,85000,114000
SO106300,20251231,19,133,1,4,3,169000,0.0,507000,225000,282000
SO108936,20251231,13,266,1,12,2,89000,0.0,178000,50000,128000
SO106393,20251231,18,145,14,12,2,649000,0.0,1298000,640000,658000
SO108384,20251231,10,231,18,11,1,599000,0.05,569000,310000,259000
SO105496,20251231,5,277,1,4,3,3999000,0.0,11997000,8700000,3297000
SO100032,20251231,14,50,9,10,1,59000,0.05,56000,12000,44000
